[1.687s] DEBUG:colcon:Command line arguments: ['/usr/bin/colcon', 'build', '--packages-select', 'mars', 'mars_orders']
[1.687s] DEBUG:colcon:Parsed command line arguments: Namespace(log_base=None, log_level=None, verb_name='build', build_base='build', install_base='install', merge_install=False, symlink_install=False, test_result_base=None, continue_on_error=False, executor='parallel', parallel_workers=12, event_handlers=None, ignore_user_meta=False, metas=['./colcon.meta'], base_paths=['.'], packages_ignore=None, packages_ignore_regex=None, paths=None, packages_up_to=None, packages_up_to_regex=None, packages_above=None, packages_above_and_dependencies=None, packages_above_depth=None, packages_select_by_dep=None, packages_skip_by_dep=None, packages_skip_up_to=None, packages_select_build_failed=False, packages_skip_build_finished=False, packages_select_test_failures=False, packages_skip_test_passed=False, packages_select=['mars', 'mars_orders'], packages_skip=None, packages_select_regex=None, packages_skip_regex=None, packages_start=None, packages_end=None, allow_overriding=[], cmake_args=None, cmake_target=None, cmake_target_skip_unavailable=False, cmake_clean_cache=False, cmake_clean_first=False, cmake_force_configure=False, ament_cmake_args=None, catkin_cmake_args=None, catkin_skip_building_tests=False, mixin_files=None, mixin=None, verb_parser=<colcon_mixin.mixin.mixin_argument.MixinArgumentDecorator object at 0x772b18e9d7c0>, verb_extension=<colcon_core.verb.build.BuildVerb object at 0x772b18e9d3d0>, main=<bound method BuildVerb.main of <colcon_core.verb.build.BuildVerb object at 0x772b18e9d3d0>>, mixin_verb=('build',))
[1.907s] Level 1:colcon.colcon_core.package_discovery:discover_packages(colcon_meta) check parameters
[1.908s] Level 1:colcon.colcon_core.package_discovery:discover_packages(recursive) check parameters
[1.908s] Level 1:colcon.colcon_core.package_discovery:discover_packages(ignore) check parameters
[1.908s] Level 1:colcon.colcon_core.package_discovery:discover_packages(path) check parameters
[1.908s] Level 1:colcon.colcon_core.package_discovery:discover_packages(colcon_meta) discover
[1.908s] Level 1:colcon.colcon_core.package_discovery:discover_packages(recursive) discover
[1.908s] INFO:colcon.colcon_core.package_discovery:Crawling recursively for packages in '/home/harsh/ros2_ws'
[1.908s] Level 1:colcon.colcon_core.package_identification:_identify(.) by extensions ['ignore', 'ignore_ament_install']
[1.908s] Level 1:colcon.colcon_core.package_identification:_identify(.) by extension 'ignore'
[1.908s] Level 1:colcon.colcon_core.package_identification:_identify(.) by extension 'ignore_ament_install'
[1.908s] Level 1:colcon.colcon_core.package_identification:_identify(.) by extensions ['colcon_pkg']
[1.908s] Level 1:colcon.colcon_core.package_identification:_identify(.) by extension 'colcon_pkg'
[1.908s] Level 1:colcon.colcon_core.package_identification:_identify(.) by extensions ['colcon_meta']
[1.908s] Level 1:colcon.colcon_core.package_identification:_identify(.) by extension 'colcon_meta'
[1.908s] Level 1:colcon.colcon_core.package_identification:_identify(.) by extensions ['ros']
[1.908s] Level 1:colcon.colcon_core.package_identification:_identify(.) by extension 'ros'
[2.069s] Level 1:colcon.colcon_core.package_identification:_identify(.) by extensions ['cmake', 'python']
[2.069s] Level 1:colcon.colcon_core.package_identification:_identify(.) by extension 'cmake'
[2.070s] Level 1:colcon.colcon_core.package_identification:_identify(.) by extension 'python'
[2.070s] Level 1:colcon.colcon_core.package_identification:_identify(.) by extensions ['python_setup_py']
[2.070s] Level 1:colcon.colcon_core.package_identification:_identify(.) by extension 'python_setup_py'
[2.070s] Level 1:colcon.colcon_core.package_identification:_identify(build) by extensions ['ignore', 'ignore_ament_install']
[2.070s] Level 1:colcon.colcon_core.package_identification:_identify(build) by extension 'ignore'
[2.070s] Level 1:colcon.colcon_core.package_identification:_identify(build) ignored
[2.070s] Level 1:colcon.colcon_core.package_identification:_identify(install) by extensions ['ignore', 'ignore_ament_install']
[2.070s] Level 1:colcon.colcon_core.package_identification:_identify(install) by extension 'ignore'
[2.070s] Level 1:colcon.colcon_core.package_identification:_identify(install) ignored
[2.070s] Level 1:colcon.colcon_core.package_identification:_identify(log) by extensions ['ignore', 'ignore_ament_install']
[2.070s] Level 1:colcon.colcon_core.package_identification:_identify(log) by extension 'ignore'
[2.070s] Level 1:colcon.colcon_core.package_identification:_identify(log) ignored
[2.070s] Level 1:colcon.colcon_core.package_identification:_identify(mars_website) by extensions ['ignore', 'ignore_ament_install']
[2.070s] Level 1:colcon.colcon_core.package_identification:_identify(mars_website) by extension 'ignore'
[2.070s] Level 1:colcon.colcon_core.package_identification:_identify(mars_website) by extension 'ignore_ament_install'
[2.070s] Level 1:colcon.colcon_core.package_identification:_identify(mars_website) by extensions ['colcon_pkg']
[2.070s] Level 1:colcon.colcon_core.package_identification:_identify(mars_website) by extension 'colcon_pkg'
[2.070s] Level 1:colcon.colcon_core.package_identification:_identify(mars_website) by extensions ['colcon_meta']
[2.070s] Level 1:colcon.colcon_core.package_identification:_identify(mars_website) by extension 'colcon_meta'
[2.070s] Level 1:colcon.colcon_core.package_identification:_identify(mars_website) by extensions ['ros']
[2.070s] Level 1:colcon.colcon_core.package_identification:_identify(mars_website) by extension 'ros'
[2.070s] Level 1:colcon.colcon_core.package_identification:_identify(mars_website) by extensions ['cmake', 'python']
[2.070s] Level 1:colcon.colcon_core.package_identification:_identify(mars_website) by extension 'cmake'
[2.070s] Level 1:colcon.colcon_core.package_identification:_identify(mars_website) by extension 'python'
[2.070s] Level 1:colcon.colcon_core.package_identification:_identify(mars_website) by extensions ['python_setup_py']
[2.070s] Level 1:colcon.colcon_core.package_identification:_identify(mars_website) by extension 'python_setup_py'
[2.070s] Level 1:colcon.colcon_core.package_identification:_identify(mars_website/db) by extensions ['ignore', 'ignore_ament_install']
[2.070s] Level 1:colcon.colcon_core.package_identification:_identify(mars_website/db) by extension 'ignore'
[2.070s] Level 1:colcon.colcon_core.package_identification:_identify(mars_website/db) by extension 'ignore_ament_install'
[2.071s] Level 1:colcon.colcon_core.package_identification:_identify(mars_website/db) by extensions ['colcon_pkg']
[2.071s] Level 1:colcon.colcon_core.package_identification:_identify(mars_website/db) by extension 'colcon_pkg'
[2.071s] Level 1:colcon.colcon_core.package_identification:_identify(mars_website/db) by extensions ['colcon_meta']
[2.071s] Level 1:colcon.colcon_core.package_identification:_identify(mars_website/db) by extension 'colcon_meta'
[2.071s] Level 1:colcon.colcon_core.package_identification:_identify(mars_website/db) by extensions ['ros']
[2.071s] Level 1:colcon.colcon_core.package_identification:_identify(mars_website/db) by extension 'ros'
[2.071s] Level 1:colcon.colcon_core.package_identification:_identify(mars_website/db) by extensions ['cmake', 'python']
[2.071s] Level 1:colcon.colcon_core.package_identification:_identify(mars_website/db) by extension 'cmake'
[2.071s] Level 1:colcon.colcon_core.package_identification:_identify(mars_website/db) by extension 'python'
[2.071s] Level 1:colcon.colcon_core.package_identification:_identify(mars_website/db) by extensions ['python_setup_py']
[2.071s] Level 1:colcon.colcon_core.package_identification:_identify(mars_website/db) by extension 'python_setup_py'
[2.071s] Level 1:colcon.colcon_core.package_identification:_identify(mars_website/node_modules) by extensions ['ignore', 'ignore_ament_install']
[2.071s] Level 1:colcon.colcon_core.package_identification:_identify(mars_website/node_modules) by extension 'ignore'
[2.071s] Level 1:colcon.colcon_core.package_identification:_identify(mars_website/node_modules) by extension 'ignore_ament_install'
[2.071s] Level 1:colcon.colcon_core.package_identification:_identify(mars_website/node_modules) by extensions ['colcon_pkg']
[2.071s] Level 1:colcon.colcon_core.package_identification:_identify(mars_website/node_modules) by extension 'colcon_pkg'
[2.071s] Level 1:colcon.colcon_core.package_identification:_identify(mars_website/node_modules) by extensions ['colcon_meta']
[2.071s] Level 1:colcon.colcon_core.package_identification:_identify(mars_website/node_modules) by extension 'colcon_meta'
[2.071s] Level 1:colcon.colcon_core.package_identification:_identify(mars_website/node_modules) by extensions ['ros']
[2.071s] Level 1:colcon.colcon_core.package_identification:_identify(mars_website/node_modules) by extension 'ros'
[2.071s] Level 1:colcon.colcon_core.package_identification:_identify(mars_website/node_modules) by extensions ['cmake', 'python']
[2.071s] Level 1:colcon.colcon_core.package_identification:_identify(mars_website/node_modules) by extension 'cmake'
[2.071s] Level 1:colcon.colcon_core.package_identification:_identify(mars_website/node_modules) by extension 'python'
[2.071s] Level 1:colcon.colcon_core.package_identification:_identify(mars_website/node_modules) by extensions ['python_setup_py']
[2.071s] Level 1:colcon.colcon_core.package_identification:_identify(mars_website/node_modules) by extension 'python_setup_py'
[2.071s] Level 1:colcon.colcon_core.package_identification:_identify(mars_website/node_modules/@mongodb-js) by extensions ['ignore', 'ignore_ament_install']
[2.071s] Level 1:colcon.colcon_core.package_identification:_identify(mars_website/node_modules/@mongodb-js) by extension 'ignore'
[2.071s] Level 1:colcon.colcon_core.package_identification:_identify(mars_website/node_modules/@mongodb-js) by extension 'ignore_ament_install'
[2.071s] Level 1:colcon.colcon_core.package_identification:_identify(mars_website/node_modules/@mongodb-js) by extensions ['colcon_pkg']
[2.071s] Level 1:colcon.colcon_core.package_identification:_identify(mars_website/node_modules/@mongodb-js) by extension 'colcon_pkg'
[2.071s] Level 1:colcon.colcon_core.package_identification:_identify(mars_website/node_modules/@mongodb-js) by extensions ['colcon_meta']
[2.071s] Level 1:colcon.colcon_core.package_identification:_identify(mars_website/node_modules/@mongodb-js) by extension 'colcon_meta'
[2.071s] Level 1:colcon.colcon_core.package_identification:_identify(mars_website/node_modules/@mongodb-js) by extensions ['ros']
[2.071s] Level 1:colcon.colcon_core.package_identification:_identify(mars_website/node_modules/@mongodb-js) by extension 'ros'
[2.071s] Level 1:colcon.colcon_core.package_identification:_identify(mars_website/node_modules/@mongodb-js) by extensions ['cmake', 'python']
[2.071s] Level 1:colcon.colcon_core.package_identification:_identify(mars_website/node_modules/@mongodb-js) by extension 'cmake'
[2.071s] Level 1:colcon.colcon_core.package_identification:_identify(mars_website/node_modules/@mongodb-js) by extension 'python'
[2.071s] Level 1:colcon.colcon_core.package_identification:_identify(mars_website/node_modules/@mongodb-js) by extensions ['python_setup_py']
[2.071s] Level 1:colcon.colcon_core.package_identification:_identify(mars_website/node_modules/@mongodb-js) by extension 'python_setup_py'
[2.071s] Level 1:colcon.colcon_core.package_identification:_identify(mars_website/node_modules/@mongodb-js/saslprep) by extensions ['ignore', 'ignore_ament_install']
[2.071s] Level 1:colcon.colcon_core.package_identification:_identify(mars_website/node_modules/@mongodb-js/saslprep) by extension 'ignore'
[2.071s] Level 1:colcon.colcon_core.package_identification:_identify(mars_website/node_modules/@mongodb-js/saslprep) by extension 'ignore_ament_install'
[2.071s] Level 1:colcon.colcon_core.package_identification:_identify(mars_website/node_modules/@mongodb-js/saslprep) by extensions ['colcon_pkg']
[2.071s] Level 1:colcon.colcon_core.package_identification:_identify(mars_website/node_modules/@mongodb-js/saslprep) by extension 'colcon_pkg'
[2.072s] Level 1:colcon.colcon_core.package_identification:_identify(mars_website/node_modules/@mongodb-js/saslprep) by extensions ['colcon_meta']
[2.072s] Level 1:colcon.colcon_core.package_identification:_identify(mars_website/node_modules/@mongodb-js/saslprep) by extension 'colcon_meta'
[2.072s] Level 1:colcon.colcon_core.package_identification:_identify(mars_website/node_modules/@mongodb-js/saslprep) by extensions ['ros']
[2.072s] Level 1:colcon.colcon_core.package_identification:_identify(mars_website/node_modules/@mongodb-js/saslprep) by extension 'ros'
[2.072s] Level 1:colcon.colcon_core.package_identification:_identify(mars_website/node_modules/@mongodb-js/saslprep) by extensions ['cmake', 'python']
[2.072s] Level 1:colcon.colcon_core.package_identification:_identify(mars_website/node_modules/@mongodb-js/saslprep) by extension 'cmake'
[2.072s] Level 1:colcon.colcon_core.package_identification:_identify(mars_website/node_modules/@mongodb-js/saslprep) by extension 'python'
[2.072s] Level 1:colcon.colcon_core.package_identification:_identify(mars_website/node_modules/@mongodb-js/saslprep) by extensions ['python_setup_py']
[2.072s] Level 1:colcon.colcon_core.package_identification:_identify(mars_website/node_modules/@mongodb-js/saslprep) by extension 'python_setup_py'
[2.072s] Level 1:colcon.colcon_core.package_identification:_identify(mars_website/node_modules/@mongodb-js/saslprep/dist) by extensions ['ignore', 'ignore_ament_install']
[2.072s] Level 1:colcon.colcon_core.package_identification:_identify(mars_website/node_modules/@mongodb-js/saslprep/dist) by extension 'ignore'
[2.072s] Level 1:colcon.colcon_core.package_identification:_identify(mars_website/node_modules/@mongodb-js/saslprep/dist) by extension 'ignore_ament_install'
[2.072s] Level 1:colcon.colcon_core.package_identification:_identify(mars_website/node_modules/@mongodb-js/saslprep/dist) by extensions ['colcon_pkg']
[2.072s] Level 1:colcon.colcon_core.package_identification:_identify(mars_website/node_modules/@mongodb-js/saslprep/dist) by extension 'colcon_pkg'
[2.072s] Level 1:colcon.colcon_core.package_identification:_identify(mars_website/node_modules/@mongodb-js/saslprep/dist) by extensions ['colcon_meta']
[2.072s] Level 1:colcon.colcon_core.package_identification:_identify(mars_website/node_modules/@mongodb-js/saslprep/dist) by extension 'colcon_meta'
[2.072s] Level 1:colcon.colcon_core.package_identification:_identify(mars_website/node_modules/@mongodb-js/saslprep/dist) by extensions ['ros']
[2.072s] Level 1:colcon.colcon_core.package_identification:_identify(mars_website/node_modules/@mongodb-js/saslprep/dist) by extension 'ros'
[2.072s] Level 1:colcon.colcon_core.package_identification:_identify(mars_website/node_modules/@mongodb-js/saslprep/dist) by extensions ['cmake', 'python']
[2.072s] Level 1:colcon.colcon_core.package_identification:_identify(mars_website/node_modules/@mongodb-js/saslprep/dist) by extension 'cmake'
[2.072s] Level 1:colcon.colcon_core.package_identification:_identify(mars_website/node_modules/@mongodb-js/saslprep/dist) by extension 'python'
[2.072s] Level 1:colcon.colcon_core.package_identification:_identify(mars_website/node_modules/@mongodb-js/saslprep/dist) by extensions ['python_setup_py']
[2.072s] Level 1:colcon.colcon_core.package_identification:_identify(mars_website/node_modules/@mongodb-js/saslprep/dist) by extension 'python_setup_py'
[2.072s] Level 1:colcon.colcon_core.package_identification:_identify(mars_website/node_modules/@types) by extensions ['ignore', 'ignore_ament_install']
[2.072s] Level 1:colcon.colcon_core.package_identification:_identify(mars_website/node_modules/@types) by extension 'ignore'
[2.072s] Level 1:colcon.colcon_core.package_identification:_identify(mars_website/node_modules/@types) by extension 'ignore_ament_install'
[2.072s] Level 1:colcon.colcon_core.package_identification:_identify(mars_website/node_modules/@types) by extensions ['colcon_pkg']
[2.072s] Level 1:colcon.colcon_core.package_identification:_identify(mars_website/node_modules/@types) by extension 'colcon_pkg'
[2.072s] Level 1:colcon.colcon_core.package_identification:_identify(mars_website/node_modules/@types) by extensions ['colcon_meta']
[2.072s] Level 1:colcon.colcon_core.package_identification:_identify(mars_website/node_modules/@types) by extension 'colcon_meta'
[2.072s] Level 1:colcon.colcon_core.package_identification:_identify(mars_website/node_modules/@types) by extensions ['ros']
[2.072s] Level 1:colcon.colcon_core.package_identification:_identify(mars_website/node_modules/@types) by extension 'ros'
[2.072s] Level 1:colcon.colcon_core.package_identification:_identify(mars_website/node_modules/@types) by extensions ['cmake', 'python']
[2.072s] Level 1:colcon.colcon_core.package_identification:_identify(mars_website/node_modules/@types) by extension 'cmake'
[2.072s] Level 1:colcon.colcon_core.package_identification:_identify(mars_website/node_modules/@types) by extension 'python'
[2.072s] Level 1:colcon.colcon_core.package_identification:_identify(mars_website/node_modules/@types) by extensions ['python_setup_py']
[2.072s] Level 1:colcon.colcon_core.package_identification:_identify(mars_website/node_modules/@types) by extension 'python_setup_py'
[2.072s] Level 1:colcon.colcon_core.package_identification:_identify(mars_website/node_modules/@types/webidl-conversions) by extensions ['ignore', 'ignore_ament_install']
[2.072s] Level 1:colcon.colcon_core.package_identification:_identify(mars_website/node_modules/@types/webidl-conversions) by extension 'ignore'
[2.072s] Level 1:colcon.colcon_core.package_identification:_identify(mars_website/node_modules/@types/webidl-conversions) by extension 'ignore_ament_install'
[2.073s] Level 1:colcon.colcon_core.package_identification:_identify(mars_website/node_modules/@types/webidl-conversions) by extensions ['colcon_pkg']
[2.073s] Level 1:colcon.colcon_core.package_identification:_identify(mars_website/node_modules/@types/webidl-conversions) by extension 'colcon_pkg'
[2.073s] Level 1:colcon.colcon_core.package_identification:_identify(mars_website/node_modules/@types/webidl-conversions) by extensions ['colcon_meta']
[2.073s] Level 1:colcon.colcon_core.package_identification:_identify(mars_website/node_modules/@types/webidl-conversions) by extension 'colcon_meta'
[2.073s] Level 1:colcon.colcon_core.package_identification:_identify(mars_website/node_modules/@types/webidl-conversions) by extensions ['ros']
[2.073s] Level 1:colcon.colcon_core.package_identification:_identify(mars_website/node_modules/@types/webidl-conversions) by extension 'ros'
[2.073s] Level 1:colcon.colcon_core.package_identification:_identify(mars_website/node_modules/@types/webidl-conversions) by extensions ['cmake', 'python']
[2.073s] Level 1:colcon.colcon_core.package_identification:_identify(mars_website/node_modules/@types/webidl-conversions) by extension 'cmake'
[2.073s] Level 1:colcon.colcon_core.package_identification:_identify(mars_website/node_modules/@types/webidl-conversions) by extension 'python'
[2.073s] Level 1:colcon.colcon_core.package_identification:_identify(mars_website/node_modules/@types/webidl-conversions) by extensions ['python_setup_py']
[2.073s] Level 1:colcon.colcon_core.package_identification:_identify(mars_website/node_modules/@types/webidl-conversions) by extension 'python_setup_py'
[2.073s] Level 1:colcon.colcon_core.package_identification:_identify(mars_website/node_modules/@types/whatwg-url) by extensions ['ignore', 'ignore_ament_install']
[2.073s] Level 1:colcon.colcon_core.package_identification:_identify(mars_website/node_modules/@types/whatwg-url) by extension 'ignore'
[2.073s] Level 1:colcon.colcon_core.package_identification:_identify(mars_website/node_modules/@types/whatwg-url) by extension 'ignore_ament_install'
[2.073s] Level 1:colcon.colcon_core.package_identification:_identify(mars_website/node_modules/@types/whatwg-url) by extensions ['colcon_pkg']
[2.073s] Level 1:colcon.colcon_core.package_identification:_identify(mars_website/node_modules/@types/whatwg-url) by extension 'colcon_pkg'
[2.073s] Level 1:colcon.colcon_core.package_identification:_identify(mars_website/node_modules/@types/whatwg-url) by extensions ['colcon_meta']
[2.073s] Level 1:colcon.colcon_core.package_identification:_identify(mars_website/node_modules/@types/whatwg-url) by extension 'colcon_meta'
[2.073s] Level 1:colcon.colcon_core.package_identification:_identify(mars_website/node_modules/@types/whatwg-url) by extensions ['ros']
[2.073s] Level 1:colcon.colcon_core.package_identification:_identify(mars_website/node_modules/@types/whatwg-url) by extension 'ros'
[2.073s] Level 1:colcon.colcon_core.package_identification:_identify(mars_website/node_modules/@types/whatwg-url) by extensions ['cmake', 'python']
[2.073s] Level 1:colcon.colcon_core.package_identification:_identify(mars_website/node_modules/@types/whatwg-url) by extension 'cmake'
[2.073s] Level 1:colcon.colcon_core.package_identification:_identify(mars_website/node_modules/@types/whatwg-url) by extension 'python'
[2.073s] Level 1:colcon.colcon_core.package_identification:_identify(mars_website/node_modules/@types/whatwg-url) by extensions ['python_setup_py']
[2.073s] Level 1:colcon.colcon_core.package_identification:_identify(mars_website/node_modules/@types/whatwg-url) by extension 'python_setup_py'
[2.073s] Level 1:colcon.colcon_core.package_identification:_identify(mars_website/node_modules/@types/whatwg-url/lib) by extensions ['ignore', 'ignore_ament_install']
[2.073s] Level 1:colcon.colcon_core.package_identification:_identify(mars_website/node_modules/@types/whatwg-url/lib) by extension 'ignore'
[2.073s] Level 1:colcon.colcon_core.package_identification:_identify(mars_website/node_modules/@types/whatwg-url/lib) by extension 'ignore_ament_install'
[2.073s] Level 1:colcon.colcon_core.package_identification:_identify(mars_website/node_modules/@types/whatwg-url/lib) by extensions ['colcon_pkg']
[2.073s] Level 1:colcon.colcon_core.package_identification:_identify(mars_website/node_modules/@types/whatwg-url/lib) by extension 'colcon_pkg'
[2.073s] Level 1:colcon.colcon_core.package_identification:_identify(mars_website/node_modules/@types/whatwg-url/lib) by extensions ['colcon_meta']
[2.073s] Level 1:colcon.colcon_core.package_identification:_identify(mars_website/node_modules/@types/whatwg-url/lib) by extension 'colcon_meta'
[2.073s] Level 1:colcon.colcon_core.package_identification:_identify(mars_website/node_modules/@types/whatwg-url/lib) by extensions ['ros']
[2.073s] Level 1:colcon.colcon_core.package_identification:_identify(mars_website/node_modules/@types/whatwg-url/lib) by extension 'ros'
[2.073s] Level 1:colcon.colcon_core.package_identification:_identify(mars_website/node_modules/@types/whatwg-url/lib) by extensions ['cmake', 'python']
[2.073s] Level 1:colcon.colcon_core.package_identification:_identify(mars_website/node_modules/@types/whatwg-url/lib) by extension 'cmake'
[2.073s] Level 1:colcon.colcon_core.package_identification:_identify(mars_website/node_modules/@types/whatwg-url/lib) by extension 'python'
[2.073s] Level 1:colcon.colcon_core.package_identification:_identify(mars_website/node_modules/@types/whatwg-url/lib) by extensions ['python_setup_py']
[2.073s] Level 1:colcon.colcon_core.package_identification:_identify(mars_website/node_modules/@types/whatwg-url/lib) by extension 'python_setup_py'
[2.073s] Level 1:colcon.colcon_core.package_identification:_identify(mars_website/node_modules/bson) by extensions ['ignore', 'ignore_ament_install']
[2.073s] Level 1:colcon.colcon_core.package_identification:_identify(mars_website/node_modules/bson) by extension 'ignore'
[2.073s] Level 1:colcon.colcon_core.package_identification:_identify(mars_website/node_modules/bson) by extension 'ignore_ament_install'
[2.073s] Level 1:colcon.colcon_core.package_identification:_identify(mars_website/node_modules/bson) by extensions ['colcon_pkg']
[2.073s] Level 1:colcon.colcon_core.package_identification:_identify(mars_website/node_modules/bson) by extension 'colcon_pkg'
[2.073s] Level 1:colcon.colcon_core.package_identification:_identify(mars_website/node_modules/bson) by extensions ['colcon_meta']
[2.074s] Level 1:colcon.colcon_core.package_identification:_identify(mars_website/node_modules/bson) by extension 'colcon_meta'
[2.074s] Level 1:colcon.colcon_core.package_identification:_identify(mars_website/node_modules/bson) by extensions ['ros']
[2.074s] Level 1:colcon.colcon_core.package_identification:_identify(mars_website/node_modules/bson) by extension 'ros'
[2.074s] Level 1:colcon.colcon_core.package_identification:_identify(mars_website/node_modules/bson) by extensions ['cmake', 'python']
[2.074s] Level 1:colcon.colcon_core.package_identification:_identify(mars_website/node_modules/bson) by extension 'cmake'
[2.074s] Level 1:colcon.colcon_core.package_identification:_identify(mars_website/node_modules/bson) by extension 'python'
[2.074s] Level 1:colcon.colcon_core.package_identification:_identify(mars_website/node_modules/bson) by extensions ['python_setup_py']
[2.074s] Level 1:colcon.colcon_core.package_identification:_identify(mars_website/node_modules/bson) by extension 'python_setup_py'
[2.074s] Level 1:colcon.colcon_core.package_identification:_identify(mars_website/node_modules/bson/etc) by extensions ['ignore', 'ignore_ament_install']
[2.074s] Level 1:colcon.colcon_core.package_identification:_identify(mars_website/node_modules/bson/etc) by extension 'ignore'
[2.074s] Level 1:colcon.colcon_core.package_identification:_identify(mars_website/node_modules/bson/etc) by extension 'ignore_ament_install'
[2.074s] Level 1:colcon.colcon_core.package_identification:_identify(mars_website/node_modules/bson/etc) by extensions ['colcon_pkg']
[2.074s] Level 1:colcon.colcon_core.package_identification:_identify(mars_website/node_modules/bson/etc) by extension 'colcon_pkg'
[2.074s] Level 1:colcon.colcon_core.package_identification:_identify(mars_website/node_modules/bson/etc) by extensions ['colcon_meta']
[2.074s] Level 1:colcon.colcon_core.package_identification:_identify(mars_website/node_modules/bson/etc) by extension 'colcon_meta'
[2.074s] Level 1:colcon.colcon_core.package_identification:_identify(mars_website/node_modules/bson/etc) by extensions ['ros']
[2.074s] Level 1:colcon.colcon_core.package_identification:_identify(mars_website/node_modules/bson/etc) by extension 'ros'
[2.074s] Level 1:colcon.colcon_core.package_identification:_identify(mars_website/node_modules/bson/etc) by extensions ['cmake', 'python']
[2.074s] Level 1:colcon.colcon_core.package_identification:_identify(mars_website/node_modules/bson/etc) by extension 'cmake'
[2.074s] Level 1:colcon.colcon_core.package_identification:_identify(mars_website/node_modules/bson/etc) by extension 'python'
[2.074s] Level 1:colcon.colcon_core.package_identification:_identify(mars_website/node_modules/bson/etc) by extensions ['python_setup_py']
[2.074s] Level 1:colcon.colcon_core.package_identification:_identify(mars_website/node_modules/bson/etc) by extension 'python_setup_py'
[2.074s] Level 1:colcon.colcon_core.package_identification:_identify(mars_website/node_modules/bson/lib) by extensions ['ignore', 'ignore_ament_install']
[2.074s] Level 1:colcon.colcon_core.package_identification:_identify(mars_website/node_modules/bson/lib) by extension 'ignore'
[2.074s] Level 1:colcon.colcon_core.package_identification:_identify(mars_website/node_modules/bson/lib) by extension 'ignore_ament_install'
[2.074s] Level 1:colcon.colcon_core.package_identification:_identify(mars_website/node_modules/bson/lib) by extensions ['colcon_pkg']
[2.074s] Level 1:colcon.colcon_core.package_identification:_identify(mars_website/node_modules/bson/lib) by extension 'colcon_pkg'
[2.074s] Level 1:colcon.colcon_core.package_identification:_identify(mars_website/node_modules/bson/lib) by extensions ['colcon_meta']
[2.074s] Level 1:colcon.colcon_core.package_identification:_identify(mars_website/node_modules/bson/lib) by extension 'colcon_meta'
[2.074s] Level 1:colcon.colcon_core.package_identification:_identify(mars_website/node_modules/bson/lib) by extensions ['ros']
[2.074s] Level 1:colcon.colcon_core.package_identification:_identify(mars_website/node_modules/bson/lib) by extension 'ros'
[2.074s] Level 1:colcon.colcon_core.package_identification:_identify(mars_website/node_modules/bson/lib) by extensions ['cmake', 'python']
[2.074s] Level 1:colcon.colcon_core.package_identification:_identify(mars_website/node_modules/bson/lib) by extension 'cmake'
[2.074s] Level 1:colcon.colcon_core.package_identification:_identify(mars_website/node_modules/bson/lib) by extension 'python'
[2.074s] Level 1:colcon.colcon_core.package_identification:_identify(mars_website/node_modules/bson/lib) by extensions ['python_setup_py']
[2.074s] Level 1:colcon.colcon_core.package_identification:_identify(mars_website/node_modules/bson/lib) by extension 'python_setup_py'
[2.074s] Level 1:colcon.colcon_core.package_identification:_identify(mars_website/node_modules/bson/src) by extensions ['ignore', 'ignore_ament_install']
[2.074s] Level 1:colcon.colcon_core.package_identification:_identify(mars_website/node_modules/bson/src) by extension 'ignore'
[2.074s] Level 1:colcon.colcon_core.package_identification:_identify(mars_website/node_modules/bson/src) by extension 'ignore_ament_install'
[2.074s] Level 1:colcon.colcon_core.package_identification:_identify(mars_website/node_modules/bson/src) by extensions ['colcon_pkg']
[2.074s] Level 1:colcon.colcon_core.package_identification:_identify(mars_website/node_modules/bson/src) by extension 'colcon_pkg'
[2.074s] Level 1:colcon.colcon_core.package_identification:_identify(mars_website/node_modules/bson/src) by extensions ['colcon_meta']
[2.074s] Level 1:colcon.colcon_core.package_identification:_identify(mars_website/node_modules/bson/src) by extension 'colcon_meta'
[2.075s] Level 1:colcon.colcon_core.package_identification:_identify(mars_website/node_modules/bson/src) by extensions ['ros']
[2.075s] Level 1:colcon.colcon_core.package_identification:_identify(mars_website/node_modules/bson/src) by extension 'ros'
[2.075s] Level 1:colcon.colcon_core.package_identification:_identify(mars_website/node_modules/bson/src) by extensions ['cmake', 'python']
[2.075s] Level 1:colcon.colcon_core.package_identification:_identify(mars_website/node_modules/bson/src) by extension 'cmake'
[2.075s] Level 1:colcon.colcon_core.package_identification:_identify(mars_website/node_modules/bson/src) by extension 'python'
[2.075s] Level 1:colcon.colcon_core.package_identification:_identify(mars_website/node_modules/bson/src) by extensions ['python_setup_py']
[2.075s] Level 1:colcon.colcon_core.package_identification:_identify(mars_website/node_modules/bson/src) by extension 'python_setup_py'
[2.075s] Level 1:colcon.colcon_core.package_identification:_identify(mars_website/node_modules/bson/src/parser) by extensions ['ignore', 'ignore_ament_install']
[2.075s] Level 1:colcon.colcon_core.package_identification:_identify(mars_website/node_modules/bson/src/parser) by extension 'ignore'
[2.075s] Level 1:colcon.colcon_core.package_identification:_identify(mars_website/node_modules/bson/src/parser) by extension 'ignore_ament_install'
[2.075s] Level 1:colcon.colcon_core.package_identification:_identify(mars_website/node_modules/bson/src/parser) by extensions ['colcon_pkg']
[2.075s] Level 1:colcon.colcon_core.package_identification:_identify(mars_website/node_modules/bson/src/parser) by extension 'colcon_pkg'
[2.075s] Level 1:colcon.colcon_core.package_identification:_identify(mars_website/node_modules/bson/src/parser) by extensions ['colcon_meta']
[2.075s] Level 1:colcon.colcon_core.package_identification:_identify(mars_website/node_modules/bson/src/parser) by extension 'colcon_meta'
[2.075s] Level 1:colcon.colcon_core.package_identification:_identify(mars_website/node_modules/bson/src/parser) by extensions ['ros']
[2.075s] Level 1:colcon.colcon_core.package_identification:_identify(mars_website/node_modules/bson/src/parser) by extension 'ros'
[2.075s] Level 1:colcon.colcon_core.package_identification:_identify(mars_website/node_modules/bson/src/parser) by extensions ['cmake', 'python']
[2.075s] Level 1:colcon.colcon_core.package_identification:_identify(mars_website/node_modules/bson/src/parser) by extension 'cmake'
[2.075s] Level 1:colcon.colcon_core.package_identification:_identify(mars_website/node_modules/bson/src/parser) by extension 'python'
[2.075s] Level 1:colcon.colcon_core.package_identification:_identify(mars_website/node_modules/bson/src/parser) by extensions ['python_setup_py']
[2.075s] Level 1:colcon.colcon_core.package_identification:_identify(mars_website/node_modules/bson/src/parser) by extension 'python_setup_py'
[2.075s] Level 1:colcon.colcon_core.package_identification:_identify(mars_website/node_modules/bson/src/parser/on_demand) by extensions ['ignore', 'ignore_ament_install']
[2.075s] Level 1:colcon.colcon_core.package_identification:_identify(mars_website/node_modules/bson/src/parser/on_demand) by extension 'ignore'
[2.075s] Level 1:colcon.colcon_core.package_identification:_identify(mars_website/node_modules/bson/src/parser/on_demand) by extension 'ignore_ament_install'
[2.075s] Level 1:colcon.colcon_core.package_identification:_identify(mars_website/node_modules/bson/src/parser/on_demand) by extensions ['colcon_pkg']
[2.075s] Level 1:colcon.colcon_core.package_identification:_identify(mars_website/node_modules/bson/src/parser/on_demand) by extension 'colcon_pkg'
[2.075s] Level 1:colcon.colcon_core.package_identification:_identify(mars_website/node_modules/bson/src/parser/on_demand) by extensions ['colcon_meta']
[2.075s] Level 1:colcon.colcon_core.package_identification:_identify(mars_website/node_modules/bson/src/parser/on_demand) by extension 'colcon_meta'
[2.075s] Level 1:colcon.colcon_core.package_identification:_identify(mars_website/node_modules/bson/src/parser/on_demand) by extensions ['ros']
[2.075s] Level 1:colcon.colcon_core.package_identification:_identify(mars_website/node_modules/bson/src/parser/on_demand) by extension 'ros'
[2.075s] Level 1:colcon.colcon_core.package_identification:_identify(mars_website/node_modules/bson/src/parser/on_demand) by extensions ['cmake', 'python']
[2.075s] Level 1:colcon.colcon_core.package_identification:_identify(mars_website/node_modules/bson/src/parser/on_demand) by extension 'cmake'
[2.075s] Level 1:colcon.colcon_core.package_identification:_identify(mars_website/node_modules/bson/src/parser/on_demand) by extension 'python'
[2.075s] Level 1:colcon.colcon_core.package_identification:_identify(mars_website/node_modules/bson/src/parser/on_demand) by extensions ['python_setup_py']
[2.075s] Level 1:colcon.colcon_core.package_identification:_identify(mars_website/node_modules/bson/src/parser/on_demand) by extension 'python_setup_py'
[2.075s] Level 1:colcon.colcon_core.package_identification:_identify(mars_website/node_modules/bson/src/utils) by extensions ['ignore', 'ignore_ament_install']
[2.075s] Level 1:colcon.colcon_core.package_identification:_identify(mars_website/node_modules/bson/src/utils) by extension 'ignore'
[2.075s] Level 1:colcon.colcon_core.package_identification:_identify(mars_website/node_modules/bson/src/utils) by extension 'ignore_ament_install'
[2.075s] Level 1:colcon.colcon_core.package_identification:_identify(mars_website/node_modules/bson/src/utils) by extensions ['colcon_pkg']
[2.075s] Level 1:colcon.colcon_core.package_identification:_identify(mars_website/node_modules/bson/src/utils) by extension 'colcon_pkg'
[2.075s] Level 1:colcon.colcon_core.package_identification:_identify(mars_website/node_modules/bson/src/utils) by extensions ['colcon_meta']
[2.075s] Level 1:colcon.colcon_core.package_identification:_identify(mars_website/node_modules/bson/src/utils) by extension 'colcon_meta'
[2.075s] Level 1:colcon.colcon_core.package_identification:_identify(mars_website/node_modules/bson/src/utils) by extensions ['ros']
[2.075s] Level 1:colcon.colcon_core.package_identification:_identify(mars_website/node_modules/bson/src/utils) by extension 'ros'
[2.076s] Level 1:colcon.colcon_core.package_identification:_identify(mars_website/node_modules/bson/src/utils) by extensions ['cmake', 'python']
[2.076s] Level 1:colcon.colcon_core.package_identification:_identify(mars_website/node_modules/bson/src/utils) by extension 'cmake'
[2.076s] Level 1:colcon.colcon_core.package_identification:_identify(mars_website/node_modules/bson/src/utils) by extension 'python'
[2.076s] Level 1:colcon.colcon_core.package_identification:_identify(mars_website/node_modules/bson/src/utils) by extensions ['python_setup_py']
[2.076s] Level 1:colcon.colcon_core.package_identification:_identify(mars_website/node_modules/bson/src/utils) by extension 'python_setup_py'
[2.076s] Level 1:colcon.colcon_core.package_identification:_identify(mars_website/node_modules/memory-pager) by extensions ['ignore', 'ignore_ament_install']
[2.076s] Level 1:colcon.colcon_core.package_identification:_identify(mars_website/node_modules/memory-pager) by extension 'ignore'
[2.076s] Level 1:colcon.colcon_core.package_identification:_identify(mars_website/node_modules/memory-pager) by extension 'ignore_ament_install'
[2.076s] Level 1:colcon.colcon_core.package_identification:_identify(mars_website/node_modules/memory-pager) by extensions ['colcon_pkg']
[2.076s] Level 1:colcon.colcon_core.package_identification:_identify(mars_website/node_modules/memory-pager) by extension 'colcon_pkg'
[2.076s] Level 1:colcon.colcon_core.package_identification:_identify(mars_website/node_modules/memory-pager) by extensions ['colcon_meta']
[2.076s] Level 1:colcon.colcon_core.package_identification:_identify(mars_website/node_modules/memory-pager) by extension 'colcon_meta'
[2.076s] Level 1:colcon.colcon_core.package_identification:_identify(mars_website/node_modules/memory-pager) by extensions ['ros']
[2.076s] Level 1:colcon.colcon_core.package_identification:_identify(mars_website/node_modules/memory-pager) by extension 'ros'
[2.076s] Level 1:colcon.colcon_core.package_identification:_identify(mars_website/node_modules/memory-pager) by extensions ['cmake', 'python']
[2.076s] Level 1:colcon.colcon_core.package_identification:_identify(mars_website/node_modules/memory-pager) by extension 'cmake'
[2.076s] Level 1:colcon.colcon_core.package_identification:_identify(mars_website/node_modules/memory-pager) by extension 'python'
[2.076s] Level 1:colcon.colcon_core.package_identification:_identify(mars_website/node_modules/memory-pager) by extensions ['python_setup_py']
[2.076s] Level 1:colcon.colcon_core.package_identification:_identify(mars_website/node_modules/memory-pager) by extension 'python_setup_py'
[2.076s] Level 1:colcon.colcon_core.package_identification:_identify(mars_website/node_modules/mongodb) by extensions ['ignore', 'ignore_ament_install']
[2.076s] Level 1:colcon.colcon_core.package_identification:_identify(mars_website/node_modules/mongodb) by extension 'ignore'
[2.076s] Level 1:colcon.colcon_core.package_identification:_identify(mars_website/node_modules/mongodb) by extension 'ignore_ament_install'
[2.076s] Level 1:colcon.colcon_core.package_identification:_identify(mars_website/node_modules/mongodb) by extensions ['colcon_pkg']
[2.076s] Level 1:colcon.colcon_core.package_identification:_identify(mars_website/node_modules/mongodb) by extension 'colcon_pkg'
[2.076s] Level 1:colcon.colcon_core.package_identification:_identify(mars_website/node_modules/mongodb) by extensions ['colcon_meta']
[2.076s] Level 1:colcon.colcon_core.package_identification:_identify(mars_website/node_modules/mongodb) by extension 'colcon_meta'
[2.076s] Level 1:colcon.colcon_core.package_identification:_identify(mars_website/node_modules/mongodb) by extensions ['ros']
[2.076s] Level 1:colcon.colcon_core.package_identification:_identify(mars_website/node_modules/mongodb) by extension 'ros'
[2.076s] Level 1:colcon.colcon_core.package_identification:_identify(mars_website/node_modules/mongodb) by extensions ['cmake', 'python']
[2.076s] Level 1:colcon.colcon_core.package_identification:_identify(mars_website/node_modules/mongodb) by extension 'cmake'
[2.076s] Level 1:colcon.colcon_core.package_identification:_identify(mars_website/node_modules/mongodb) by extension 'python'
[2.076s] Level 1:colcon.colcon_core.package_identification:_identify(mars_website/node_modules/mongodb) by extensions ['python_setup_py']
[2.076s] Level 1:colcon.colcon_core.package_identification:_identify(mars_website/node_modules/mongodb) by extension 'python_setup_py'
[2.076s] Level 1:colcon.colcon_core.package_identification:_identify(mars_website/node_modules/mongodb/etc) by extensions ['ignore', 'ignore_ament_install']
[2.076s] Level 1:colcon.colcon_core.package_identification:_identify(mars_website/node_modules/mongodb/etc) by extension 'ignore'
[2.076s] Level 1:colcon.colcon_core.package_identification:_identify(mars_website/node_modules/mongodb/etc) by extension 'ignore_ament_install'
[2.076s] Level 1:colcon.colcon_core.package_identification:_identify(mars_website/node_modules/mongodb/etc) by extensions ['colcon_pkg']
[2.076s] Level 1:colcon.colcon_core.package_identification:_identify(mars_website/node_modules/mongodb/etc) by extension 'colcon_pkg'
[2.076s] Level 1:colcon.colcon_core.package_identification:_identify(mars_website/node_modules/mongodb/etc) by extensions ['colcon_meta']
[2.076s] Level 1:colcon.colcon_core.package_identification:_identify(mars_website/node_modules/mongodb/etc) by extension 'colcon_meta'
[2.076s] Level 1:colcon.colcon_core.package_identification:_identify(mars_website/node_modules/mongodb/etc) by extensions ['ros']
[2.076s] Level 1:colcon.colcon_core.package_identification:_identify(mars_website/node_modules/mongodb/etc) by extension 'ros'
[2.076s] Level 1:colcon.colcon_core.package_identification:_identify(mars_website/node_modules/mongodb/etc) by extensions ['cmake', 'python']
[2.076s] Level 1:colcon.colcon_core.package_identification:_identify(mars_website/node_modules/mongodb/etc) by extension 'cmake'
[2.076s] Level 1:colcon.colcon_core.package_identification:_identify(mars_website/node_modules/mongodb/etc) by extension 'python'
[2.077s] Level 1:colcon.colcon_core.package_identification:_identify(mars_website/node_modules/mongodb/etc) by extensions ['python_setup_py']
[2.077s] Level 1:colcon.colcon_core.package_identification:_identify(mars_website/node_modules/mongodb/etc) by extension 'python_setup_py'
[2.077s] Level 1:colcon.colcon_core.package_identification:_identify(mars_website/node_modules/mongodb/lib) by extensions ['ignore', 'ignore_ament_install']
[2.077s] Level 1:colcon.colcon_core.package_identification:_identify(mars_website/node_modules/mongodb/lib) by extension 'ignore'
[2.077s] Level 1:colcon.colcon_core.package_identification:_identify(mars_website/node_modules/mongodb/lib) by extension 'ignore_ament_install'
[2.077s] Level 1:colcon.colcon_core.package_identification:_identify(mars_website/node_modules/mongodb/lib) by extensions ['colcon_pkg']
[2.077s] Level 1:colcon.colcon_core.package_identification:_identify(mars_website/node_modules/mongodb/lib) by extension 'colcon_pkg'
[2.077s] Level 1:colcon.colcon_core.package_identification:_identify(mars_website/node_modules/mongodb/lib) by extensions ['colcon_meta']
[2.077s] Level 1:colcon.colcon_core.package_identification:_identify(mars_website/node_modules/mongodb/lib) by extension 'colcon_meta'
[2.077s] Level 1:colcon.colcon_core.package_identification:_identify(mars_website/node_modules/mongodb/lib) by extensions ['ros']
[2.077s] Level 1:colcon.colcon_core.package_identification:_identify(mars_website/node_modules/mongodb/lib) by extension 'ros'
[2.077s] Level 1:colcon.colcon_core.package_identification:_identify(mars_website/node_modules/mongodb/lib) by extensions ['cmake', 'python']
[2.077s] Level 1:colcon.colcon_core.package_identification:_identify(mars_website/node_modules/mongodb/lib) by extension 'cmake'
[2.077s] Level 1:colcon.colcon_core.package_identification:_identify(mars_website/node_modules/mongodb/lib) by extension 'python'
[2.077s] Level 1:colcon.colcon_core.package_identification:_identify(mars_website/node_modules/mongodb/lib) by extensions ['python_setup_py']
[2.077s] Level 1:colcon.colcon_core.package_identification:_identify(mars_website/node_modules/mongodb/lib) by extension 'python_setup_py'
[2.077s] Level 1:colcon.colcon_core.package_identification:_identify(mars_website/node_modules/mongodb/lib/bulk) by extensions ['ignore', 'ignore_ament_install']
[2.077s] Level 1:colcon.colcon_core.package_identification:_identify(mars_website/node_modules/mongodb/lib/bulk) by extension 'ignore'
[2.077s] Level 1:colcon.colcon_core.package_identification:_identify(mars_website/node_modules/mongodb/lib/bulk) by extension 'ignore_ament_install'
[2.077s] Level 1:colcon.colcon_core.package_identification:_identify(mars_website/node_modules/mongodb/lib/bulk) by extensions ['colcon_pkg']
[2.077s] Level 1:colcon.colcon_core.package_identification:_identify(mars_website/node_modules/mongodb/lib/bulk) by extension 'colcon_pkg'
[2.077s] Level 1:colcon.colcon_core.package_identification:_identify(mars_website/node_modules/mongodb/lib/bulk) by extensions ['colcon_meta']
[2.077s] Level 1:colcon.colcon_core.package_identification:_identify(mars_website/node_modules/mongodb/lib/bulk) by extension 'colcon_meta'
[2.077s] Level 1:colcon.colcon_core.package_identification:_identify(mars_website/node_modules/mongodb/lib/bulk) by extensions ['ros']
[2.077s] Level 1:colcon.colcon_core.package_identification:_identify(mars_website/node_modules/mongodb/lib/bulk) by extension 'ros'
[2.077s] Level 1:colcon.colcon_core.package_identification:_identify(mars_website/node_modules/mongodb/lib/bulk) by extensions ['cmake', 'python']
[2.077s] Level 1:colcon.colcon_core.package_identification:_identify(mars_website/node_modules/mongodb/lib/bulk) by extension 'cmake'
[2.077s] Level 1:colcon.colcon_core.package_identification:_identify(mars_website/node_modules/mongodb/lib/bulk) by extension 'python'
[2.077s] Level 1:colcon.colcon_core.package_identification:_identify(mars_website/node_modules/mongodb/lib/bulk) by extensions ['python_setup_py']
[2.077s] Level 1:colcon.colcon_core.package_identification:_identify(mars_website/node_modules/mongodb/lib/bulk) by extension 'python_setup_py'
[2.077s] Level 1:colcon.colcon_core.package_identification:_identify(mars_website/node_modules/mongodb/lib/client-side-encryption) by extensions ['ignore', 'ignore_ament_install']
[2.077s] Level 1:colcon.colcon_core.package_identification:_identify(mars_website/node_modules/mongodb/lib/client-side-encryption) by extension 'ignore'
[2.077s] Level 1:colcon.colcon_core.package_identification:_identify(mars_website/node_modules/mongodb/lib/client-side-encryption) by extension 'ignore_ament_install'
[2.077s] Level 1:colcon.colcon_core.package_identification:_identify(mars_website/node_modules/mongodb/lib/client-side-encryption) by extensions ['colcon_pkg']
[2.077s] Level 1:colcon.colcon_core.package_identification:_identify(mars_website/node_modules/mongodb/lib/client-side-encryption) by extension 'colcon_pkg'
[2.077s] Level 1:colcon.colcon_core.package_identification:_identify(mars_website/node_modules/mongodb/lib/client-side-encryption) by extensions ['colcon_meta']
[2.077s] Level 1:colcon.colcon_core.package_identification:_identify(mars_website/node_modules/mongodb/lib/client-side-encryption) by extension 'colcon_meta'
[2.077s] Level 1:colcon.colcon_core.package_identification:_identify(mars_website/node_modules/mongodb/lib/client-side-encryption) by extensions ['ros']
[2.077s] Level 1:colcon.colcon_core.package_identification:_identify(mars_website/node_modules/mongodb/lib/client-side-encryption) by extension 'ros'
[2.077s] Level 1:colcon.colcon_core.package_identification:_identify(mars_website/node_modules/mongodb/lib/client-side-encryption) by extensions ['cmake', 'python']
[2.077s] Level 1:colcon.colcon_core.package_identification:_identify(mars_website/node_modules/mongodb/lib/client-side-encryption) by extension 'cmake'
[2.078s] Level 1:colcon.colcon_core.package_identification:_identify(mars_website/node_modules/mongodb/lib/client-side-encryption) by extension 'python'
[2.078s] Level 1:colcon.colcon_core.package_identification:_identify(mars_website/node_modules/mongodb/lib/client-side-encryption) by extensions ['python_setup_py']
[2.078s] Level 1:colcon.colcon_core.package_identification:_identify(mars_website/node_modules/mongodb/lib/client-side-encryption) by extension 'python_setup_py'
[2.078s] Level 1:colcon.colcon_core.package_identification:_identify(mars_website/node_modules/mongodb/lib/client-side-encryption/providers) by extensions ['ignore', 'ignore_ament_install']
[2.078s] Level 1:colcon.colcon_core.package_identification:_identify(mars_website/node_modules/mongodb/lib/client-side-encryption/providers) by extension 'ignore'
[2.078s] Level 1:colcon.colcon_core.package_identification:_identify(mars_website/node_modules/mongodb/lib/client-side-encryption/providers) by extension 'ignore_ament_install'
[2.078s] Level 1:colcon.colcon_core.package_identification:_identify(mars_website/node_modules/mongodb/lib/client-side-encryption/providers) by extensions ['colcon_pkg']
[2.078s] Level 1:colcon.colcon_core.package_identification:_identify(mars_website/node_modules/mongodb/lib/client-side-encryption/providers) by extension 'colcon_pkg'
[2.078s] Level 1:colcon.colcon_core.package_identification:_identify(mars_website/node_modules/mongodb/lib/client-side-encryption/providers) by extensions ['colcon_meta']
[2.078s] Level 1:colcon.colcon_core.package_identification:_identify(mars_website/node_modules/mongodb/lib/client-side-encryption/providers) by extension 'colcon_meta'
[2.078s] Level 1:colcon.colcon_core.package_identification:_identify(mars_website/node_modules/mongodb/lib/client-side-encryption/providers) by extensions ['ros']
[2.078s] Level 1:colcon.colcon_core.package_identification:_identify(mars_website/node_modules/mongodb/lib/client-side-encryption/providers) by extension 'ros'
[2.078s] Level 1:colcon.colcon_core.package_identification:_identify(mars_website/node_modules/mongodb/lib/client-side-encryption/providers) by extensions ['cmake', 'python']
[2.078s] Level 1:colcon.colcon_core.package_identification:_identify(mars_website/node_modules/mongodb/lib/client-side-encryption/providers) by extension 'cmake'
[2.078s] Level 1:colcon.colcon_core.package_identification:_identify(mars_website/node_modules/mongodb/lib/client-side-encryption/providers) by extension 'python'
[2.078s] Level 1:colcon.colcon_core.package_identification:_identify(mars_website/node_modules/mongodb/lib/client-side-encryption/providers) by extensions ['python_setup_py']
[2.078s] Level 1:colcon.colcon_core.package_identification:_identify(mars_website/node_modules/mongodb/lib/client-side-encryption/providers) by extension 'python_setup_py'
[2.078s] Level 1:colcon.colcon_core.package_identification:_identify(mars_website/node_modules/mongodb/lib/cmap) by extensions ['ignore', 'ignore_ament_install']
[2.078s] Level 1:colcon.colcon_core.package_identification:_identify(mars_website/node_modules/mongodb/lib/cmap) by extension 'ignore'
[2.078s] Level 1:colcon.colcon_core.package_identification:_identify(mars_website/node_modules/mongodb/lib/cmap) by extension 'ignore_ament_install'
[2.078s] Level 1:colcon.colcon_core.package_identification:_identify(mars_website/node_modules/mongodb/lib/cmap) by extensions ['colcon_pkg']
[2.078s] Level 1:colcon.colcon_core.package_identification:_identify(mars_website/node_modules/mongodb/lib/cmap) by extension 'colcon_pkg'
[2.078s] Level 1:colcon.colcon_core.package_identification:_identify(mars_website/node_modules/mongodb/lib/cmap) by extensions ['colcon_meta']
[2.078s] Level 1:colcon.colcon_core.package_identification:_identify(mars_website/node_modules/mongodb/lib/cmap) by extension 'colcon_meta'
[2.078s] Level 1:colcon.colcon_core.package_identification:_identify(mars_website/node_modules/mongodb/lib/cmap) by extensions ['ros']
[2.078s] Level 1:colcon.colcon_core.package_identification:_identify(mars_website/node_modules/mongodb/lib/cmap) by extension 'ros'
[2.078s] Level 1:colcon.colcon_core.package_identification:_identify(mars_website/node_modules/mongodb/lib/cmap) by extensions ['cmake', 'python']
[2.078s] Level 1:colcon.colcon_core.package_identification:_identify(mars_website/node_modules/mongodb/lib/cmap) by extension 'cmake'
[2.078s] Level 1:colcon.colcon_core.package_identification:_identify(mars_website/node_modules/mongodb/lib/cmap) by extension 'python'
[2.078s] Level 1:colcon.colcon_core.package_identification:_identify(mars_website/node_modules/mongodb/lib/cmap) by extensions ['python_setup_py']
[2.078s] Level 1:colcon.colcon_core.package_identification:_identify(mars_website/node_modules/mongodb/lib/cmap) by extension 'python_setup_py'
[2.078s] Level 1:colcon.colcon_core.package_identification:_identify(mars_website/node_modules/mongodb/lib/cmap/auth) by extensions ['ignore', 'ignore_ament_install']
[2.078s] Level 1:colcon.colcon_core.package_identification:_identify(mars_website/node_modules/mongodb/lib/cmap/auth) by extension 'ignore'
[2.078s] Level 1:colcon.colcon_core.package_identification:_identify(mars_website/node_modules/mongodb/lib/cmap/auth) by extension 'ignore_ament_install'
[2.078s] Level 1:colcon.colcon_core.package_identification:_identify(mars_website/node_modules/mongodb/lib/cmap/auth) by extensions ['colcon_pkg']
[2.078s] Level 1:colcon.colcon_core.package_identification:_identify(mars_website/node_modules/mongodb/lib/cmap/auth) by extension 'colcon_pkg'
[2.078s] Level 1:colcon.colcon_core.package_identification:_identify(mars_website/node_modules/mongodb/lib/cmap/auth) by extensions ['colcon_meta']
[2.078s] Level 1:colcon.colcon_core.package_identification:_identify(mars_website/node_modules/mongodb/lib/cmap/auth) by extension 'colcon_meta'
[2.078s] Level 1:colcon.colcon_core.package_identification:_identify(mars_website/node_modules/mongodb/lib/cmap/auth) by extensions ['ros']
[2.078s] Level 1:colcon.colcon_core.package_identification:_identify(mars_website/node_modules/mongodb/lib/cmap/auth) by extension 'ros'
[2.078s] Level 1:colcon.colcon_core.package_identification:_identify(mars_website/node_modules/mongodb/lib/cmap/auth) by extensions ['cmake', 'python']
[2.079s] Level 1:colcon.colcon_core.package_identification:_identify(mars_website/node_modules/mongodb/lib/cmap/auth) by extension 'cmake'
[2.079s] Level 1:colcon.colcon_core.package_identification:_identify(mars_website/node_modules/mongodb/lib/cmap/auth) by extension 'python'
[2.079s] Level 1:colcon.colcon_core.package_identification:_identify(mars_website/node_modules/mongodb/lib/cmap/auth) by extensions ['python_setup_py']
[2.079s] Level 1:colcon.colcon_core.package_identification:_identify(mars_website/node_modules/mongodb/lib/cmap/auth) by extension 'python_setup_py'
[2.079s] Level 1:colcon.colcon_core.package_identification:_identify(mars_website/node_modules/mongodb/lib/cmap/auth/mongodb_oidc) by extensions ['ignore', 'ignore_ament_install']
[2.079s] Level 1:colcon.colcon_core.package_identification:_identify(mars_website/node_modules/mongodb/lib/cmap/auth/mongodb_oidc) by extension 'ignore'
[2.079s] Level 1:colcon.colcon_core.package_identification:_identify(mars_website/node_modules/mongodb/lib/cmap/auth/mongodb_oidc) by extension 'ignore_ament_install'
[2.079s] Level 1:colcon.colcon_core.package_identification:_identify(mars_website/node_modules/mongodb/lib/cmap/auth/mongodb_oidc) by extensions ['colcon_pkg']
[2.079s] Level 1:colcon.colcon_core.package_identification:_identify(mars_website/node_modules/mongodb/lib/cmap/auth/mongodb_oidc) by extension 'colcon_pkg'
[2.079s] Level 1:colcon.colcon_core.package_identification:_identify(mars_website/node_modules/mongodb/lib/cmap/auth/mongodb_oidc) by extensions ['colcon_meta']
[2.079s] Level 1:colcon.colcon_core.package_identification:_identify(mars_website/node_modules/mongodb/lib/cmap/auth/mongodb_oidc) by extension 'colcon_meta'
[2.079s] Level 1:colcon.colcon_core.package_identification:_identify(mars_website/node_modules/mongodb/lib/cmap/auth/mongodb_oidc) by extensions ['ros']
[2.079s] Level 1:colcon.colcon_core.package_identification:_identify(mars_website/node_modules/mongodb/lib/cmap/auth/mongodb_oidc) by extension 'ros'
[2.079s] Level 1:colcon.colcon_core.package_identification:_identify(mars_website/node_modules/mongodb/lib/cmap/auth/mongodb_oidc) by extensions ['cmake', 'python']
[2.079s] Level 1:colcon.colcon_core.package_identification:_identify(mars_website/node_modules/mongodb/lib/cmap/auth/mongodb_oidc) by extension 'cmake'
[2.079s] Level 1:colcon.colcon_core.package_identification:_identify(mars_website/node_modules/mongodb/lib/cmap/auth/mongodb_oidc) by extension 'python'
[2.079s] Level 1:colcon.colcon_core.package_identification:_identify(mars_website/node_modules/mongodb/lib/cmap/auth/mongodb_oidc) by extensions ['python_setup_py']
[2.079s] Level 1:colcon.colcon_core.package_identification:_identify(mars_website/node_modules/mongodb/lib/cmap/auth/mongodb_oidc) by extension 'python_setup_py'
[2.079s] Level 1:colcon.colcon_core.package_identification:_identify(mars_website/node_modules/mongodb/lib/cmap/handshake) by extensions ['ignore', 'ignore_ament_install']
[2.079s] Level 1:colcon.colcon_core.package_identification:_identify(mars_website/node_modules/mongodb/lib/cmap/handshake) by extension 'ignore'
[2.079s] Level 1:colcon.colcon_core.package_identification:_identify(mars_website/node_modules/mongodb/lib/cmap/handshake) by extension 'ignore_ament_install'
[2.079s] Level 1:colcon.colcon_core.package_identification:_identify(mars_website/node_modules/mongodb/lib/cmap/handshake) by extensions ['colcon_pkg']
[2.079s] Level 1:colcon.colcon_core.package_identification:_identify(mars_website/node_modules/mongodb/lib/cmap/handshake) by extension 'colcon_pkg'
[2.079s] Level 1:colcon.colcon_core.package_identification:_identify(mars_website/node_modules/mongodb/lib/cmap/handshake) by extensions ['colcon_meta']
[2.079s] Level 1:colcon.colcon_core.package_identification:_identify(mars_website/node_modules/mongodb/lib/cmap/handshake) by extension 'colcon_meta'
[2.079s] Level 1:colcon.colcon_core.package_identification:_identify(mars_website/node_modules/mongodb/lib/cmap/handshake) by extensions ['ros']
[2.079s] Level 1:colcon.colcon_core.package_identification:_identify(mars_website/node_modules/mongodb/lib/cmap/handshake) by extension 'ros'
[2.079s] Level 1:colcon.colcon_core.package_identification:_identify(mars_website/node_modules/mongodb/lib/cmap/handshake) by extensions ['cmake', 'python']
[2.079s] Level 1:colcon.colcon_core.package_identification:_identify(mars_website/node_modules/mongodb/lib/cmap/handshake) by extension 'cmake'
[2.079s] Level 1:colcon.colcon_core.package_identification:_identify(mars_website/node_modules/mongodb/lib/cmap/handshake) by extension 'python'
[2.079s] Level 1:colcon.colcon_core.package_identification:_identify(mars_website/node_modules/mongodb/lib/cmap/handshake) by extensions ['python_setup_py']
[2.079s] Level 1:colcon.colcon_core.package_identification:_identify(mars_website/node_modules/mongodb/lib/cmap/handshake) by extension 'python_setup_py'
[2.079s] Level 1:colcon.colcon_core.package_identification:_identify(mars_website/node_modules/mongodb/lib/cmap/wire_protocol) by extensions ['ignore', 'ignore_ament_install']
[2.079s] Level 1:colcon.colcon_core.package_identification:_identify(mars_website/node_modules/mongodb/lib/cmap/wire_protocol) by extension 'ignore'
[2.079s] Level 1:colcon.colcon_core.package_identification:_identify(mars_website/node_modules/mongodb/lib/cmap/wire_protocol) by extension 'ignore_ament_install'
[2.079s] Level 1:colcon.colcon_core.package_identification:_identify(mars_website/node_modules/mongodb/lib/cmap/wire_protocol) by extensions ['colcon_pkg']
[2.079s] Level 1:colcon.colcon_core.package_identification:_identify(mars_website/node_modules/mongodb/lib/cmap/wire_protocol) by extension 'colcon_pkg'
[2.079s] Level 1:colcon.colcon_core.package_identification:_identify(mars_website/node_modules/mongodb/lib/cmap/wire_protocol) by extensions ['colcon_meta']
[2.079s] Level 1:colcon.colcon_core.package_identification:_identify(mars_website/node_modules/mongodb/lib/cmap/wire_protocol) by extension 'colcon_meta'
[2.079s] Level 1:colcon.colcon_core.package_identification:_identify(mars_website/node_modules/mongodb/lib/cmap/wire_protocol) by extensions ['ros']
[2.079s] Level 1:colcon.colcon_core.package_identification:_identify(mars_website/node_modules/mongodb/lib/cmap/wire_protocol) by extension 'ros'
[2.079s] Level 1:colcon.colcon_core.package_identification:_identify(mars_website/node_modules/mongodb/lib/cmap/wire_protocol) by extensions ['cmake', 'python']
[2.080s] Level 1:colcon.colcon_core.package_identification:_identify(mars_website/node_modules/mongodb/lib/cmap/wire_protocol) by extension 'cmake'
[2.080s] Level 1:colcon.colcon_core.package_identification:_identify(mars_website/node_modules/mongodb/lib/cmap/wire_protocol) by extension 'python'
[2.080s] Level 1:colcon.colcon_core.package_identification:_identify(mars_website/node_modules/mongodb/lib/cmap/wire_protocol) by extensions ['python_setup_py']
[2.080s] Level 1:colcon.colcon_core.package_identification:_identify(mars_website/node_modules/mongodb/lib/cmap/wire_protocol) by extension 'python_setup_py'
[2.080s] Level 1:colcon.colcon_core.package_identification:_identify(mars_website/node_modules/mongodb/lib/cmap/wire_protocol/on_demand) by extensions ['ignore', 'ignore_ament_install']
[2.080s] Level 1:colcon.colcon_core.package_identification:_identify(mars_website/node_modules/mongodb/lib/cmap/wire_protocol/on_demand) by extension 'ignore'
[2.080s] Level 1:colcon.colcon_core.package_identification:_identify(mars_website/node_modules/mongodb/lib/cmap/wire_protocol/on_demand) by extension 'ignore_ament_install'
[2.080s] Level 1:colcon.colcon_core.package_identification:_identify(mars_website/node_modules/mongodb/lib/cmap/wire_protocol/on_demand) by extensions ['colcon_pkg']
[2.080s] Level 1:colcon.colcon_core.package_identification:_identify(mars_website/node_modules/mongodb/lib/cmap/wire_protocol/on_demand) by extension 'colcon_pkg'
[2.080s] Level 1:colcon.colcon_core.package_identification:_identify(mars_website/node_modules/mongodb/lib/cmap/wire_protocol/on_demand) by extensions ['colcon_meta']
[2.080s] Level 1:colcon.colcon_core.package_identification:_identify(mars_website/node_modules/mongodb/lib/cmap/wire_protocol/on_demand) by extension 'colcon_meta'
[2.080s] Level 1:colcon.colcon_core.package_identification:_identify(mars_website/node_modules/mongodb/lib/cmap/wire_protocol/on_demand) by extensions ['ros']
[2.080s] Level 1:colcon.colcon_core.package_identification:_identify(mars_website/node_modules/mongodb/lib/cmap/wire_protocol/on_demand) by extension 'ros'
[2.080s] Level 1:colcon.colcon_core.package_identification:_identify(mars_website/node_modules/mongodb/lib/cmap/wire_protocol/on_demand) by extensions ['cmake', 'python']
[2.080s] Level 1:colcon.colcon_core.package_identification:_identify(mars_website/node_modules/mongodb/lib/cmap/wire_protocol/on_demand) by extension 'cmake'
[2.080s] Level 1:colcon.colcon_core.package_identification:_identify(mars_website/node_modules/mongodb/lib/cmap/wire_protocol/on_demand) by extension 'python'
[2.080s] Level 1:colcon.colcon_core.package_identification:_identify(mars_website/node_modules/mongodb/lib/cmap/wire_protocol/on_demand) by extensions ['python_setup_py']
[2.080s] Level 1:colcon.colcon_core.package_identification:_identify(mars_website/node_modules/mongodb/lib/cmap/wire_protocol/on_demand) by extension 'python_setup_py'
[2.080s] Level 1:colcon.colcon_core.package_identification:_identify(mars_website/node_modules/mongodb/lib/cursor) by extensions ['ignore', 'ignore_ament_install']
[2.080s] Level 1:colcon.colcon_core.package_identification:_identify(mars_website/node_modules/mongodb/lib/cursor) by extension 'ignore'
[2.080s] Level 1:colcon.colcon_core.package_identification:_identify(mars_website/node_modules/mongodb/lib/cursor) by extension 'ignore_ament_install'
[2.080s] Level 1:colcon.colcon_core.package_identification:_identify(mars_website/node_modules/mongodb/lib/cursor) by extensions ['colcon_pkg']
[2.080s] Level 1:colcon.colcon_core.package_identification:_identify(mars_website/node_modules/mongodb/lib/cursor) by extension 'colcon_pkg'
[2.080s] Level 1:colcon.colcon_core.package_identification:_identify(mars_website/node_modules/mongodb/lib/cursor) by extensions ['colcon_meta']
[2.080s] Level 1:colcon.colcon_core.package_identification:_identify(mars_website/node_modules/mongodb/lib/cursor) by extension 'colcon_meta'
[2.080s] Level 1:colcon.colcon_core.package_identification:_identify(mars_website/node_modules/mongodb/lib/cursor) by extensions ['ros']
[2.080s] Level 1:colcon.colcon_core.package_identification:_identify(mars_website/node_modules/mongodb/lib/cursor) by extension 'ros'
[2.080s] Level 1:colcon.colcon_core.package_identification:_identify(mars_website/node_modules/mongodb/lib/cursor) by extensions ['cmake', 'python']
[2.080s] Level 1:colcon.colcon_core.package_identification:_identify(mars_website/node_modules/mongodb/lib/cursor) by extension 'cmake'
[2.080s] Level 1:colcon.colcon_core.package_identification:_identify(mars_website/node_modules/mongodb/lib/cursor) by extension 'python'
[2.080s] Level 1:colcon.colcon_core.package_identification:_identify(mars_website/node_modules/mongodb/lib/cursor) by extensions ['python_setup_py']
[2.080s] Level 1:colcon.colcon_core.package_identification:_identify(mars_website/node_modules/mongodb/lib/cursor) by extension 'python_setup_py'
[2.080s] Level 1:colcon.colcon_core.package_identification:_identify(mars_website/node_modules/mongodb/lib/gridfs) by extensions ['ignore', 'ignore_ament_install']
[2.080s] Level 1:colcon.colcon_core.package_identification:_identify(mars_website/node_modules/mongodb/lib/gridfs) by extension 'ignore'
[2.080s] Level 1:colcon.colcon_core.package_identification:_identify(mars_website/node_modules/mongodb/lib/gridfs) by extension 'ignore_ament_install'
[2.080s] Level 1:colcon.colcon_core.package_identification:_identify(mars_website/node_modules/mongodb/lib/gridfs) by extensions ['colcon_pkg']
[2.080s] Level 1:colcon.colcon_core.package_identification:_identify(mars_website/node_modules/mongodb/lib/gridfs) by extension 'colcon_pkg'
[2.080s] Level 1:colcon.colcon_core.package_identification:_identify(mars_website/node_modules/mongodb/lib/gridfs) by extensions ['colcon_meta']
[2.080s] Level 1:colcon.colcon_core.package_identification:_identify(mars_website/node_modules/mongodb/lib/gridfs) by extension 'colcon_meta'
[2.080s] Level 1:colcon.colcon_core.package_identification:_identify(mars_website/node_modules/mongodb/lib/gridfs) by extensions ['ros']
[2.080s] Level 1:colcon.colcon_core.package_identification:_identify(mars_website/node_modules/mongodb/lib/gridfs) by extension 'ros'
[2.080s] Level 1:colcon.colcon_core.package_identification:_identify(mars_website/node_modules/mongodb/lib/gridfs) by extensions ['cmake', 'python']
[2.080s] Level 1:colcon.colcon_core.package_identification:_identify(mars_website/node_modules/mongodb/lib/gridfs) by extension 'cmake'
[2.081s] Level 1:colcon.colcon_core.package_identification:_identify(mars_website/node_modules/mongodb/lib/gridfs) by extension 'python'
[2.081s] Level 1:colcon.colcon_core.package_identification:_identify(mars_website/node_modules/mongodb/lib/gridfs) by extensions ['python_setup_py']
[2.081s] Level 1:colcon.colcon_core.package_identification:_identify(mars_website/node_modules/mongodb/lib/gridfs) by extension 'python_setup_py'
[2.081s] Level 1:colcon.colcon_core.package_identification:_identify(mars_website/node_modules/mongodb/lib/operations) by extensions ['ignore', 'ignore_ament_install']
[2.081s] Level 1:colcon.colcon_core.package_identification:_identify(mars_website/node_modules/mongodb/lib/operations) by extension 'ignore'
[2.081s] Level 1:colcon.colcon_core.package_identification:_identify(mars_website/node_modules/mongodb/lib/operations) by extension 'ignore_ament_install'
[2.081s] Level 1:colcon.colcon_core.package_identification:_identify(mars_website/node_modules/mongodb/lib/operations) by extensions ['colcon_pkg']
[2.081s] Level 1:colcon.colcon_core.package_identification:_identify(mars_website/node_modules/mongodb/lib/operations) by extension 'colcon_pkg'
[2.081s] Level 1:colcon.colcon_core.package_identification:_identify(mars_website/node_modules/mongodb/lib/operations) by extensions ['colcon_meta']
[2.081s] Level 1:colcon.colcon_core.package_identification:_identify(mars_website/node_modules/mongodb/lib/operations) by extension 'colcon_meta'
[2.081s] Level 1:colcon.colcon_core.package_identification:_identify(mars_website/node_modules/mongodb/lib/operations) by extensions ['ros']
[2.081s] Level 1:colcon.colcon_core.package_identification:_identify(mars_website/node_modules/mongodb/lib/operations) by extension 'ros'
[2.081s] Level 1:colcon.colcon_core.package_identification:_identify(mars_website/node_modules/mongodb/lib/operations) by extensions ['cmake', 'python']
[2.081s] Level 1:colcon.colcon_core.package_identification:_identify(mars_website/node_modules/mongodb/lib/operations) by extension 'cmake'
[2.081s] Level 1:colcon.colcon_core.package_identification:_identify(mars_website/node_modules/mongodb/lib/operations) by extension 'python'
[2.081s] Level 1:colcon.colcon_core.package_identification:_identify(mars_website/node_modules/mongodb/lib/operations) by extensions ['python_setup_py']
[2.081s] Level 1:colcon.colcon_core.package_identification:_identify(mars_website/node_modules/mongodb/lib/operations) by extension 'python_setup_py'
[2.081s] Level 1:colcon.colcon_core.package_identification:_identify(mars_website/node_modules/mongodb/lib/operations/client_bulk_write) by extensions ['ignore', 'ignore_ament_install']
[2.081s] Level 1:colcon.colcon_core.package_identification:_identify(mars_website/node_modules/mongodb/lib/operations/client_bulk_write) by extension 'ignore'
[2.081s] Level 1:colcon.colcon_core.package_identification:_identify(mars_website/node_modules/mongodb/lib/operations/client_bulk_write) by extension 'ignore_ament_install'
[2.081s] Level 1:colcon.colcon_core.package_identification:_identify(mars_website/node_modules/mongodb/lib/operations/client_bulk_write) by extensions ['colcon_pkg']
[2.081s] Level 1:colcon.colcon_core.package_identification:_identify(mars_website/node_modules/mongodb/lib/operations/client_bulk_write) by extension 'colcon_pkg'
[2.081s] Level 1:colcon.colcon_core.package_identification:_identify(mars_website/node_modules/mongodb/lib/operations/client_bulk_write) by extensions ['colcon_meta']
[2.081s] Level 1:colcon.colcon_core.package_identification:_identify(mars_website/node_modules/mongodb/lib/operations/client_bulk_write) by extension 'colcon_meta'
[2.081s] Level 1:colcon.colcon_core.package_identification:_identify(mars_website/node_modules/mongodb/lib/operations/client_bulk_write) by extensions ['ros']
[2.081s] Level 1:colcon.colcon_core.package_identification:_identify(mars_website/node_modules/mongodb/lib/operations/client_bulk_write) by extension 'ros'
[2.081s] Level 1:colcon.colcon_core.package_identification:_identify(mars_website/node_modules/mongodb/lib/operations/client_bulk_write) by extensions ['cmake', 'python']
[2.081s] Level 1:colcon.colcon_core.package_identification:_identify(mars_website/node_modules/mongodb/lib/operations/client_bulk_write) by extension 'cmake'
[2.081s] Level 1:colcon.colcon_core.package_identification:_identify(mars_website/node_modules/mongodb/lib/operations/client_bulk_write) by extension 'python'
[2.081s] Level 1:colcon.colcon_core.package_identification:_identify(mars_website/node_modules/mongodb/lib/operations/client_bulk_write) by extensions ['python_setup_py']
[2.081s] Level 1:colcon.colcon_core.package_identification:_identify(mars_website/node_modules/mongodb/lib/operations/client_bulk_write) by extension 'python_setup_py'
[2.081s] Level 1:colcon.colcon_core.package_identification:_identify(mars_website/node_modules/mongodb/lib/operations/search_indexes) by extensions ['ignore', 'ignore_ament_install']
[2.081s] Level 1:colcon.colcon_core.package_identification:_identify(mars_website/node_modules/mongodb/lib/operations/search_indexes) by extension 'ignore'
[2.081s] Level 1:colcon.colcon_core.package_identification:_identify(mars_website/node_modules/mongodb/lib/operations/search_indexes) by extension 'ignore_ament_install'
[2.081s] Level 1:colcon.colcon_core.package_identification:_identify(mars_website/node_modules/mongodb/lib/operations/search_indexes) by extensions ['colcon_pkg']
[2.081s] Level 1:colcon.colcon_core.package_identification:_identify(mars_website/node_modules/mongodb/lib/operations/search_indexes) by extension 'colcon_pkg'
[2.081s] Level 1:colcon.colcon_core.package_identification:_identify(mars_website/node_modules/mongodb/lib/operations/search_indexes) by extensions ['colcon_meta']
[2.081s] Level 1:colcon.colcon_core.package_identification:_identify(mars_website/node_modules/mongodb/lib/operations/search_indexes) by extension 'colcon_meta'
[2.081s] Level 1:colcon.colcon_core.package_identification:_identify(mars_website/node_modules/mongodb/lib/operations/search_indexes) by extensions ['ros']
[2.081s] Level 1:colcon.colcon_core.package_identification:_identify(mars_website/node_modules/mongodb/lib/operations/search_indexes) by extension 'ros'
[2.081s] Level 1:colcon.colcon_core.package_identification:_identify(mars_website/node_modules/mongodb/lib/operations/search_indexes) by extensions ['cmake', 'python']
[2.081s] Level 1:colcon.colcon_core.package_identification:_identify(mars_website/node_modules/mongodb/lib/operations/search_indexes) by extension 'cmake'
[2.082s] Level 1:colcon.colcon_core.package_identification:_identify(mars_website/node_modules/mongodb/lib/operations/search_indexes) by extension 'python'
[2.082s] Level 1:colcon.colcon_core.package_identification:_identify(mars_website/node_modules/mongodb/lib/operations/search_indexes) by extensions ['python_setup_py']
[2.082s] Level 1:colcon.colcon_core.package_identification:_identify(mars_website/node_modules/mongodb/lib/operations/search_indexes) by extension 'python_setup_py'
[2.082s] Level 1:colcon.colcon_core.package_identification:_identify(mars_website/node_modules/mongodb/lib/sdam) by extensions ['ignore', 'ignore_ament_install']
[2.082s] Level 1:colcon.colcon_core.package_identification:_identify(mars_website/node_modules/mongodb/lib/sdam) by extension 'ignore'
[2.082s] Level 1:colcon.colcon_core.package_identification:_identify(mars_website/node_modules/mongodb/lib/sdam) by extension 'ignore_ament_install'
[2.082s] Level 1:colcon.colcon_core.package_identification:_identify(mars_website/node_modules/mongodb/lib/sdam) by extensions ['colcon_pkg']
[2.082s] Level 1:colcon.colcon_core.package_identification:_identify(mars_website/node_modules/mongodb/lib/sdam) by extension 'colcon_pkg'
[2.082s] Level 1:colcon.colcon_core.package_identification:_identify(mars_website/node_modules/mongodb/lib/sdam) by extensions ['colcon_meta']
[2.082s] Level 1:colcon.colcon_core.package_identification:_identify(mars_website/node_modules/mongodb/lib/sdam) by extension 'colcon_meta'
[2.082s] Level 1:colcon.colcon_core.package_identification:_identify(mars_website/node_modules/mongodb/lib/sdam) by extensions ['ros']
[2.082s] Level 1:colcon.colcon_core.package_identification:_identify(mars_website/node_modules/mongodb/lib/sdam) by extension 'ros'
[2.082s] Level 1:colcon.colcon_core.package_identification:_identify(mars_website/node_modules/mongodb/lib/sdam) by extensions ['cmake', 'python']
[2.082s] Level 1:colcon.colcon_core.package_identification:_identify(mars_website/node_modules/mongodb/lib/sdam) by extension 'cmake'
[2.082s] Level 1:colcon.colcon_core.package_identification:_identify(mars_website/node_modules/mongodb/lib/sdam) by extension 'python'
[2.082s] Level 1:colcon.colcon_core.package_identification:_identify(mars_website/node_modules/mongodb/lib/sdam) by extensions ['python_setup_py']
[2.082s] Level 1:colcon.colcon_core.package_identification:_identify(mars_website/node_modules/mongodb/lib/sdam) by extension 'python_setup_py'
[2.082s] Level 1:colcon.colcon_core.package_identification:_identify(mars_website/node_modules/mongodb/src) by extensions ['ignore', 'ignore_ament_install']
[2.082s] Level 1:colcon.colcon_core.package_identification:_identify(mars_website/node_modules/mongodb/src) by extension 'ignore'
[2.082s] Level 1:colcon.colcon_core.package_identification:_identify(mars_website/node_modules/mongodb/src) by extension 'ignore_ament_install'
[2.082s] Level 1:colcon.colcon_core.package_identification:_identify(mars_website/node_modules/mongodb/src) by extensions ['colcon_pkg']
[2.082s] Level 1:colcon.colcon_core.package_identification:_identify(mars_website/node_modules/mongodb/src) by extension 'colcon_pkg'
[2.082s] Level 1:colcon.colcon_core.package_identification:_identify(mars_website/node_modules/mongodb/src) by extensions ['colcon_meta']
[2.082s] Level 1:colcon.colcon_core.package_identification:_identify(mars_website/node_modules/mongodb/src) by extension 'colcon_meta'
[2.082s] Level 1:colcon.colcon_core.package_identification:_identify(mars_website/node_modules/mongodb/src) by extensions ['ros']
[2.082s] Level 1:colcon.colcon_core.package_identification:_identify(mars_website/node_modules/mongodb/src) by extension 'ros'
[2.082s] Level 1:colcon.colcon_core.package_identification:_identify(mars_website/node_modules/mongodb/src) by extensions ['cmake', 'python']
[2.082s] Level 1:colcon.colcon_core.package_identification:_identify(mars_website/node_modules/mongodb/src) by extension 'cmake'
[2.082s] Level 1:colcon.colcon_core.package_identification:_identify(mars_website/node_modules/mongodb/src) by extension 'python'
[2.082s] Level 1:colcon.colcon_core.package_identification:_identify(mars_website/node_modules/mongodb/src) by extensions ['python_setup_py']
[2.082s] Level 1:colcon.colcon_core.package_identification:_identify(mars_website/node_modules/mongodb/src) by extension 'python_setup_py'
[2.082s] Level 1:colcon.colcon_core.package_identification:_identify(mars_website/node_modules/mongodb/src/bulk) by extensions ['ignore', 'ignore_ament_install']
[2.082s] Level 1:colcon.colcon_core.package_identification:_identify(mars_website/node_modules/mongodb/src/bulk) by extension 'ignore'
[2.082s] Level 1:colcon.colcon_core.package_identification:_identify(mars_website/node_modules/mongodb/src/bulk) by extension 'ignore_ament_install'
[2.082s] Level 1:colcon.colcon_core.package_identification:_identify(mars_website/node_modules/mongodb/src/bulk) by extensions ['colcon_pkg']
[2.082s] Level 1:colcon.colcon_core.package_identification:_identify(mars_website/node_modules/mongodb/src/bulk) by extension 'colcon_pkg'
[2.082s] Level 1:colcon.colcon_core.package_identification:_identify(mars_website/node_modules/mongodb/src/bulk) by extensions ['colcon_meta']
[2.082s] Level 1:colcon.colcon_core.package_identification:_identify(mars_website/node_modules/mongodb/src/bulk) by extension 'colcon_meta'
[2.082s] Level 1:colcon.colcon_core.package_identification:_identify(mars_website/node_modules/mongodb/src/bulk) by extensions ['ros']
[2.082s] Level 1:colcon.colcon_core.package_identification:_identify(mars_website/node_modules/mongodb/src/bulk) by extension 'ros'
[2.082s] Level 1:colcon.colcon_core.package_identification:_identify(mars_website/node_modules/mongodb/src/bulk) by extensions ['cmake', 'python']
[2.082s] Level 1:colcon.colcon_core.package_identification:_identify(mars_website/node_modules/mongodb/src/bulk) by extension 'cmake'
[2.082s] Level 1:colcon.colcon_core.package_identification:_identify(mars_website/node_modules/mongodb/src/bulk) by extension 'python'
[2.082s] Level 1:colcon.colcon_core.package_identification:_identify(mars_website/node_modules/mongodb/src/bulk) by extensions ['python_setup_py']
[2.083s] Level 1:colcon.colcon_core.package_identification:_identify(mars_website/node_modules/mongodb/src/bulk) by extension 'python_setup_py'
[2.083s] Level 1:colcon.colcon_core.package_identification:_identify(mars_website/node_modules/mongodb/src/client-side-encryption) by extensions ['ignore', 'ignore_ament_install']
[2.083s] Level 1:colcon.colcon_core.package_identification:_identify(mars_website/node_modules/mongodb/src/client-side-encryption) by extension 'ignore'
[2.083s] Level 1:colcon.colcon_core.package_identification:_identify(mars_website/node_modules/mongodb/src/client-side-encryption) by extension 'ignore_ament_install'
[2.083s] Level 1:colcon.colcon_core.package_identification:_identify(mars_website/node_modules/mongodb/src/client-side-encryption) by extensions ['colcon_pkg']
[2.083s] Level 1:colcon.colcon_core.package_identification:_identify(mars_website/node_modules/mongodb/src/client-side-encryption) by extension 'colcon_pkg'
[2.083s] Level 1:colcon.colcon_core.package_identification:_identify(mars_website/node_modules/mongodb/src/client-side-encryption) by extensions ['colcon_meta']
[2.083s] Level 1:colcon.colcon_core.package_identification:_identify(mars_website/node_modules/mongodb/src/client-side-encryption) by extension 'colcon_meta'
[2.083s] Level 1:colcon.colcon_core.package_identification:_identify(mars_website/node_modules/mongodb/src/client-side-encryption) by extensions ['ros']
[2.083s] Level 1:colcon.colcon_core.package_identification:_identify(mars_website/node_modules/mongodb/src/client-side-encryption) by extension 'ros'
[2.083s] Level 1:colcon.colcon_core.package_identification:_identify(mars_website/node_modules/mongodb/src/client-side-encryption) by extensions ['cmake', 'python']
[2.083s] Level 1:colcon.colcon_core.package_identification:_identify(mars_website/node_modules/mongodb/src/client-side-encryption) by extension 'cmake'
[2.083s] Level 1:colcon.colcon_core.package_identification:_identify(mars_website/node_modules/mongodb/src/client-side-encryption) by extension 'python'
[2.083s] Level 1:colcon.colcon_core.package_identification:_identify(mars_website/node_modules/mongodb/src/client-side-encryption) by extensions ['python_setup_py']
[2.083s] Level 1:colcon.colcon_core.package_identification:_identify(mars_website/node_modules/mongodb/src/client-side-encryption) by extension 'python_setup_py'
[2.083s] Level 1:colcon.colcon_core.package_identification:_identify(mars_website/node_modules/mongodb/src/client-side-encryption/providers) by extensions ['ignore', 'ignore_ament_install']
[2.083s] Level 1:colcon.colcon_core.package_identification:_identify(mars_website/node_modules/mongodb/src/client-side-encryption/providers) by extension 'ignore'
[2.083s] Level 1:colcon.colcon_core.package_identification:_identify(mars_website/node_modules/mongodb/src/client-side-encryption/providers) by extension 'ignore_ament_install'
[2.083s] Level 1:colcon.colcon_core.package_identification:_identify(mars_website/node_modules/mongodb/src/client-side-encryption/providers) by extensions ['colcon_pkg']
[2.083s] Level 1:colcon.colcon_core.package_identification:_identify(mars_website/node_modules/mongodb/src/client-side-encryption/providers) by extension 'colcon_pkg'
[2.083s] Level 1:colcon.colcon_core.package_identification:_identify(mars_website/node_modules/mongodb/src/client-side-encryption/providers) by extensions ['colcon_meta']
[2.083s] Level 1:colcon.colcon_core.package_identification:_identify(mars_website/node_modules/mongodb/src/client-side-encryption/providers) by extension 'colcon_meta'
[2.083s] Level 1:colcon.colcon_core.package_identification:_identify(mars_website/node_modules/mongodb/src/client-side-encryption/providers) by extensions ['ros']
[2.083s] Level 1:colcon.colcon_core.package_identification:_identify(mars_website/node_modules/mongodb/src/client-side-encryption/providers) by extension 'ros'
[2.083s] Level 1:colcon.colcon_core.package_identification:_identify(mars_website/node_modules/mongodb/src/client-side-encryption/providers) by extensions ['cmake', 'python']
[2.083s] Level 1:colcon.colcon_core.package_identification:_identify(mars_website/node_modules/mongodb/src/client-side-encryption/providers) by extension 'cmake'
[2.083s] Level 1:colcon.colcon_core.package_identification:_identify(mars_website/node_modules/mongodb/src/client-side-encryption/providers) by extension 'python'
[2.083s] Level 1:colcon.colcon_core.package_identification:_identify(mars_website/node_modules/mongodb/src/client-side-encryption/providers) by extensions ['python_setup_py']
[2.083s] Level 1:colcon.colcon_core.package_identification:_identify(mars_website/node_modules/mongodb/src/client-side-encryption/providers) by extension 'python_setup_py'
[2.083s] Level 1:colcon.colcon_core.package_identification:_identify(mars_website/node_modules/mongodb/src/cmap) by extensions ['ignore', 'ignore_ament_install']
[2.083s] Level 1:colcon.colcon_core.package_identification:_identify(mars_website/node_modules/mongodb/src/cmap) by extension 'ignore'
[2.083s] Level 1:colcon.colcon_core.package_identification:_identify(mars_website/node_modules/mongodb/src/cmap) by extension 'ignore_ament_install'
[2.083s] Level 1:colcon.colcon_core.package_identification:_identify(mars_website/node_modules/mongodb/src/cmap) by extensions ['colcon_pkg']
[2.083s] Level 1:colcon.colcon_core.package_identification:_identify(mars_website/node_modules/mongodb/src/cmap) by extension 'colcon_pkg'
[2.083s] Level 1:colcon.colcon_core.package_identification:_identify(mars_website/node_modules/mongodb/src/cmap) by extensions ['colcon_meta']
[2.083s] Level 1:colcon.colcon_core.package_identification:_identify(mars_website/node_modules/mongodb/src/cmap) by extension 'colcon_meta'
[2.083s] Level 1:colcon.colcon_core.package_identification:_identify(mars_website/node_modules/mongodb/src/cmap) by extensions ['ros']
[2.083s] Level 1:colcon.colcon_core.package_identification:_identify(mars_website/node_modules/mongodb/src/cmap) by extension 'ros'
[2.083s] Level 1:colcon.colcon_core.package_identification:_identify(mars_website/node_modules/mongodb/src/cmap) by extensions ['cmake', 'python']
[2.083s] Level 1:colcon.colcon_core.package_identification:_identify(mars_website/node_modules/mongodb/src/cmap) by extension 'cmake'
[2.083s] Level 1:colcon.colcon_core.package_identification:_identify(mars_website/node_modules/mongodb/src/cmap) by extension 'python'
[2.083s] Level 1:colcon.colcon_core.package_identification:_identify(mars_website/node_modules/mongodb/src/cmap) by extensions ['python_setup_py']
[2.083s] Level 1:colcon.colcon_core.package_identification:_identify(mars_website/node_modules/mongodb/src/cmap) by extension 'python_setup_py'
[2.084s] Level 1:colcon.colcon_core.package_identification:_identify(mars_website/node_modules/mongodb/src/cmap/auth) by extensions ['ignore', 'ignore_ament_install']
[2.084s] Level 1:colcon.colcon_core.package_identification:_identify(mars_website/node_modules/mongodb/src/cmap/auth) by extension 'ignore'
[2.084s] Level 1:colcon.colcon_core.package_identification:_identify(mars_website/node_modules/mongodb/src/cmap/auth) by extension 'ignore_ament_install'
[2.084s] Level 1:colcon.colcon_core.package_identification:_identify(mars_website/node_modules/mongodb/src/cmap/auth) by extensions ['colcon_pkg']
[2.084s] Level 1:colcon.colcon_core.package_identification:_identify(mars_website/node_modules/mongodb/src/cmap/auth) by extension 'colcon_pkg'
[2.084s] Level 1:colcon.colcon_core.package_identification:_identify(mars_website/node_modules/mongodb/src/cmap/auth) by extensions ['colcon_meta']
[2.084s] Level 1:colcon.colcon_core.package_identification:_identify(mars_website/node_modules/mongodb/src/cmap/auth) by extension 'colcon_meta'
[2.084s] Level 1:colcon.colcon_core.package_identification:_identify(mars_website/node_modules/mongodb/src/cmap/auth) by extensions ['ros']
[2.084s] Level 1:colcon.colcon_core.package_identification:_identify(mars_website/node_modules/mongodb/src/cmap/auth) by extension 'ros'
[2.084s] Level 1:colcon.colcon_core.package_identification:_identify(mars_website/node_modules/mongodb/src/cmap/auth) by extensions ['cmake', 'python']
[2.084s] Level 1:colcon.colcon_core.package_identification:_identify(mars_website/node_modules/mongodb/src/cmap/auth) by extension 'cmake'
[2.084s] Level 1:colcon.colcon_core.package_identification:_identify(mars_website/node_modules/mongodb/src/cmap/auth) by extension 'python'
[2.084s] Level 1:colcon.colcon_core.package_identification:_identify(mars_website/node_modules/mongodb/src/cmap/auth) by extensions ['python_setup_py']
[2.084s] Level 1:colcon.colcon_core.package_identification:_identify(mars_website/node_modules/mongodb/src/cmap/auth) by extension 'python_setup_py'
[2.084s] Level 1:colcon.colcon_core.package_identification:_identify(mars_website/node_modules/mongodb/src/cmap/auth/mongodb_oidc) by extensions ['ignore', 'ignore_ament_install']
[2.084s] Level 1:colcon.colcon_core.package_identification:_identify(mars_website/node_modules/mongodb/src/cmap/auth/mongodb_oidc) by extension 'ignore'
[2.084s] Level 1:colcon.colcon_core.package_identification:_identify(mars_website/node_modules/mongodb/src/cmap/auth/mongodb_oidc) by extension 'ignore_ament_install'
[2.084s] Level 1:colcon.colcon_core.package_identification:_identify(mars_website/node_modules/mongodb/src/cmap/auth/mongodb_oidc) by extensions ['colcon_pkg']
[2.084s] Level 1:colcon.colcon_core.package_identification:_identify(mars_website/node_modules/mongodb/src/cmap/auth/mongodb_oidc) by extension 'colcon_pkg'
[2.084s] Level 1:colcon.colcon_core.package_identification:_identify(mars_website/node_modules/mongodb/src/cmap/auth/mongodb_oidc) by extensions ['colcon_meta']
[2.084s] Level 1:colcon.colcon_core.package_identification:_identify(mars_website/node_modules/mongodb/src/cmap/auth/mongodb_oidc) by extension 'colcon_meta'
[2.084s] Level 1:colcon.colcon_core.package_identification:_identify(mars_website/node_modules/mongodb/src/cmap/auth/mongodb_oidc) by extensions ['ros']
[2.084s] Level 1:colcon.colcon_core.package_identification:_identify(mars_website/node_modules/mongodb/src/cmap/auth/mongodb_oidc) by extension 'ros'
[2.084s] Level 1:colcon.colcon_core.package_identification:_identify(mars_website/node_modules/mongodb/src/cmap/auth/mongodb_oidc) by extensions ['cmake', 'python']
[2.084s] Level 1:colcon.colcon_core.package_identification:_identify(mars_website/node_modules/mongodb/src/cmap/auth/mongodb_oidc) by extension 'cmake'
[2.084s] Level 1:colcon.colcon_core.package_identification:_identify(mars_website/node_modules/mongodb/src/cmap/auth/mongodb_oidc) by extension 'python'
[2.084s] Level 1:colcon.colcon_core.package_identification:_identify(mars_website/node_modules/mongodb/src/cmap/auth/mongodb_oidc) by extensions ['python_setup_py']
[2.084s] Level 1:colcon.colcon_core.package_identification:_identify(mars_website/node_modules/mongodb/src/cmap/auth/mongodb_oidc) by extension 'python_setup_py'
[2.084s] Level 1:colcon.colcon_core.package_identification:_identify(mars_website/node_modules/mongodb/src/cmap/handshake) by extensions ['ignore', 'ignore_ament_install']
[2.084s] Level 1:colcon.colcon_core.package_identification:_identify(mars_website/node_modules/mongodb/src/cmap/handshake) by extension 'ignore'
[2.084s] Level 1:colcon.colcon_core.package_identification:_identify(mars_website/node_modules/mongodb/src/cmap/handshake) by extension 'ignore_ament_install'
[2.084s] Level 1:colcon.colcon_core.package_identification:_identify(mars_website/node_modules/mongodb/src/cmap/handshake) by extensions ['colcon_pkg']
[2.084s] Level 1:colcon.colcon_core.package_identification:_identify(mars_website/node_modules/mongodb/src/cmap/handshake) by extension 'colcon_pkg'
[2.084s] Level 1:colcon.colcon_core.package_identification:_identify(mars_website/node_modules/mongodb/src/cmap/handshake) by extensions ['colcon_meta']
[2.084s] Level 1:colcon.colcon_core.package_identification:_identify(mars_website/node_modules/mongodb/src/cmap/handshake) by extension 'colcon_meta'
[2.084s] Level 1:colcon.colcon_core.package_identification:_identify(mars_website/node_modules/mongodb/src/cmap/handshake) by extensions ['ros']
[2.084s] Level 1:colcon.colcon_core.package_identification:_identify(mars_website/node_modules/mongodb/src/cmap/handshake) by extension 'ros'
[2.084s] Level 1:colcon.colcon_core.package_identification:_identify(mars_website/node_modules/mongodb/src/cmap/handshake) by extensions ['cmake', 'python']
[2.084s] Level 1:colcon.colcon_core.package_identification:_identify(mars_website/node_modules/mongodb/src/cmap/handshake) by extension 'cmake'
[2.084s] Level 1:colcon.colcon_core.package_identification:_identify(mars_website/node_modules/mongodb/src/cmap/handshake) by extension 'python'
[2.084s] Level 1:colcon.colcon_core.package_identification:_identify(mars_website/node_modules/mongodb/src/cmap/handshake) by extensions ['python_setup_py']
[2.084s] Level 1:colcon.colcon_core.package_identification:_identify(mars_website/node_modules/mongodb/src/cmap/handshake) by extension 'python_setup_py'
[2.084s] Level 1:colcon.colcon_core.package_identification:_identify(mars_website/node_modules/mongodb/src/cmap/wire_protocol) by extensions ['ignore', 'ignore_ament_install']
[2.085s] Level 1:colcon.colcon_core.package_identification:_identify(mars_website/node_modules/mongodb/src/cmap/wire_protocol) by extension 'ignore'
[2.085s] Level 1:colcon.colcon_core.package_identification:_identify(mars_website/node_modules/mongodb/src/cmap/wire_protocol) by extension 'ignore_ament_install'
[2.085s] Level 1:colcon.colcon_core.package_identification:_identify(mars_website/node_modules/mongodb/src/cmap/wire_protocol) by extensions ['colcon_pkg']
[2.085s] Level 1:colcon.colcon_core.package_identification:_identify(mars_website/node_modules/mongodb/src/cmap/wire_protocol) by extension 'colcon_pkg'
[2.085s] Level 1:colcon.colcon_core.package_identification:_identify(mars_website/node_modules/mongodb/src/cmap/wire_protocol) by extensions ['colcon_meta']
[2.085s] Level 1:colcon.colcon_core.package_identification:_identify(mars_website/node_modules/mongodb/src/cmap/wire_protocol) by extension 'colcon_meta'
[2.085s] Level 1:colcon.colcon_core.package_identification:_identify(mars_website/node_modules/mongodb/src/cmap/wire_protocol) by extensions ['ros']
[2.085s] Level 1:colcon.colcon_core.package_identification:_identify(mars_website/node_modules/mongodb/src/cmap/wire_protocol) by extension 'ros'
[2.085s] Level 1:colcon.colcon_core.package_identification:_identify(mars_website/node_modules/mongodb/src/cmap/wire_protocol) by extensions ['cmake', 'python']
[2.085s] Level 1:colcon.colcon_core.package_identification:_identify(mars_website/node_modules/mongodb/src/cmap/wire_protocol) by extension 'cmake'
[2.085s] Level 1:colcon.colcon_core.package_identification:_identify(mars_website/node_modules/mongodb/src/cmap/wire_protocol) by extension 'python'
[2.085s] Level 1:colcon.colcon_core.package_identification:_identify(mars_website/node_modules/mongodb/src/cmap/wire_protocol) by extensions ['python_setup_py']
[2.085s] Level 1:colcon.colcon_core.package_identification:_identify(mars_website/node_modules/mongodb/src/cmap/wire_protocol) by extension 'python_setup_py'
[2.085s] Level 1:colcon.colcon_core.package_identification:_identify(mars_website/node_modules/mongodb/src/cmap/wire_protocol/on_demand) by extensions ['ignore', 'ignore_ament_install']
[2.085s] Level 1:colcon.colcon_core.package_identification:_identify(mars_website/node_modules/mongodb/src/cmap/wire_protocol/on_demand) by extension 'ignore'
[2.085s] Level 1:colcon.colcon_core.package_identification:_identify(mars_website/node_modules/mongodb/src/cmap/wire_protocol/on_demand) by extension 'ignore_ament_install'
[2.085s] Level 1:colcon.colcon_core.package_identification:_identify(mars_website/node_modules/mongodb/src/cmap/wire_protocol/on_demand) by extensions ['colcon_pkg']
[2.085s] Level 1:colcon.colcon_core.package_identification:_identify(mars_website/node_modules/mongodb/src/cmap/wire_protocol/on_demand) by extension 'colcon_pkg'
[2.085s] Level 1:colcon.colcon_core.package_identification:_identify(mars_website/node_modules/mongodb/src/cmap/wire_protocol/on_demand) by extensions ['colcon_meta']
[2.085s] Level 1:colcon.colcon_core.package_identification:_identify(mars_website/node_modules/mongodb/src/cmap/wire_protocol/on_demand) by extension 'colcon_meta'
[2.085s] Level 1:colcon.colcon_core.package_identification:_identify(mars_website/node_modules/mongodb/src/cmap/wire_protocol/on_demand) by extensions ['ros']
[2.085s] Level 1:colcon.colcon_core.package_identification:_identify(mars_website/node_modules/mongodb/src/cmap/wire_protocol/on_demand) by extension 'ros'
[2.085s] Level 1:colcon.colcon_core.package_identification:_identify(mars_website/node_modules/mongodb/src/cmap/wire_protocol/on_demand) by extensions ['cmake', 'python']
[2.085s] Level 1:colcon.colcon_core.package_identification:_identify(mars_website/node_modules/mongodb/src/cmap/wire_protocol/on_demand) by extension 'cmake'
[2.085s] Level 1:colcon.colcon_core.package_identification:_identify(mars_website/node_modules/mongodb/src/cmap/wire_protocol/on_demand) by extension 'python'
[2.085s] Level 1:colcon.colcon_core.package_identification:_identify(mars_website/node_modules/mongodb/src/cmap/wire_protocol/on_demand) by extensions ['python_setup_py']
[2.085s] Level 1:colcon.colcon_core.package_identification:_identify(mars_website/node_modules/mongodb/src/cmap/wire_protocol/on_demand) by extension 'python_setup_py'
[2.085s] Level 1:colcon.colcon_core.package_identification:_identify(mars_website/node_modules/mongodb/src/cursor) by extensions ['ignore', 'ignore_ament_install']
[2.085s] Level 1:colcon.colcon_core.package_identification:_identify(mars_website/node_modules/mongodb/src/cursor) by extension 'ignore'
[2.085s] Level 1:colcon.colcon_core.package_identification:_identify(mars_website/node_modules/mongodb/src/cursor) by extension 'ignore_ament_install'
[2.085s] Level 1:colcon.colcon_core.package_identification:_identify(mars_website/node_modules/mongodb/src/cursor) by extensions ['colcon_pkg']
[2.085s] Level 1:colcon.colcon_core.package_identification:_identify(mars_website/node_modules/mongodb/src/cursor) by extension 'colcon_pkg'
[2.085s] Level 1:colcon.colcon_core.package_identification:_identify(mars_website/node_modules/mongodb/src/cursor) by extensions ['colcon_meta']
[2.085s] Level 1:colcon.colcon_core.package_identification:_identify(mars_website/node_modules/mongodb/src/cursor) by extension 'colcon_meta'
[2.085s] Level 1:colcon.colcon_core.package_identification:_identify(mars_website/node_modules/mongodb/src/cursor) by extensions ['ros']
[2.085s] Level 1:colcon.colcon_core.package_identification:_identify(mars_website/node_modules/mongodb/src/cursor) by extension 'ros'
[2.085s] Level 1:colcon.colcon_core.package_identification:_identify(mars_website/node_modules/mongodb/src/cursor) by extensions ['cmake', 'python']
[2.085s] Level 1:colcon.colcon_core.package_identification:_identify(mars_website/node_modules/mongodb/src/cursor) by extension 'cmake'
[2.085s] Level 1:colcon.colcon_core.package_identification:_identify(mars_website/node_modules/mongodb/src/cursor) by extension 'python'
[2.085s] Level 1:colcon.colcon_core.package_identification:_identify(mars_website/node_modules/mongodb/src/cursor) by extensions ['python_setup_py']
[2.085s] Level 1:colcon.colcon_core.package_identification:_identify(mars_website/node_modules/mongodb/src/cursor) by extension 'python_setup_py'
[2.086s] Level 1:colcon.colcon_core.package_identification:_identify(mars_website/node_modules/mongodb/src/gridfs) by extensions ['ignore', 'ignore_ament_install']
[2.086s] Level 1:colcon.colcon_core.package_identification:_identify(mars_website/node_modules/mongodb/src/gridfs) by extension 'ignore'
[2.086s] Level 1:colcon.colcon_core.package_identification:_identify(mars_website/node_modules/mongodb/src/gridfs) by extension 'ignore_ament_install'
[2.086s] Level 1:colcon.colcon_core.package_identification:_identify(mars_website/node_modules/mongodb/src/gridfs) by extensions ['colcon_pkg']
[2.086s] Level 1:colcon.colcon_core.package_identification:_identify(mars_website/node_modules/mongodb/src/gridfs) by extension 'colcon_pkg'
[2.086s] Level 1:colcon.colcon_core.package_identification:_identify(mars_website/node_modules/mongodb/src/gridfs) by extensions ['colcon_meta']
[2.086s] Level 1:colcon.colcon_core.package_identification:_identify(mars_website/node_modules/mongodb/src/gridfs) by extension 'colcon_meta'
[2.086s] Level 1:colcon.colcon_core.package_identification:_identify(mars_website/node_modules/mongodb/src/gridfs) by extensions ['ros']
[2.086s] Level 1:colcon.colcon_core.package_identification:_identify(mars_website/node_modules/mongodb/src/gridfs) by extension 'ros'
[2.086s] Level 1:colcon.colcon_core.package_identification:_identify(mars_website/node_modules/mongodb/src/gridfs) by extensions ['cmake', 'python']
[2.086s] Level 1:colcon.colcon_core.package_identification:_identify(mars_website/node_modules/mongodb/src/gridfs) by extension 'cmake'
[2.086s] Level 1:colcon.colcon_core.package_identification:_identify(mars_website/node_modules/mongodb/src/gridfs) by extension 'python'
[2.086s] Level 1:colcon.colcon_core.package_identification:_identify(mars_website/node_modules/mongodb/src/gridfs) by extensions ['python_setup_py']
[2.086s] Level 1:colcon.colcon_core.package_identification:_identify(mars_website/node_modules/mongodb/src/gridfs) by extension 'python_setup_py'
[2.086s] Level 1:colcon.colcon_core.package_identification:_identify(mars_website/node_modules/mongodb/src/operations) by extensions ['ignore', 'ignore_ament_install']
[2.086s] Level 1:colcon.colcon_core.package_identification:_identify(mars_website/node_modules/mongodb/src/operations) by extension 'ignore'
[2.086s] Level 1:colcon.colcon_core.package_identification:_identify(mars_website/node_modules/mongodb/src/operations) by extension 'ignore_ament_install'
[2.086s] Level 1:colcon.colcon_core.package_identification:_identify(mars_website/node_modules/mongodb/src/operations) by extensions ['colcon_pkg']
[2.086s] Level 1:colcon.colcon_core.package_identification:_identify(mars_website/node_modules/mongodb/src/operations) by extension 'colcon_pkg'
[2.086s] Level 1:colcon.colcon_core.package_identification:_identify(mars_website/node_modules/mongodb/src/operations) by extensions ['colcon_meta']
[2.086s] Level 1:colcon.colcon_core.package_identification:_identify(mars_website/node_modules/mongodb/src/operations) by extension 'colcon_meta'
[2.086s] Level 1:colcon.colcon_core.package_identification:_identify(mars_website/node_modules/mongodb/src/operations) by extensions ['ros']
[2.086s] Level 1:colcon.colcon_core.package_identification:_identify(mars_website/node_modules/mongodb/src/operations) by extension 'ros'
[2.086s] Level 1:colcon.colcon_core.package_identification:_identify(mars_website/node_modules/mongodb/src/operations) by extensions ['cmake', 'python']
[2.086s] Level 1:colcon.colcon_core.package_identification:_identify(mars_website/node_modules/mongodb/src/operations) by extension 'cmake'
[2.086s] Level 1:colcon.colcon_core.package_identification:_identify(mars_website/node_modules/mongodb/src/operations) by extension 'python'
[2.086s] Level 1:colcon.colcon_core.package_identification:_identify(mars_website/node_modules/mongodb/src/operations) by extensions ['python_setup_py']
[2.086s] Level 1:colcon.colcon_core.package_identification:_identify(mars_website/node_modules/mongodb/src/operations) by extension 'python_setup_py'
[2.086s] Level 1:colcon.colcon_core.package_identification:_identify(mars_website/node_modules/mongodb/src/operations/client_bulk_write) by extensions ['ignore', 'ignore_ament_install']
[2.086s] Level 1:colcon.colcon_core.package_identification:_identify(mars_website/node_modules/mongodb/src/operations/client_bulk_write) by extension 'ignore'
[2.086s] Level 1:colcon.colcon_core.package_identification:_identify(mars_website/node_modules/mongodb/src/operations/client_bulk_write) by extension 'ignore_ament_install'
[2.086s] Level 1:colcon.colcon_core.package_identification:_identify(mars_website/node_modules/mongodb/src/operations/client_bulk_write) by extensions ['colcon_pkg']
[2.086s] Level 1:colcon.colcon_core.package_identification:_identify(mars_website/node_modules/mongodb/src/operations/client_bulk_write) by extension 'colcon_pkg'
[2.086s] Level 1:colcon.colcon_core.package_identification:_identify(mars_website/node_modules/mongodb/src/operations/client_bulk_write) by extensions ['colcon_meta']
[2.086s] Level 1:colcon.colcon_core.package_identification:_identify(mars_website/node_modules/mongodb/src/operations/client_bulk_write) by extension 'colcon_meta'
[2.086s] Level 1:colcon.colcon_core.package_identification:_identify(mars_website/node_modules/mongodb/src/operations/client_bulk_write) by extensions ['ros']
[2.086s] Level 1:colcon.colcon_core.package_identification:_identify(mars_website/node_modules/mongodb/src/operations/client_bulk_write) by extension 'ros'
[2.086s] Level 1:colcon.colcon_core.package_identification:_identify(mars_website/node_modules/mongodb/src/operations/client_bulk_write) by extensions ['cmake', 'python']
[2.086s] Level 1:colcon.colcon_core.package_identification:_identify(mars_website/node_modules/mongodb/src/operations/client_bulk_write) by extension 'cmake'
[2.086s] Level 1:colcon.colcon_core.package_identification:_identify(mars_website/node_modules/mongodb/src/operations/client_bulk_write) by extension 'python'
[2.086s] Level 1:colcon.colcon_core.package_identification:_identify(mars_website/node_modules/mongodb/src/operations/client_bulk_write) by extensions ['python_setup_py']
[2.086s] Level 1:colcon.colcon_core.package_identification:_identify(mars_website/node_modules/mongodb/src/operations/client_bulk_write) by extension 'python_setup_py'
[2.086s] Level 1:colcon.colcon_core.package_identification:_identify(mars_website/node_modules/mongodb/src/operations/search_indexes) by extensions ['ignore', 'ignore_ament_install']
[2.087s] Level 1:colcon.colcon_core.package_identification:_identify(mars_website/node_modules/mongodb/src/operations/search_indexes) by extension 'ignore'
[2.087s] Level 1:colcon.colcon_core.package_identification:_identify(mars_website/node_modules/mongodb/src/operations/search_indexes) by extension 'ignore_ament_install'
[2.087s] Level 1:colcon.colcon_core.package_identification:_identify(mars_website/node_modules/mongodb/src/operations/search_indexes) by extensions ['colcon_pkg']
[2.087s] Level 1:colcon.colcon_core.package_identification:_identify(mars_website/node_modules/mongodb/src/operations/search_indexes) by extension 'colcon_pkg'
[2.087s] Level 1:colcon.colcon_core.package_identification:_identify(mars_website/node_modules/mongodb/src/operations/search_indexes) by extensions ['colcon_meta']
[2.087s] Level 1:colcon.colcon_core.package_identification:_identify(mars_website/node_modules/mongodb/src/operations/search_indexes) by extension 'colcon_meta'
[2.087s] Level 1:colcon.colcon_core.package_identification:_identify(mars_website/node_modules/mongodb/src/operations/search_indexes) by extensions ['ros']
[2.087s] Level 1:colcon.colcon_core.package_identification:_identify(mars_website/node_modules/mongodb/src/operations/search_indexes) by extension 'ros'
[2.087s] Level 1:colcon.colcon_core.package_identification:_identify(mars_website/node_modules/mongodb/src/operations/search_indexes) by extensions ['cmake', 'python']
[2.087s] Level 1:colcon.colcon_core.package_identification:_identify(mars_website/node_modules/mongodb/src/operations/search_indexes) by extension 'cmake'
[2.087s] Level 1:colcon.colcon_core.package_identification:_identify(mars_website/node_modules/mongodb/src/operations/search_indexes) by extension 'python'
[2.087s] Level 1:colcon.colcon_core.package_identification:_identify(mars_website/node_modules/mongodb/src/operations/search_indexes) by extensions ['python_setup_py']
[2.087s] Level 1:colcon.colcon_core.package_identification:_identify(mars_website/node_modules/mongodb/src/operations/search_indexes) by extension 'python_setup_py'
[2.087s] Level 1:colcon.colcon_core.package_identification:_identify(mars_website/node_modules/mongodb/src/sdam) by extensions ['ignore', 'ignore_ament_install']
[2.087s] Level 1:colcon.colcon_core.package_identification:_identify(mars_website/node_modules/mongodb/src/sdam) by extension 'ignore'
[2.087s] Level 1:colcon.colcon_core.package_identification:_identify(mars_website/node_modules/mongodb/src/sdam) by extension 'ignore_ament_install'
[2.087s] Level 1:colcon.colcon_core.package_identification:_identify(mars_website/node_modules/mongodb/src/sdam) by extensions ['colcon_pkg']
[2.087s] Level 1:colcon.colcon_core.package_identification:_identify(mars_website/node_modules/mongodb/src/sdam) by extension 'colcon_pkg'
[2.087s] Level 1:colcon.colcon_core.package_identification:_identify(mars_website/node_modules/mongodb/src/sdam) by extensions ['colcon_meta']
[2.087s] Level 1:colcon.colcon_core.package_identification:_identify(mars_website/node_modules/mongodb/src/sdam) by extension 'colcon_meta'
[2.087s] Level 1:colcon.colcon_core.package_identification:_identify(mars_website/node_modules/mongodb/src/sdam) by extensions ['ros']
[2.087s] Level 1:colcon.colcon_core.package_identification:_identify(mars_website/node_modules/mongodb/src/sdam) by extension 'ros'
[2.087s] Level 1:colcon.colcon_core.package_identification:_identify(mars_website/node_modules/mongodb/src/sdam) by extensions ['cmake', 'python']
[2.087s] Level 1:colcon.colcon_core.package_identification:_identify(mars_website/node_modules/mongodb/src/sdam) by extension 'cmake'
[2.087s] Level 1:colcon.colcon_core.package_identification:_identify(mars_website/node_modules/mongodb/src/sdam) by extension 'python'
[2.087s] Level 1:colcon.colcon_core.package_identification:_identify(mars_website/node_modules/mongodb/src/sdam) by extensions ['python_setup_py']
[2.087s] Level 1:colcon.colcon_core.package_identification:_identify(mars_website/node_modules/mongodb/src/sdam) by extension 'python_setup_py'
[2.087s] Level 1:colcon.colcon_core.package_identification:_identify(mars_website/node_modules/mongodb-connection-string-url) by extensions ['ignore', 'ignore_ament_install']
[2.087s] Level 1:colcon.colcon_core.package_identification:_identify(mars_website/node_modules/mongodb-connection-string-url) by extension 'ignore'
[2.087s] Level 1:colcon.colcon_core.package_identification:_identify(mars_website/node_modules/mongodb-connection-string-url) by extension 'ignore_ament_install'
[2.087s] Level 1:colcon.colcon_core.package_identification:_identify(mars_website/node_modules/mongodb-connection-string-url) by extensions ['colcon_pkg']
[2.087s] Level 1:colcon.colcon_core.package_identification:_identify(mars_website/node_modules/mongodb-connection-string-url) by extension 'colcon_pkg'
[2.087s] Level 1:colcon.colcon_core.package_identification:_identify(mars_website/node_modules/mongodb-connection-string-url) by extensions ['colcon_meta']
[2.087s] Level 1:colcon.colcon_core.package_identification:_identify(mars_website/node_modules/mongodb-connection-string-url) by extension 'colcon_meta'
[2.087s] Level 1:colcon.colcon_core.package_identification:_identify(mars_website/node_modules/mongodb-connection-string-url) by extensions ['ros']
[2.087s] Level 1:colcon.colcon_core.package_identification:_identify(mars_website/node_modules/mongodb-connection-string-url) by extension 'ros'
[2.087s] Level 1:colcon.colcon_core.package_identification:_identify(mars_website/node_modules/mongodb-connection-string-url) by extensions ['cmake', 'python']
[2.087s] Level 1:colcon.colcon_core.package_identification:_identify(mars_website/node_modules/mongodb-connection-string-url) by extension 'cmake'
[2.087s] Level 1:colcon.colcon_core.package_identification:_identify(mars_website/node_modules/mongodb-connection-string-url) by extension 'python'
[2.087s] Level 1:colcon.colcon_core.package_identification:_identify(mars_website/node_modules/mongodb-connection-string-url) by extensions ['python_setup_py']
[2.087s] Level 1:colcon.colcon_core.package_identification:_identify(mars_website/node_modules/mongodb-connection-string-url) by extension 'python_setup_py'
[2.087s] Level 1:colcon.colcon_core.package_identification:_identify(mars_website/node_modules/mongodb-connection-string-url/lib) by extensions ['ignore', 'ignore_ament_install']
[2.087s] Level 1:colcon.colcon_core.package_identification:_identify(mars_website/node_modules/mongodb-connection-string-url/lib) by extension 'ignore'
[2.087s] Level 1:colcon.colcon_core.package_identification:_identify(mars_website/node_modules/mongodb-connection-string-url/lib) by extension 'ignore_ament_install'
[2.088s] Level 1:colcon.colcon_core.package_identification:_identify(mars_website/node_modules/mongodb-connection-string-url/lib) by extensions ['colcon_pkg']
[2.088s] Level 1:colcon.colcon_core.package_identification:_identify(mars_website/node_modules/mongodb-connection-string-url/lib) by extension 'colcon_pkg'
[2.088s] Level 1:colcon.colcon_core.package_identification:_identify(mars_website/node_modules/mongodb-connection-string-url/lib) by extensions ['colcon_meta']
[2.088s] Level 1:colcon.colcon_core.package_identification:_identify(mars_website/node_modules/mongodb-connection-string-url/lib) by extension 'colcon_meta'
[2.088s] Level 1:colcon.colcon_core.package_identification:_identify(mars_website/node_modules/mongodb-connection-string-url/lib) by extensions ['ros']
[2.088s] Level 1:colcon.colcon_core.package_identification:_identify(mars_website/node_modules/mongodb-connection-string-url/lib) by extension 'ros'
[2.088s] Level 1:colcon.colcon_core.package_identification:_identify(mars_website/node_modules/mongodb-connection-string-url/lib) by extensions ['cmake', 'python']
[2.088s] Level 1:colcon.colcon_core.package_identification:_identify(mars_website/node_modules/mongodb-connection-string-url/lib) by extension 'cmake'
[2.088s] Level 1:colcon.colcon_core.package_identification:_identify(mars_website/node_modules/mongodb-connection-string-url/lib) by extension 'python'
[2.088s] Level 1:colcon.colcon_core.package_identification:_identify(mars_website/node_modules/mongodb-connection-string-url/lib) by extensions ['python_setup_py']
[2.088s] Level 1:colcon.colcon_core.package_identification:_identify(mars_website/node_modules/mongodb-connection-string-url/lib) by extension 'python_setup_py'
[2.088s] Level 1:colcon.colcon_core.package_identification:_identify(mars_website/node_modules/punycode) by extensions ['ignore', 'ignore_ament_install']
[2.088s] Level 1:colcon.colcon_core.package_identification:_identify(mars_website/node_modules/punycode) by extension 'ignore'
[2.088s] Level 1:colcon.colcon_core.package_identification:_identify(mars_website/node_modules/punycode) by extension 'ignore_ament_install'
[2.088s] Level 1:colcon.colcon_core.package_identification:_identify(mars_website/node_modules/punycode) by extensions ['colcon_pkg']
[2.088s] Level 1:colcon.colcon_core.package_identification:_identify(mars_website/node_modules/punycode) by extension 'colcon_pkg'
[2.088s] Level 1:colcon.colcon_core.package_identification:_identify(mars_website/node_modules/punycode) by extensions ['colcon_meta']
[2.088s] Level 1:colcon.colcon_core.package_identification:_identify(mars_website/node_modules/punycode) by extension 'colcon_meta'
[2.088s] Level 1:colcon.colcon_core.package_identification:_identify(mars_website/node_modules/punycode) by extensions ['ros']
[2.088s] Level 1:colcon.colcon_core.package_identification:_identify(mars_website/node_modules/punycode) by extension 'ros'
[2.088s] Level 1:colcon.colcon_core.package_identification:_identify(mars_website/node_modules/punycode) by extensions ['cmake', 'python']
[2.088s] Level 1:colcon.colcon_core.package_identification:_identify(mars_website/node_modules/punycode) by extension 'cmake'
[2.088s] Level 1:colcon.colcon_core.package_identification:_identify(mars_website/node_modules/punycode) by extension 'python'
[2.088s] Level 1:colcon.colcon_core.package_identification:_identify(mars_website/node_modules/punycode) by extensions ['python_setup_py']
[2.088s] Level 1:colcon.colcon_core.package_identification:_identify(mars_website/node_modules/punycode) by extension 'python_setup_py'
[2.088s] Level 1:colcon.colcon_core.package_identification:_identify(mars_website/node_modules/sparse-bitfield) by extensions ['ignore', 'ignore_ament_install']
[2.088s] Level 1:colcon.colcon_core.package_identification:_identify(mars_website/node_modules/sparse-bitfield) by extension 'ignore'
[2.088s] Level 1:colcon.colcon_core.package_identification:_identify(mars_website/node_modules/sparse-bitfield) by extension 'ignore_ament_install'
[2.088s] Level 1:colcon.colcon_core.package_identification:_identify(mars_website/node_modules/sparse-bitfield) by extensions ['colcon_pkg']
[2.088s] Level 1:colcon.colcon_core.package_identification:_identify(mars_website/node_modules/sparse-bitfield) by extension 'colcon_pkg'
[2.088s] Level 1:colcon.colcon_core.package_identification:_identify(mars_website/node_modules/sparse-bitfield) by extensions ['colcon_meta']
[2.088s] Level 1:colcon.colcon_core.package_identification:_identify(mars_website/node_modules/sparse-bitfield) by extension 'colcon_meta'
[2.088s] Level 1:colcon.colcon_core.package_identification:_identify(mars_website/node_modules/sparse-bitfield) by extensions ['ros']
[2.088s] Level 1:colcon.colcon_core.package_identification:_identify(mars_website/node_modules/sparse-bitfield) by extension 'ros'
[2.088s] Level 1:colcon.colcon_core.package_identification:_identify(mars_website/node_modules/sparse-bitfield) by extensions ['cmake', 'python']
[2.088s] Level 1:colcon.colcon_core.package_identification:_identify(mars_website/node_modules/sparse-bitfield) by extension 'cmake'
[2.088s] Level 1:colcon.colcon_core.package_identification:_identify(mars_website/node_modules/sparse-bitfield) by extension 'python'
[2.088s] Level 1:colcon.colcon_core.package_identification:_identify(mars_website/node_modules/sparse-bitfield) by extensions ['python_setup_py']
[2.088s] Level 1:colcon.colcon_core.package_identification:_identify(mars_website/node_modules/sparse-bitfield) by extension 'python_setup_py'
[2.088s] Level 1:colcon.colcon_core.package_identification:_identify(mars_website/node_modules/tr46) by extensions ['ignore', 'ignore_ament_install']
[2.088s] Level 1:colcon.colcon_core.package_identification:_identify(mars_website/node_modules/tr46) by extension 'ignore'
[2.088s] Level 1:colcon.colcon_core.package_identification:_identify(mars_website/node_modules/tr46) by extension 'ignore_ament_install'
[2.088s] Level 1:colcon.colcon_core.package_identification:_identify(mars_website/node_modules/tr46) by extensions ['colcon_pkg']
[2.088s] Level 1:colcon.colcon_core.package_identification:_identify(mars_website/node_modules/tr46) by extension 'colcon_pkg'
[2.088s] Level 1:colcon.colcon_core.package_identification:_identify(mars_website/node_modules/tr46) by extensions ['colcon_meta']
[2.088s] Level 1:colcon.colcon_core.package_identification:_identify(mars_website/node_modules/tr46) by extension 'colcon_meta'
[2.088s] Level 1:colcon.colcon_core.package_identification:_identify(mars_website/node_modules/tr46) by extensions ['ros']
[2.088s] Level 1:colcon.colcon_core.package_identification:_identify(mars_website/node_modules/tr46) by extension 'ros'
[2.088s] Level 1:colcon.colcon_core.package_identification:_identify(mars_website/node_modules/tr46) by extensions ['cmake', 'python']
[2.089s] Level 1:colcon.colcon_core.package_identification:_identify(mars_website/node_modules/tr46) by extension 'cmake'
[2.089s] Level 1:colcon.colcon_core.package_identification:_identify(mars_website/node_modules/tr46) by extension 'python'
[2.089s] Level 1:colcon.colcon_core.package_identification:_identify(mars_website/node_modules/tr46) by extensions ['python_setup_py']
[2.089s] Level 1:colcon.colcon_core.package_identification:_identify(mars_website/node_modules/tr46) by extension 'python_setup_py'
[2.089s] Level 1:colcon.colcon_core.package_identification:_identify(mars_website/node_modules/tr46/lib) by extensions ['ignore', 'ignore_ament_install']
[2.089s] Level 1:colcon.colcon_core.package_identification:_identify(mars_website/node_modules/tr46/lib) by extension 'ignore'
[2.089s] Level 1:colcon.colcon_core.package_identification:_identify(mars_website/node_modules/tr46/lib) by extension 'ignore_ament_install'
[2.089s] Level 1:colcon.colcon_core.package_identification:_identify(mars_website/node_modules/tr46/lib) by extensions ['colcon_pkg']
[2.089s] Level 1:colcon.colcon_core.package_identification:_identify(mars_website/node_modules/tr46/lib) by extension 'colcon_pkg'
[2.089s] Level 1:colcon.colcon_core.package_identification:_identify(mars_website/node_modules/tr46/lib) by extensions ['colcon_meta']
[2.089s] Level 1:colcon.colcon_core.package_identification:_identify(mars_website/node_modules/tr46/lib) by extension 'colcon_meta'
[2.089s] Level 1:colcon.colcon_core.package_identification:_identify(mars_website/node_modules/tr46/lib) by extensions ['ros']
[2.089s] Level 1:colcon.colcon_core.package_identification:_identify(mars_website/node_modules/tr46/lib) by extension 'ros'
[2.089s] Level 1:colcon.colcon_core.package_identification:_identify(mars_website/node_modules/tr46/lib) by extensions ['cmake', 'python']
[2.089s] Level 1:colcon.colcon_core.package_identification:_identify(mars_website/node_modules/tr46/lib) by extension 'cmake'
[2.089s] Level 1:colcon.colcon_core.package_identification:_identify(mars_website/node_modules/tr46/lib) by extension 'python'
[2.089s] Level 1:colcon.colcon_core.package_identification:_identify(mars_website/node_modules/tr46/lib) by extensions ['python_setup_py']
[2.089s] Level 1:colcon.colcon_core.package_identification:_identify(mars_website/node_modules/tr46/lib) by extension 'python_setup_py'
[2.089s] Level 1:colcon.colcon_core.package_identification:_identify(mars_website/node_modules/webidl-conversions) by extensions ['ignore', 'ignore_ament_install']
[2.089s] Level 1:colcon.colcon_core.package_identification:_identify(mars_website/node_modules/webidl-conversions) by extension 'ignore'
[2.089s] Level 1:colcon.colcon_core.package_identification:_identify(mars_website/node_modules/webidl-conversions) by extension 'ignore_ament_install'
[2.089s] Level 1:colcon.colcon_core.package_identification:_identify(mars_website/node_modules/webidl-conversions) by extensions ['colcon_pkg']
[2.089s] Level 1:colcon.colcon_core.package_identification:_identify(mars_website/node_modules/webidl-conversions) by extension 'colcon_pkg'
[2.089s] Level 1:colcon.colcon_core.package_identification:_identify(mars_website/node_modules/webidl-conversions) by extensions ['colcon_meta']
[2.089s] Level 1:colcon.colcon_core.package_identification:_identify(mars_website/node_modules/webidl-conversions) by extension 'colcon_meta'
[2.089s] Level 1:colcon.colcon_core.package_identification:_identify(mars_website/node_modules/webidl-conversions) by extensions ['ros']
[2.089s] Level 1:colcon.colcon_core.package_identification:_identify(mars_website/node_modules/webidl-conversions) by extension 'ros'
[2.089s] Level 1:colcon.colcon_core.package_identification:_identify(mars_website/node_modules/webidl-conversions) by extensions ['cmake', 'python']
[2.089s] Level 1:colcon.colcon_core.package_identification:_identify(mars_website/node_modules/webidl-conversions) by extension 'cmake'
[2.089s] Level 1:colcon.colcon_core.package_identification:_identify(mars_website/node_modules/webidl-conversions) by extension 'python'
[2.089s] Level 1:colcon.colcon_core.package_identification:_identify(mars_website/node_modules/webidl-conversions) by extensions ['python_setup_py']
[2.089s] Level 1:colcon.colcon_core.package_identification:_identify(mars_website/node_modules/webidl-conversions) by extension 'python_setup_py'
[2.089s] Level 1:colcon.colcon_core.package_identification:_identify(mars_website/node_modules/webidl-conversions/lib) by extensions ['ignore', 'ignore_ament_install']
[2.089s] Level 1:colcon.colcon_core.package_identification:_identify(mars_website/node_modules/webidl-conversions/lib) by extension 'ignore'
[2.089s] Level 1:colcon.colcon_core.package_identification:_identify(mars_website/node_modules/webidl-conversions/lib) by extension 'ignore_ament_install'
[2.089s] Level 1:colcon.colcon_core.package_identification:_identify(mars_website/node_modules/webidl-conversions/lib) by extensions ['colcon_pkg']
[2.089s] Level 1:colcon.colcon_core.package_identification:_identify(mars_website/node_modules/webidl-conversions/lib) by extension 'colcon_pkg'
[2.089s] Level 1:colcon.colcon_core.package_identification:_identify(mars_website/node_modules/webidl-conversions/lib) by extensions ['colcon_meta']
[2.089s] Level 1:colcon.colcon_core.package_identification:_identify(mars_website/node_modules/webidl-conversions/lib) by extension 'colcon_meta'
[2.089s] Level 1:colcon.colcon_core.package_identification:_identify(mars_website/node_modules/webidl-conversions/lib) by extensions ['ros']
[2.089s] Level 1:colcon.colcon_core.package_identification:_identify(mars_website/node_modules/webidl-conversions/lib) by extension 'ros'
[2.089s] Level 1:colcon.colcon_core.package_identification:_identify(mars_website/node_modules/webidl-conversions/lib) by extensions ['cmake', 'python']
[2.089s] Level 1:colcon.colcon_core.package_identification:_identify(mars_website/node_modules/webidl-conversions/lib) by extension 'cmake'
[2.089s] Level 1:colcon.colcon_core.package_identification:_identify(mars_website/node_modules/webidl-conversions/lib) by extension 'python'
[2.089s] Level 1:colcon.colcon_core.package_identification:_identify(mars_website/node_modules/webidl-conversions/lib) by extensions ['python_setup_py']
[2.089s] Level 1:colcon.colcon_core.package_identification:_identify(mars_website/node_modules/webidl-conversions/lib) by extension 'python_setup_py'
[2.089s] Level 1:colcon.colcon_core.package_identification:_identify(mars_website/node_modules/whatwg-url) by extensions ['ignore', 'ignore_ament_install']
[2.090s] Level 1:colcon.colcon_core.package_identification:_identify(mars_website/node_modules/whatwg-url) by extension 'ignore'
[2.090s] Level 1:colcon.colcon_core.package_identification:_identify(mars_website/node_modules/whatwg-url) by extension 'ignore_ament_install'
[2.090s] Level 1:colcon.colcon_core.package_identification:_identify(mars_website/node_modules/whatwg-url) by extensions ['colcon_pkg']
[2.090s] Level 1:colcon.colcon_core.package_identification:_identify(mars_website/node_modules/whatwg-url) by extension 'colcon_pkg'
[2.090s] Level 1:colcon.colcon_core.package_identification:_identify(mars_website/node_modules/whatwg-url) by extensions ['colcon_meta']
[2.090s] Level 1:colcon.colcon_core.package_identification:_identify(mars_website/node_modules/whatwg-url) by extension 'colcon_meta'
[2.090s] Level 1:colcon.colcon_core.package_identification:_identify(mars_website/node_modules/whatwg-url) by extensions ['ros']
[2.090s] Level 1:colcon.colcon_core.package_identification:_identify(mars_website/node_modules/whatwg-url) by extension 'ros'
[2.090s] Level 1:colcon.colcon_core.package_identification:_identify(mars_website/node_modules/whatwg-url) by extensions ['cmake', 'python']
[2.090s] Level 1:colcon.colcon_core.package_identification:_identify(mars_website/node_modules/whatwg-url) by extension 'cmake'
[2.090s] Level 1:colcon.colcon_core.package_identification:_identify(mars_website/node_modules/whatwg-url) by extension 'python'
[2.090s] Level 1:colcon.colcon_core.package_identification:_identify(mars_website/node_modules/whatwg-url) by extensions ['python_setup_py']
[2.090s] Level 1:colcon.colcon_core.package_identification:_identify(mars_website/node_modules/whatwg-url) by extension 'python_setup_py'
[2.090s] Level 1:colcon.colcon_core.package_identification:_identify(mars_website/node_modules/whatwg-url/lib) by extensions ['ignore', 'ignore_ament_install']
[2.090s] Level 1:colcon.colcon_core.package_identification:_identify(mars_website/node_modules/whatwg-url/lib) by extension 'ignore'
[2.090s] Level 1:colcon.colcon_core.package_identification:_identify(mars_website/node_modules/whatwg-url/lib) by extension 'ignore_ament_install'
[2.090s] Level 1:colcon.colcon_core.package_identification:_identify(mars_website/node_modules/whatwg-url/lib) by extensions ['colcon_pkg']
[2.090s] Level 1:colcon.colcon_core.package_identification:_identify(mars_website/node_modules/whatwg-url/lib) by extension 'colcon_pkg'
[2.090s] Level 1:colcon.colcon_core.package_identification:_identify(mars_website/node_modules/whatwg-url/lib) by extensions ['colcon_meta']
[2.090s] Level 1:colcon.colcon_core.package_identification:_identify(mars_website/node_modules/whatwg-url/lib) by extension 'colcon_meta'
[2.090s] Level 1:colcon.colcon_core.package_identification:_identify(mars_website/node_modules/whatwg-url/lib) by extensions ['ros']
[2.090s] Level 1:colcon.colcon_core.package_identification:_identify(mars_website/node_modules/whatwg-url/lib) by extension 'ros'
[2.090s] Level 1:colcon.colcon_core.package_identification:_identify(mars_website/node_modules/whatwg-url/lib) by extensions ['cmake', 'python']
[2.090s] Level 1:colcon.colcon_core.package_identification:_identify(mars_website/node_modules/whatwg-url/lib) by extension 'cmake'
[2.090s] Level 1:colcon.colcon_core.package_identification:_identify(mars_website/node_modules/whatwg-url/lib) by extension 'python'
[2.090s] Level 1:colcon.colcon_core.package_identification:_identify(mars_website/node_modules/whatwg-url/lib) by extensions ['python_setup_py']
[2.090s] Level 1:colcon.colcon_core.package_identification:_identify(mars_website/node_modules/whatwg-url/lib) by extension 'python_setup_py'
[2.090s] Level 1:colcon.colcon_core.package_identification:_identify(src) by extensions ['ignore', 'ignore_ament_install']
[2.090s] Level 1:colcon.colcon_core.package_identification:_identify(src) by extension 'ignore'
[2.090s] Level 1:colcon.colcon_core.package_identification:_identify(src) by extension 'ignore_ament_install'
[2.090s] Level 1:colcon.colcon_core.package_identification:_identify(src) by extensions ['colcon_pkg']
[2.090s] Level 1:colcon.colcon_core.package_identification:_identify(src) by extension 'colcon_pkg'
[2.090s] Level 1:colcon.colcon_core.package_identification:_identify(src) by extensions ['colcon_meta']
[2.090s] Level 1:colcon.colcon_core.package_identification:_identify(src) by extension 'colcon_meta'
[2.090s] Level 1:colcon.colcon_core.package_identification:_identify(src) by extensions ['ros']
[2.090s] Level 1:colcon.colcon_core.package_identification:_identify(src) by extension 'ros'
[2.090s] Level 1:colcon.colcon_core.package_identification:_identify(src) by extensions ['cmake', 'python']
[2.090s] Level 1:colcon.colcon_core.package_identification:_identify(src) by extension 'cmake'
[2.090s] Level 1:colcon.colcon_core.package_identification:_identify(src) by extension 'python'
[2.090s] Level 1:colcon.colcon_core.package_identification:_identify(src) by extensions ['python_setup_py']
[2.090s] Level 1:colcon.colcon_core.package_identification:_identify(src) by extension 'python_setup_py'
[2.090s] Level 1:colcon.colcon_core.package_identification:_identify(src/mars) by extensions ['ignore', 'ignore_ament_install']
[2.090s] Level 1:colcon.colcon_core.package_identification:_identify(src/mars) by extension 'ignore'
[2.090s] Level 1:colcon.colcon_core.package_identification:_identify(src/mars) by extension 'ignore_ament_install'
[2.090s] Level 1:colcon.colcon_core.package_identification:_identify(src/mars) by extensions ['colcon_pkg']
[2.090s] Level 1:colcon.colcon_core.package_identification:_identify(src/mars) by extension 'colcon_pkg'
[2.090s] Level 1:colcon.colcon_core.package_identification:_identify(src/mars) by extensions ['colcon_meta']
[2.090s] Level 1:colcon.colcon_core.package_identification:_identify(src/mars) by extension 'colcon_meta'
[2.090s] Level 1:colcon.colcon_core.package_identification:_identify(src/mars) by extensions ['ros']
[2.091s] Level 1:colcon.colcon_core.package_identification:_identify(src/mars) by extension 'ros'
[2.152s] DEBUG:colcon.colcon_core.package_identification:Package 'src/mars' with type 'ros.ament_cmake' and name 'mars'
[2.152s] Level 1:colcon.colcon_core.package_identification:_identify(src/mars_orders) by extensions ['ignore', 'ignore_ament_install']
[2.152s] Level 1:colcon.colcon_core.package_identification:_identify(src/mars_orders) by extension 'ignore'
[2.152s] Level 1:colcon.colcon_core.package_identification:_identify(src/mars_orders) by extension 'ignore_ament_install'
[2.152s] Level 1:colcon.colcon_core.package_identification:_identify(src/mars_orders) by extensions ['colcon_pkg']
[2.152s] Level 1:colcon.colcon_core.package_identification:_identify(src/mars_orders) by extension 'colcon_pkg'
[2.152s] Level 1:colcon.colcon_core.package_identification:_identify(src/mars_orders) by extensions ['colcon_meta']
[2.152s] Level 1:colcon.colcon_core.package_identification:_identify(src/mars_orders) by extension 'colcon_meta'
[2.152s] Level 1:colcon.colcon_core.package_identification:_identify(src/mars_orders) by extensions ['ros']
[2.152s] Level 1:colcon.colcon_core.package_identification:_identify(src/mars_orders) by extension 'ros'
[2.153s] DEBUG:colcon.colcon_core.package_identification:Package 'src/mars_orders' with type 'ros.ament_python' and name 'mars_orders'
[2.154s] Level 1:colcon.colcon_core.package_discovery:discover_packages(recursive) using defaults
[2.154s] Level 1:colcon.colcon_core.package_discovery:discover_packages(ignore) discover
[2.154s] Level 1:colcon.colcon_core.package_discovery:discover_packages(ignore) using defaults
[2.154s] Level 1:colcon.colcon_core.package_discovery:discover_packages(path) discover
[2.154s] Level 1:colcon.colcon_core.package_discovery:discover_packages(path) using defaults
[2.385s] Level 1:colcon.colcon_core.package_discovery:discover_packages(prefix_path) check parameters
[2.385s] Level 1:colcon.colcon_core.package_discovery:discover_packages(prefix_path) discover
[2.392s] DEBUG:colcon.colcon_installed_package_information.package_discovery:Found 390 installed packages in /opt/ros/jazzy
[2.394s] Level 1:colcon.colcon_core.package_discovery:discover_packages(prefix_path) using defaults
[2.468s] Level 5:colcon.colcon_core.verb:set package 'mars' build argument 'cmake_args' from command line to 'None'
[2.468s] Level 5:colcon.colcon_core.verb:set package 'mars' build argument 'cmake_target' from command line to 'None'
[2.468s] Level 5:colcon.colcon_core.verb:set package 'mars' build argument 'cmake_target_skip_unavailable' from command line to 'False'
[2.468s] Level 5:colcon.colcon_core.verb:set package 'mars' build argument 'cmake_clean_cache' from command line to 'False'
[2.468s] Level 5:colcon.colcon_core.verb:set package 'mars' build argument 'cmake_clean_first' from command line to 'False'
[2.468s] Level 5:colcon.colcon_core.verb:set package 'mars' build argument 'cmake_force_configure' from command line to 'False'
[2.468s] Level 5:colcon.colcon_core.verb:set package 'mars' build argument 'ament_cmake_args' from command line to 'None'
[2.468s] Level 5:colcon.colcon_core.verb:set package 'mars' build argument 'catkin_cmake_args' from command line to 'None'
[2.468s] Level 5:colcon.colcon_core.verb:set package 'mars' build argument 'catkin_skip_building_tests' from command line to 'False'
[2.468s] DEBUG:colcon.colcon_core.verb:Building package 'mars' with the following arguments: {'ament_cmake_args': None, 'build_base': '/home/harsh/ros2_ws/build/mars', 'catkin_cmake_args': None, 'catkin_skip_building_tests': False, 'cmake_args': None, 'cmake_clean_cache': False, 'cmake_clean_first': False, 'cmake_force_configure': False, 'cmake_target': None, 'cmake_target_skip_unavailable': False, 'install_base': '/home/harsh/ros2_ws/install/mars', 'merge_install': False, 'path': '/home/harsh/ros2_ws/src/mars', 'symlink_install': False, 'test_result_base': None}
[2.468s] Level 5:colcon.colcon_core.verb:set package 'mars_orders' build argument 'cmake_args' from command line to 'None'
[2.468s] Level 5:colcon.colcon_core.verb:set package 'mars_orders' build argument 'cmake_target' from command line to 'None'
[2.468s] Level 5:colcon.colcon_core.verb:set package 'mars_orders' build argument 'cmake_target_skip_unavailable' from command line to 'False'
[2.468s] Level 5:colcon.colcon_core.verb:set package 'mars_orders' build argument 'cmake_clean_cache' from command line to 'False'
[2.468s] Level 5:colcon.colcon_core.verb:set package 'mars_orders' build argument 'cmake_clean_first' from command line to 'False'
[2.468s] Level 5:colcon.colcon_core.verb:set package 'mars_orders' build argument 'cmake_force_configure' from command line to 'False'
[2.468s] Level 5:colcon.colcon_core.verb:set package 'mars_orders' build argument 'ament_cmake_args' from command line to 'None'
[2.468s] Level 5:colcon.colcon_core.verb:set package 'mars_orders' build argument 'catkin_cmake_args' from command line to 'None'
[2.468s] Level 5:colcon.colcon_core.verb:set package 'mars_orders' build argument 'catkin_skip_building_tests' from command line to 'False'
[2.468s] DEBUG:colcon.colcon_core.verb:Building package 'mars_orders' with the following arguments: {'ament_cmake_args': None, 'build_base': '/home/harsh/ros2_ws/build/mars_orders', 'catkin_cmake_args': None, 'catkin_skip_building_tests': False, 'cmake_args': None, 'cmake_clean_cache': False, 'cmake_clean_first': False, 'cmake_force_configure': False, 'cmake_target': None, 'cmake_target_skip_unavailable': False, 'install_base': '/home/harsh/ros2_ws/install/mars_orders', 'merge_install': False, 'path': '/home/harsh/ros2_ws/src/mars_orders', 'symlink_install': False, 'test_result_base': None}
[2.469s] INFO:colcon.colcon_core.executor:Executing jobs using 'parallel' executor
[2.469s] DEBUG:colcon.colcon_parallel_executor.executor.parallel:run_until_complete
[2.469s] INFO:colcon.colcon_ros.task.ament_cmake.build:Building ROS package in '/home/harsh/ros2_ws/src/mars' with build type 'ament_cmake'
[2.469s] INFO:colcon.colcon_cmake.task.cmake.build:Building CMake package in '/home/harsh/ros2_ws/src/mars'
[2.479s] INFO:colcon.colcon_core.plugin_system:Skipping extension 'colcon_core.shell.bat': Not used on non-Windows systems
[2.479s] INFO:colcon.colcon_core.shell:Skip shell extension 'powershell' for command environment: Not usable outside of PowerShell
[2.479s] DEBUG:colcon.colcon_core.shell:Skip shell extension 'dsv' for command environment
[2.493s] INFO:colcon.colcon_ros.task.ament_python.build:Building ROS package in '/home/harsh/ros2_ws/src/mars_orders' with build type 'ament_python'
[2.493s] Level 1:colcon.colcon_core.shell:create_environment_hook('mars_orders', 'ament_prefix_path')
[2.493s] INFO:colcon.colcon_core.shell:Creating environment hook '/home/harsh/ros2_ws/install/mars_orders/share/mars_orders/hook/ament_prefix_path.ps1'
[2.515s] INFO:colcon.colcon_core.shell:Creating environment descriptor '/home/harsh/ros2_ws/install/mars_orders/share/mars_orders/hook/ament_prefix_path.dsv'
[2.517s] INFO:colcon.colcon_core.shell:Creating environment hook '/home/harsh/ros2_ws/install/mars_orders/share/mars_orders/hook/ament_prefix_path.sh'
[2.518s] INFO:colcon.colcon_core.shell:Skip shell extension 'powershell' for command environment: Not usable outside of PowerShell
[2.518s] DEBUG:colcon.colcon_core.shell:Skip shell extension 'dsv' for command environment
[2.537s] DEBUG:colcon.colcon_core.event_handler.log_command:Invoking command in '/home/harsh/ros2_ws/build/mars': CMAKE_PREFIX_PATH=${CMAKE_PREFIX_PATH}:/opt/ros/jazzy DEBUGINFOD_URLS=https://debuginfod.ubuntu.com /usr/bin/cmake --build /home/harsh/ros2_ws/build/mars -- -j12 -l12
[2.843s] INFO:colcon.colcon_core.task.python.build:Building Python package in '/home/harsh/ros2_ws/src/mars_orders'
[2.843s] INFO:colcon.colcon_core.shell:Skip shell extension 'powershell' for command environment: Not usable outside of PowerShell
[2.843s] DEBUG:colcon.colcon_core.shell:Skip shell extension 'dsv' for command environment
[3.457s] DEBUG:colcon.colcon_core.event_handler.log_command:Invoked command in '/home/harsh/ros2_ws/build/mars' returned '0': CMAKE_PREFIX_PATH=${CMAKE_PREFIX_PATH}:/opt/ros/jazzy DEBUGINFOD_URLS=https://debuginfod.ubuntu.com /usr/bin/cmake --build /home/harsh/ros2_ws/build/mars -- -j12 -l12
[3.492s] DEBUG:colcon.colcon_core.event_handler.log_command:Invoking command in '/home/harsh/ros2_ws/build/mars': CMAKE_PREFIX_PATH=${CMAKE_PREFIX_PATH}:/opt/ros/jazzy DEBUGINFOD_URLS=https://debuginfod.ubuntu.com /usr/bin/cmake --install /home/harsh/ros2_ws/build/mars
[3.581s] Level 1:colcon.colcon_core.environment:create_environment_scripts_only(mars)
[3.581s] DEBUG:colcon.colcon_core.event_handler.log_command:Invoked command in '/home/harsh/ros2_ws/build/mars' returned '0': CMAKE_PREFIX_PATH=${CMAKE_PREFIX_PATH}:/opt/ros/jazzy DEBUGINFOD_URLS=https://debuginfod.ubuntu.com /usr/bin/cmake --install /home/harsh/ros2_ws/build/mars
[3.646s] Level 1:colcon.colcon_core.environment:checking '/home/harsh/ros2_ws/install/mars' for CMake module files
[3.646s] Level 1:colcon.colcon_core.environment:checking '/home/harsh/ros2_ws/install/mars' for CMake config files
[3.647s] Level 1:colcon.colcon_core.shell:create_environment_hook('mars', 'cmake_prefix_path')
[3.647s] INFO:colcon.colcon_core.shell:Creating environment hook '/home/harsh/ros2_ws/install/mars/share/mars/hook/cmake_prefix_path.ps1'
[3.647s] INFO:colcon.colcon_core.shell:Creating environment descriptor '/home/harsh/ros2_ws/install/mars/share/mars/hook/cmake_prefix_path.dsv'
[3.648s] INFO:colcon.colcon_core.shell:Creating environment hook '/home/harsh/ros2_ws/install/mars/share/mars/hook/cmake_prefix_path.sh'
[3.649s] Level 1:colcon.colcon_core.environment:checking '/home/harsh/ros2_ws/install/mars/bin'
[3.649s] Level 1:colcon.colcon_core.environment:checking '/home/harsh/ros2_ws/install/mars/lib/pkgconfig/mars.pc'
[3.649s] Level 1:colcon.colcon_core.environment:checking '/home/harsh/ros2_ws/install/mars/lib/python3.12/site-packages'
[3.649s] Level 1:colcon.colcon_core.environment:checking '/home/harsh/ros2_ws/install/mars/bin'
[3.649s] INFO:colcon.colcon_core.shell:Creating package script '/home/harsh/ros2_ws/install/mars/share/mars/package.ps1'
[3.670s] INFO:colcon.colcon_core.shell:Creating package descriptor '/home/harsh/ros2_ws/install/mars/share/mars/package.dsv'
[3.715s] INFO:colcon.colcon_core.shell:Creating package script '/home/harsh/ros2_ws/install/mars/share/mars/package.sh'
[3.716s] INFO:colcon.colcon_core.shell:Creating package script '/home/harsh/ros2_ws/install/mars/share/mars/package.bash'
[3.727s] INFO:colcon.colcon_core.shell:Creating package script '/home/harsh/ros2_ws/install/mars/share/mars/package.zsh'
[3.745s] Level 1:colcon.colcon_core.environment:create_file_with_runtime_dependencies(/home/harsh/ros2_ws/install/mars/share/colcon-core/packages/mars)
[3.746s] Level 1:colcon.colcon_core.environment:create_environment_scripts_only(mars)
[3.746s] Level 1:colcon.colcon_core.environment:checking '/home/harsh/ros2_ws/install/mars' for CMake module files
[3.747s] Level 1:colcon.colcon_core.environment:checking '/home/harsh/ros2_ws/install/mars' for CMake config files
[3.747s] Level 1:colcon.colcon_core.shell:create_environment_hook('mars', 'cmake_prefix_path')
[3.747s] INFO:colcon.colcon_core.shell:Creating environment hook '/home/harsh/ros2_ws/install/mars/share/mars/hook/cmake_prefix_path.ps1'
[3.748s] INFO:colcon.colcon_core.shell:Creating environment descriptor '/home/harsh/ros2_ws/install/mars/share/mars/hook/cmake_prefix_path.dsv'
[3.748s] INFO:colcon.colcon_core.shell:Creating environment hook '/home/harsh/ros2_ws/install/mars/share/mars/hook/cmake_prefix_path.sh'
[3.749s] Level 1:colcon.colcon_core.environment:checking '/home/harsh/ros2_ws/install/mars/bin'
[3.749s] Level 1:colcon.colcon_core.environment:checking '/home/harsh/ros2_ws/install/mars/lib/pkgconfig/mars.pc'
[3.749s] Level 1:colcon.colcon_core.environment:checking '/home/harsh/ros2_ws/install/mars/lib/python3.12/site-packages'
[3.750s] Level 1:colcon.colcon_core.environment:checking '/home/harsh/ros2_ws/install/mars/bin'
[3.750s] INFO:colcon.colcon_core.shell:Creating package script '/home/harsh/ros2_ws/install/mars/share/mars/package.ps1'
[3.750s] INFO:colcon.colcon_core.shell:Creating package descriptor '/home/harsh/ros2_ws/install/mars/share/mars/package.dsv'
[3.751s] INFO:colcon.colcon_core.shell:Creating package script '/home/harsh/ros2_ws/install/mars/share/mars/package.sh'
[3.751s] INFO:colcon.colcon_core.shell:Creating package script '/home/harsh/ros2_ws/install/mars/share/mars/package.bash'
[3.751s] INFO:colcon.colcon_core.shell:Creating package script '/home/harsh/ros2_ws/install/mars/share/mars/package.zsh'
[3.752s] Level 1:colcon.colcon_core.environment:create_file_with_runtime_dependencies(/home/harsh/ros2_ws/install/mars/share/colcon-core/packages/mars)
[7.640s] DEBUG:colcon.colcon_core.task.python.build:Available setuptools commands: install_scripts, compile_catalog, bdist_rpm, init_catalog, build_clib, register, alias, update_catalog, build_scripts, upload, develop, egg_info, install, saveopts, extract_messages, rotate, clean, check, dist_info, bdist_dumb, build, install_data, bdist_wheel, install_headers, bdist_egg, build_py, setopt, install_egg_info, upload_docs, editable_wheel, test, sdist, bdist, install_lib, easy_install, symlink_data, build_ext
[7.642s] DEBUG:colcon.colcon_core.event_handler.log_command:Invoking command in '/home/harsh/ros2_ws/src/mars_orders': DEBUGINFOD_URLS=https://debuginfod.ubuntu.com PYTHONPATH=/home/harsh/ros2_ws/build/mars_orders/prefix_override:/usr/lib/python3/dist-packages/colcon_core/task/python/colcon_distutils_commands:/home/harsh/ros2_ws/install/mars_orders/lib/python3.12/site-packages:${PYTHONPATH} /usr/bin/python3 -W ignore:setup.py install is deprecated -W ignore:easy_install command is deprecated setup.py egg_info --egg-base ../../build/mars_orders build --build-base /home/harsh/ros2_ws/build/mars_orders/build install --record /home/harsh/ros2_ws/build/mars_orders/install.log --install-scripts $base/lib/mars_orders --single-version-externally-managed install_data
[7.984s] Level 1:colcon.colcon_core.environment:checking '/home/harsh/ros2_ws/install/mars_orders' for CMake module files
[7.984s] DEBUG:colcon.colcon_core.event_handler.log_command:Invoked command in '/home/harsh/ros2_ws/src/mars_orders' returned '0': DEBUGINFOD_URLS=https://debuginfod.ubuntu.com PYTHONPATH=/home/harsh/ros2_ws/build/mars_orders/prefix_override:/usr/lib/python3/dist-packages/colcon_core/task/python/colcon_distutils_commands:/home/harsh/ros2_ws/install/mars_orders/lib/python3.12/site-packages:${PYTHONPATH} /usr/bin/python3 -W ignore:setup.py install is deprecated -W ignore:easy_install command is deprecated setup.py egg_info --egg-base ../../build/mars_orders build --build-base /home/harsh/ros2_ws/build/mars_orders/build install --record /home/harsh/ros2_ws/build/mars_orders/install.log --install-scripts $base/lib/mars_orders --single-version-externally-managed install_data
[7.985s] Level 1:colcon.colcon_core.environment:checking '/home/harsh/ros2_ws/install/mars_orders' for CMake config files
[7.985s] Level 1:colcon.colcon_core.environment:checking '/home/harsh/ros2_ws/install/mars_orders/lib'
[7.985s] Level 1:colcon.colcon_core.environment:checking '/home/harsh/ros2_ws/install/mars_orders/bin'
[7.985s] Level 1:colcon.colcon_core.environment:checking '/home/harsh/ros2_ws/install/mars_orders/lib/pkgconfig/mars_orders.pc'
[7.985s] Level 1:colcon.colcon_core.environment:checking '/home/harsh/ros2_ws/install/mars_orders/lib/python3.12/site-packages'
[7.985s] Level 1:colcon.colcon_core.shell:create_environment_hook('mars_orders', 'pythonpath')
[7.986s] INFO:colcon.colcon_core.shell:Creating environment hook '/home/harsh/ros2_ws/install/mars_orders/share/mars_orders/hook/pythonpath.ps1'
[7.986s] INFO:colcon.colcon_core.shell:Creating environment descriptor '/home/harsh/ros2_ws/install/mars_orders/share/mars_orders/hook/pythonpath.dsv'
[7.986s] INFO:colcon.colcon_core.shell:Creating environment hook '/home/harsh/ros2_ws/install/mars_orders/share/mars_orders/hook/pythonpath.sh'
[7.987s] Level 1:colcon.colcon_core.environment:checking '/home/harsh/ros2_ws/install/mars_orders/bin'
[7.987s] Level 1:colcon.colcon_core.environment:create_environment_scripts_only(mars_orders)
[7.987s] INFO:colcon.colcon_core.shell:Creating package script '/home/harsh/ros2_ws/install/mars_orders/share/mars_orders/package.ps1'
[7.987s] INFO:colcon.colcon_core.shell:Creating package descriptor '/home/harsh/ros2_ws/install/mars_orders/share/mars_orders/package.dsv'
[7.987s] INFO:colcon.colcon_core.shell:Creating package script '/home/harsh/ros2_ws/install/mars_orders/share/mars_orders/package.sh'
[7.988s] INFO:colcon.colcon_core.shell:Creating package script '/home/harsh/ros2_ws/install/mars_orders/share/mars_orders/package.bash'
[7.988s] INFO:colcon.colcon_core.shell:Creating package script '/home/harsh/ros2_ws/install/mars_orders/share/mars_orders/package.zsh'
[7.988s] Level 1:colcon.colcon_core.environment:create_file_with_runtime_dependencies(/home/harsh/ros2_ws/install/mars_orders/share/colcon-core/packages/mars_orders)
[7.988s] DEBUG:colcon.colcon_parallel_executor.executor.parallel:closing loop
[7.988s] DEBUG:colcon.colcon_parallel_executor.executor.parallel:loop closed
[7.988s] DEBUG:colcon.colcon_parallel_executor.executor.parallel:run_until_complete finished with '0'
[7.988s] DEBUG:colcon.colcon_core.event_reactor:joining thread
[8.016s] INFO:colcon.colcon_core.plugin_system:Skipping extension 'colcon_notification.desktop_notification.terminal_notifier': Not used on non-Darwin systems
[8.017s] INFO:colcon.colcon_core.plugin_system:Skipping extension 'colcon_notification.desktop_notification.win32': Not used on non-Windows systems
[8.017s] INFO:colcon.colcon_notification.desktop_notification:Sending desktop notification using 'notify2'
[8.030s] DEBUG:colcon.colcon_core.event_reactor:joined thread
[8.030s] INFO:colcon.colcon_core.shell:Creating prefix script '/home/harsh/ros2_ws/install/local_setup.ps1'
[8.050s] INFO:colcon.colcon_core.shell:Creating prefix util module '/home/harsh/ros2_ws/install/_local_setup_util_ps1.py'
[8.067s] INFO:colcon.colcon_core.shell:Creating prefix chain script '/home/harsh/ros2_ws/install/setup.ps1'
[8.068s] INFO:colcon.colcon_core.shell:Creating prefix script '/home/harsh/ros2_ws/install/local_setup.sh'
[8.076s] INFO:colcon.colcon_core.shell:Creating prefix util module '/home/harsh/ros2_ws/install/_local_setup_util_sh.py'
[8.077s] INFO:colcon.colcon_core.shell:Creating prefix chain script '/home/harsh/ros2_ws/install/setup.sh'
[8.078s] INFO:colcon.colcon_core.shell:Creating prefix script '/home/harsh/ros2_ws/install/local_setup.bash'
[8.089s] INFO:colcon.colcon_core.shell:Creating prefix chain script '/home/harsh/ros2_ws/install/setup.bash'
[8.090s] INFO:colcon.colcon_core.shell:Creating prefix script '/home/harsh/ros2_ws/install/local_setup.zsh'
[8.107s] INFO:colcon.colcon_core.shell:Creating prefix chain script '/home/harsh/ros2_ws/install/setup.zsh'
