[0.110s] DEBUG:colcon:Command line arguments: ['/usr/bin/colcon', 'build']
[0.110s] DEBUG:colcon:Parsed command line arguments: Namespace(log_base=None, log_level=None, verb_name='build', build_base='build', install_base='install', merge_install=False, symlink_install=False, test_result_base=None, continue_on_error=False, executor='parallel', parallel_workers=12, event_handlers=None, ignore_user_meta=False, metas=['./colcon.meta'], base_paths=['.'], packages_ignore=None, packages_ignore_regex=None, paths=None, packages_up_to=None, packages_up_to_regex=None, packages_above=None, packages_above_and_dependencies=None, packages_above_depth=None, packages_select_by_dep=None, packages_skip_by_dep=None, packages_skip_up_to=None, packages_select_build_failed=False, packages_skip_build_finished=False, packages_select_test_failures=False, packages_skip_test_passed=False, packages_select=None, packages_skip=None, packages_select_regex=None, packages_skip_regex=None, packages_start=None, packages_end=None, allow_overriding=[], cmake_args=None, cmake_target=None, cmake_target_skip_unavailable=False, cmake_clean_cache=False, cmake_clean_first=False, cmake_force_configure=False, ament_cmake_args=None, catkin_cmake_args=None, catkin_skip_building_tests=False, mixin_files=None, mixin=None, verb_parser=<colcon_mixin.mixin.mixin_argument.MixinArgumentDecorator object at 0x747b1c8a91f0>, verb_extension=<colcon_core.verb.build.BuildVerb object at 0x747b1c9c74d0>, main=<bound method BuildVerb.main of <colcon_core.verb.build.BuildVerb object at 0x747b1c9c74d0>>, mixin_verb=('build',))
[0.152s] Level 1:colcon.colcon_core.package_discovery:discover_packages(colcon_meta) check parameters
[0.152s] Level 1:colcon.colcon_core.package_discovery:discover_packages(recursive) check parameters
[0.152s] Level 1:colcon.colcon_core.package_discovery:discover_packages(ignore) check parameters
[0.152s] Level 1:colcon.colcon_core.package_discovery:discover_packages(path) check parameters
[0.152s] Level 1:colcon.colcon_core.package_discovery:discover_packages(colcon_meta) discover
[0.152s] Level 1:colcon.colcon_core.package_discovery:discover_packages(recursive) discover
[0.152s] INFO:colcon.colcon_core.package_discovery:Crawling recursively for packages in '/home/harsh/ros2_ws'
[0.152s] Level 1:colcon.colcon_core.package_identification:_identify(.) by extensions ['ignore', 'ignore_ament_install']
[0.152s] Level 1:colcon.colcon_core.package_identification:_identify(.) by extension 'ignore'
[0.152s] Level 1:colcon.colcon_core.package_identification:_identify(.) by extension 'ignore_ament_install'
[0.152s] Level 1:colcon.colcon_core.package_identification:_identify(.) by extensions ['colcon_pkg']
[0.152s] Level 1:colcon.colcon_core.package_identification:_identify(.) by extension 'colcon_pkg'
[0.152s] Level 1:colcon.colcon_core.package_identification:_identify(.) by extensions ['colcon_meta']
[0.152s] Level 1:colcon.colcon_core.package_identification:_identify(.) by extension 'colcon_meta'
[0.152s] Level 1:colcon.colcon_core.package_identification:_identify(.) by extensions ['ros']
[0.152s] Level 1:colcon.colcon_core.package_identification:_identify(.) by extension 'ros'
[0.179s] Level 1:colcon.colcon_core.package_identification:_identify(.) by extensions ['cmake', 'python']
[0.179s] Level 1:colcon.colcon_core.package_identification:_identify(.) by extension 'cmake'
[0.179s] Level 1:colcon.colcon_core.package_identification:_identify(.) by extension 'python'
[0.179s] Level 1:colcon.colcon_core.package_identification:_identify(.) by extensions ['python_setup_py']
[0.179s] Level 1:colcon.colcon_core.package_identification:_identify(.) by extension 'python_setup_py'
[0.179s] Level 1:colcon.colcon_core.package_identification:_identify(build) by extensions ['ignore', 'ignore_ament_install']
[0.179s] Level 1:colcon.colcon_core.package_identification:_identify(build) by extension 'ignore'
[0.179s] Level 1:colcon.colcon_core.package_identification:_identify(build) ignored
[0.180s] Level 1:colcon.colcon_core.package_identification:_identify(install) by extensions ['ignore', 'ignore_ament_install']
[0.180s] Level 1:colcon.colcon_core.package_identification:_identify(install) by extension 'ignore'
[0.180s] Level 1:colcon.colcon_core.package_identification:_identify(install) ignored
[0.180s] Level 1:colcon.colcon_core.package_identification:_identify(log) by extensions ['ignore', 'ignore_ament_install']
[0.180s] Level 1:colcon.colcon_core.package_identification:_identify(log) by extension 'ignore'
[0.180s] Level 1:colcon.colcon_core.package_identification:_identify(log) ignored
[0.180s] Level 1:colcon.colcon_core.package_identification:_identify(mars_website) by extensions ['ignore', 'ignore_ament_install']
[0.180s] Level 1:colcon.colcon_core.package_identification:_identify(mars_website) by extension 'ignore'
[0.180s] Level 1:colcon.colcon_core.package_identification:_identify(mars_website) by extension 'ignore_ament_install'
[0.180s] Level 1:colcon.colcon_core.package_identification:_identify(mars_website) by extensions ['colcon_pkg']
[0.180s] Level 1:colcon.colcon_core.package_identification:_identify(mars_website) by extension 'colcon_pkg'
[0.180s] Level 1:colcon.colcon_core.package_identification:_identify(mars_website) by extensions ['colcon_meta']
[0.180s] Level 1:colcon.colcon_core.package_identification:_identify(mars_website) by extension 'colcon_meta'
[0.180s] Level 1:colcon.colcon_core.package_identification:_identify(mars_website) by extensions ['ros']
[0.180s] Level 1:colcon.colcon_core.package_identification:_identify(mars_website) by extension 'ros'
[0.180s] Level 1:colcon.colcon_core.package_identification:_identify(mars_website) by extensions ['cmake', 'python']
[0.180s] Level 1:colcon.colcon_core.package_identification:_identify(mars_website) by extension 'cmake'
[0.180s] Level 1:colcon.colcon_core.package_identification:_identify(mars_website) by extension 'python'
[0.180s] Level 1:colcon.colcon_core.package_identification:_identify(mars_website) by extensions ['python_setup_py']
[0.180s] Level 1:colcon.colcon_core.package_identification:_identify(mars_website) by extension 'python_setup_py'
[0.180s] Level 1:colcon.colcon_core.package_identification:_identify(mars_website/db) by extensions ['ignore', 'ignore_ament_install']
[0.180s] Level 1:colcon.colcon_core.package_identification:_identify(mars_website/db) by extension 'ignore'
[0.180s] Level 1:colcon.colcon_core.package_identification:_identify(mars_website/db) by extension 'ignore_ament_install'
[0.180s] Level 1:colcon.colcon_core.package_identification:_identify(mars_website/db) by extensions ['colcon_pkg']
[0.180s] Level 1:colcon.colcon_core.package_identification:_identify(mars_website/db) by extension 'colcon_pkg'
[0.180s] Level 1:colcon.colcon_core.package_identification:_identify(mars_website/db) by extensions ['colcon_meta']
[0.180s] Level 1:colcon.colcon_core.package_identification:_identify(mars_website/db) by extension 'colcon_meta'
[0.180s] Level 1:colcon.colcon_core.package_identification:_identify(mars_website/db) by extensions ['ros']
[0.180s] Level 1:colcon.colcon_core.package_identification:_identify(mars_website/db) by extension 'ros'
[0.180s] Level 1:colcon.colcon_core.package_identification:_identify(mars_website/db) by extensions ['cmake', 'python']
[0.180s] Level 1:colcon.colcon_core.package_identification:_identify(mars_website/db) by extension 'cmake'
[0.180s] Level 1:colcon.colcon_core.package_identification:_identify(mars_website/db) by extension 'python'
[0.180s] Level 1:colcon.colcon_core.package_identification:_identify(mars_website/db) by extensions ['python_setup_py']
[0.181s] Level 1:colcon.colcon_core.package_identification:_identify(mars_website/db) by extension 'python_setup_py'
[0.181s] Level 1:colcon.colcon_core.package_identification:_identify(mars_website/node_modules) by extensions ['ignore', 'ignore_ament_install']
[0.181s] Level 1:colcon.colcon_core.package_identification:_identify(mars_website/node_modules) by extension 'ignore'
[0.181s] Level 1:colcon.colcon_core.package_identification:_identify(mars_website/node_modules) by extension 'ignore_ament_install'
[0.181s] Level 1:colcon.colcon_core.package_identification:_identify(mars_website/node_modules) by extensions ['colcon_pkg']
[0.181s] Level 1:colcon.colcon_core.package_identification:_identify(mars_website/node_modules) by extension 'colcon_pkg'
[0.181s] Level 1:colcon.colcon_core.package_identification:_identify(mars_website/node_modules) by extensions ['colcon_meta']
[0.181s] Level 1:colcon.colcon_core.package_identification:_identify(mars_website/node_modules) by extension 'colcon_meta'
[0.181s] Level 1:colcon.colcon_core.package_identification:_identify(mars_website/node_modules) by extensions ['ros']
[0.181s] Level 1:colcon.colcon_core.package_identification:_identify(mars_website/node_modules) by extension 'ros'
[0.181s] Level 1:colcon.colcon_core.package_identification:_identify(mars_website/node_modules) by extensions ['cmake', 'python']
[0.181s] Level 1:colcon.colcon_core.package_identification:_identify(mars_website/node_modules) by extension 'cmake'
[0.181s] Level 1:colcon.colcon_core.package_identification:_identify(mars_website/node_modules) by extension 'python'
[0.181s] Level 1:colcon.colcon_core.package_identification:_identify(mars_website/node_modules) by extensions ['python_setup_py']
[0.181s] Level 1:colcon.colcon_core.package_identification:_identify(mars_website/node_modules) by extension 'python_setup_py'
[0.181s] Level 1:colcon.colcon_core.package_identification:_identify(mars_website/node_modules/@mongodb-js) by extensions ['ignore', 'ignore_ament_install']
[0.181s] Level 1:colcon.colcon_core.package_identification:_identify(mars_website/node_modules/@mongodb-js) by extension 'ignore'
[0.181s] Level 1:colcon.colcon_core.package_identification:_identify(mars_website/node_modules/@mongodb-js) by extension 'ignore_ament_install'
[0.181s] Level 1:colcon.colcon_core.package_identification:_identify(mars_website/node_modules/@mongodb-js) by extensions ['colcon_pkg']
[0.181s] Level 1:colcon.colcon_core.package_identification:_identify(mars_website/node_modules/@mongodb-js) by extension 'colcon_pkg'
[0.181s] Level 1:colcon.colcon_core.package_identification:_identify(mars_website/node_modules/@mongodb-js) by extensions ['colcon_meta']
[0.181s] Level 1:colcon.colcon_core.package_identification:_identify(mars_website/node_modules/@mongodb-js) by extension 'colcon_meta'
[0.181s] Level 1:colcon.colcon_core.package_identification:_identify(mars_website/node_modules/@mongodb-js) by extensions ['ros']
[0.181s] Level 1:colcon.colcon_core.package_identification:_identify(mars_website/node_modules/@mongodb-js) by extension 'ros'
[0.181s] Level 1:colcon.colcon_core.package_identification:_identify(mars_website/node_modules/@mongodb-js) by extensions ['cmake', 'python']
[0.181s] Level 1:colcon.colcon_core.package_identification:_identify(mars_website/node_modules/@mongodb-js) by extension 'cmake'
[0.181s] Level 1:colcon.colcon_core.package_identification:_identify(mars_website/node_modules/@mongodb-js) by extension 'python'
[0.181s] Level 1:colcon.colcon_core.package_identification:_identify(mars_website/node_modules/@mongodb-js) by extensions ['python_setup_py']
[0.181s] Level 1:colcon.colcon_core.package_identification:_identify(mars_website/node_modules/@mongodb-js) by extension 'python_setup_py'
[0.181s] Level 1:colcon.colcon_core.package_identification:_identify(mars_website/node_modules/@mongodb-js/saslprep) by extensions ['ignore', 'ignore_ament_install']
[0.181s] Level 1:colcon.colcon_core.package_identification:_identify(mars_website/node_modules/@mongodb-js/saslprep) by extension 'ignore'
[0.181s] Level 1:colcon.colcon_core.package_identification:_identify(mars_website/node_modules/@mongodb-js/saslprep) by extension 'ignore_ament_install'
[0.181s] Level 1:colcon.colcon_core.package_identification:_identify(mars_website/node_modules/@mongodb-js/saslprep) by extensions ['colcon_pkg']
[0.181s] Level 1:colcon.colcon_core.package_identification:_identify(mars_website/node_modules/@mongodb-js/saslprep) by extension 'colcon_pkg'
[0.181s] Level 1:colcon.colcon_core.package_identification:_identify(mars_website/node_modules/@mongodb-js/saslprep) by extensions ['colcon_meta']
[0.181s] Level 1:colcon.colcon_core.package_identification:_identify(mars_website/node_modules/@mongodb-js/saslprep) by extension 'colcon_meta'
[0.181s] Level 1:colcon.colcon_core.package_identification:_identify(mars_website/node_modules/@mongodb-js/saslprep) by extensions ['ros']
[0.181s] Level 1:colcon.colcon_core.package_identification:_identify(mars_website/node_modules/@mongodb-js/saslprep) by extension 'ros'
[0.182s] Level 1:colcon.colcon_core.package_identification:_identify(mars_website/node_modules/@mongodb-js/saslprep) by extensions ['cmake', 'python']
[0.182s] Level 1:colcon.colcon_core.package_identification:_identify(mars_website/node_modules/@mongodb-js/saslprep) by extension 'cmake'
[0.182s] Level 1:colcon.colcon_core.package_identification:_identify(mars_website/node_modules/@mongodb-js/saslprep) by extension 'python'
[0.182s] Level 1:colcon.colcon_core.package_identification:_identify(mars_website/node_modules/@mongodb-js/saslprep) by extensions ['python_setup_py']
[0.182s] Level 1:colcon.colcon_core.package_identification:_identify(mars_website/node_modules/@mongodb-js/saslprep) by extension 'python_setup_py'
[0.182s] Level 1:colcon.colcon_core.package_identification:_identify(mars_website/node_modules/@mongodb-js/saslprep/dist) by extensions ['ignore', 'ignore_ament_install']
[0.182s] Level 1:colcon.colcon_core.package_identification:_identify(mars_website/node_modules/@mongodb-js/saslprep/dist) by extension 'ignore'
[0.182s] Level 1:colcon.colcon_core.package_identification:_identify(mars_website/node_modules/@mongodb-js/saslprep/dist) by extension 'ignore_ament_install'
[0.182s] Level 1:colcon.colcon_core.package_identification:_identify(mars_website/node_modules/@mongodb-js/saslprep/dist) by extensions ['colcon_pkg']
[0.182s] Level 1:colcon.colcon_core.package_identification:_identify(mars_website/node_modules/@mongodb-js/saslprep/dist) by extension 'colcon_pkg'
[0.182s] Level 1:colcon.colcon_core.package_identification:_identify(mars_website/node_modules/@mongodb-js/saslprep/dist) by extensions ['colcon_meta']
[0.182s] Level 1:colcon.colcon_core.package_identification:_identify(mars_website/node_modules/@mongodb-js/saslprep/dist) by extension 'colcon_meta'
[0.182s] Level 1:colcon.colcon_core.package_identification:_identify(mars_website/node_modules/@mongodb-js/saslprep/dist) by extensions ['ros']
[0.182s] Level 1:colcon.colcon_core.package_identification:_identify(mars_website/node_modules/@mongodb-js/saslprep/dist) by extension 'ros'
[0.182s] Level 1:colcon.colcon_core.package_identification:_identify(mars_website/node_modules/@mongodb-js/saslprep/dist) by extensions ['cmake', 'python']
[0.182s] Level 1:colcon.colcon_core.package_identification:_identify(mars_website/node_modules/@mongodb-js/saslprep/dist) by extension 'cmake'
[0.182s] Level 1:colcon.colcon_core.package_identification:_identify(mars_website/node_modules/@mongodb-js/saslprep/dist) by extension 'python'
[0.182s] Level 1:colcon.colcon_core.package_identification:_identify(mars_website/node_modules/@mongodb-js/saslprep/dist) by extensions ['python_setup_py']
[0.182s] Level 1:colcon.colcon_core.package_identification:_identify(mars_website/node_modules/@mongodb-js/saslprep/dist) by extension 'python_setup_py'
[0.182s] Level 1:colcon.colcon_core.package_identification:_identify(mars_website/node_modules/@types) by extensions ['ignore', 'ignore_ament_install']
[0.182s] Level 1:colcon.colcon_core.package_identification:_identify(mars_website/node_modules/@types) by extension 'ignore'
[0.182s] Level 1:colcon.colcon_core.package_identification:_identify(mars_website/node_modules/@types) by extension 'ignore_ament_install'
[0.182s] Level 1:colcon.colcon_core.package_identification:_identify(mars_website/node_modules/@types) by extensions ['colcon_pkg']
[0.182s] Level 1:colcon.colcon_core.package_identification:_identify(mars_website/node_modules/@types) by extension 'colcon_pkg'
[0.182s] Level 1:colcon.colcon_core.package_identification:_identify(mars_website/node_modules/@types) by extensions ['colcon_meta']
[0.182s] Level 1:colcon.colcon_core.package_identification:_identify(mars_website/node_modules/@types) by extension 'colcon_meta'
[0.182s] Level 1:colcon.colcon_core.package_identification:_identify(mars_website/node_modules/@types) by extensions ['ros']
[0.182s] Level 1:colcon.colcon_core.package_identification:_identify(mars_website/node_modules/@types) by extension 'ros'
[0.182s] Level 1:colcon.colcon_core.package_identification:_identify(mars_website/node_modules/@types) by extensions ['cmake', 'python']
[0.182s] Level 1:colcon.colcon_core.package_identification:_identify(mars_website/node_modules/@types) by extension 'cmake'
[0.182s] Level 1:colcon.colcon_core.package_identification:_identify(mars_website/node_modules/@types) by extension 'python'
[0.182s] Level 1:colcon.colcon_core.package_identification:_identify(mars_website/node_modules/@types) by extensions ['python_setup_py']
[0.182s] Level 1:colcon.colcon_core.package_identification:_identify(mars_website/node_modules/@types) by extension 'python_setup_py'
[0.182s] Level 1:colcon.colcon_core.package_identification:_identify(mars_website/node_modules/@types/webidl-conversions) by extensions ['ignore', 'ignore_ament_install']
[0.183s] Level 1:colcon.colcon_core.package_identification:_identify(mars_website/node_modules/@types/webidl-conversions) by extension 'ignore'
[0.183s] Level 1:colcon.colcon_core.package_identification:_identify(mars_website/node_modules/@types/webidl-conversions) by extension 'ignore_ament_install'
[0.183s] Level 1:colcon.colcon_core.package_identification:_identify(mars_website/node_modules/@types/webidl-conversions) by extensions ['colcon_pkg']
[0.183s] Level 1:colcon.colcon_core.package_identification:_identify(mars_website/node_modules/@types/webidl-conversions) by extension 'colcon_pkg'
[0.183s] Level 1:colcon.colcon_core.package_identification:_identify(mars_website/node_modules/@types/webidl-conversions) by extensions ['colcon_meta']
[0.183s] Level 1:colcon.colcon_core.package_identification:_identify(mars_website/node_modules/@types/webidl-conversions) by extension 'colcon_meta'
[0.183s] Level 1:colcon.colcon_core.package_identification:_identify(mars_website/node_modules/@types/webidl-conversions) by extensions ['ros']
[0.183s] Level 1:colcon.colcon_core.package_identification:_identify(mars_website/node_modules/@types/webidl-conversions) by extension 'ros'
[0.183s] Level 1:colcon.colcon_core.package_identification:_identify(mars_website/node_modules/@types/webidl-conversions) by extensions ['cmake', 'python']
[0.183s] Level 1:colcon.colcon_core.package_identification:_identify(mars_website/node_modules/@types/webidl-conversions) by extension 'cmake'
[0.183s] Level 1:colcon.colcon_core.package_identification:_identify(mars_website/node_modules/@types/webidl-conversions) by extension 'python'
[0.183s] Level 1:colcon.colcon_core.package_identification:_identify(mars_website/node_modules/@types/webidl-conversions) by extensions ['python_setup_py']
[0.183s] Level 1:colcon.colcon_core.package_identification:_identify(mars_website/node_modules/@types/webidl-conversions) by extension 'python_setup_py'
[0.183s] Level 1:colcon.colcon_core.package_identification:_identify(mars_website/node_modules/@types/whatwg-url) by extensions ['ignore', 'ignore_ament_install']
[0.183s] Level 1:colcon.colcon_core.package_identification:_identify(mars_website/node_modules/@types/whatwg-url) by extension 'ignore'
[0.183s] Level 1:colcon.colcon_core.package_identification:_identify(mars_website/node_modules/@types/whatwg-url) by extension 'ignore_ament_install'
[0.183s] Level 1:colcon.colcon_core.package_identification:_identify(mars_website/node_modules/@types/whatwg-url) by extensions ['colcon_pkg']
[0.183s] Level 1:colcon.colcon_core.package_identification:_identify(mars_website/node_modules/@types/whatwg-url) by extension 'colcon_pkg'
[0.183s] Level 1:colcon.colcon_core.package_identification:_identify(mars_website/node_modules/@types/whatwg-url) by extensions ['colcon_meta']
[0.183s] Level 1:colcon.colcon_core.package_identification:_identify(mars_website/node_modules/@types/whatwg-url) by extension 'colcon_meta'
[0.183s] Level 1:colcon.colcon_core.package_identification:_identify(mars_website/node_modules/@types/whatwg-url) by extensions ['ros']
[0.183s] Level 1:colcon.colcon_core.package_identification:_identify(mars_website/node_modules/@types/whatwg-url) by extension 'ros'
[0.183s] Level 1:colcon.colcon_core.package_identification:_identify(mars_website/node_modules/@types/whatwg-url) by extensions ['cmake', 'python']
[0.183s] Level 1:colcon.colcon_core.package_identification:_identify(mars_website/node_modules/@types/whatwg-url) by extension 'cmake'
[0.183s] Level 1:colcon.colcon_core.package_identification:_identify(mars_website/node_modules/@types/whatwg-url) by extension 'python'
[0.183s] Level 1:colcon.colcon_core.package_identification:_identify(mars_website/node_modules/@types/whatwg-url) by extensions ['python_setup_py']
[0.183s] Level 1:colcon.colcon_core.package_identification:_identify(mars_website/node_modules/@types/whatwg-url) by extension 'python_setup_py'
[0.183s] Level 1:colcon.colcon_core.package_identification:_identify(mars_website/node_modules/@types/whatwg-url/lib) by extensions ['ignore', 'ignore_ament_install']
[0.183s] Level 1:colcon.colcon_core.package_identification:_identify(mars_website/node_modules/@types/whatwg-url/lib) by extension 'ignore'
[0.183s] Level 1:colcon.colcon_core.package_identification:_identify(mars_website/node_modules/@types/whatwg-url/lib) by extension 'ignore_ament_install'
[0.184s] Level 1:colcon.colcon_core.package_identification:_identify(mars_website/node_modules/@types/whatwg-url/lib) by extensions ['colcon_pkg']
[0.184s] Level 1:colcon.colcon_core.package_identification:_identify(mars_website/node_modules/@types/whatwg-url/lib) by extension 'colcon_pkg'
[0.184s] Level 1:colcon.colcon_core.package_identification:_identify(mars_website/node_modules/@types/whatwg-url/lib) by extensions ['colcon_meta']
[0.184s] Level 1:colcon.colcon_core.package_identification:_identify(mars_website/node_modules/@types/whatwg-url/lib) by extension 'colcon_meta'
[0.184s] Level 1:colcon.colcon_core.package_identification:_identify(mars_website/node_modules/@types/whatwg-url/lib) by extensions ['ros']
[0.184s] Level 1:colcon.colcon_core.package_identification:_identify(mars_website/node_modules/@types/whatwg-url/lib) by extension 'ros'
[0.184s] Level 1:colcon.colcon_core.package_identification:_identify(mars_website/node_modules/@types/whatwg-url/lib) by extensions ['cmake', 'python']
[0.184s] Level 1:colcon.colcon_core.package_identification:_identify(mars_website/node_modules/@types/whatwg-url/lib) by extension 'cmake'
[0.184s] Level 1:colcon.colcon_core.package_identification:_identify(mars_website/node_modules/@types/whatwg-url/lib) by extension 'python'
[0.184s] Level 1:colcon.colcon_core.package_identification:_identify(mars_website/node_modules/@types/whatwg-url/lib) by extensions ['python_setup_py']
[0.184s] Level 1:colcon.colcon_core.package_identification:_identify(mars_website/node_modules/@types/whatwg-url/lib) by extension 'python_setup_py'
[0.184s] Level 1:colcon.colcon_core.package_identification:_identify(mars_website/node_modules/bson) by extensions ['ignore', 'ignore_ament_install']
[0.184s] Level 1:colcon.colcon_core.package_identification:_identify(mars_website/node_modules/bson) by extension 'ignore'
[0.184s] Level 1:colcon.colcon_core.package_identification:_identify(mars_website/node_modules/bson) by extension 'ignore_ament_install'
[0.184s] Level 1:colcon.colcon_core.package_identification:_identify(mars_website/node_modules/bson) by extensions ['colcon_pkg']
[0.184s] Level 1:colcon.colcon_core.package_identification:_identify(mars_website/node_modules/bson) by extension 'colcon_pkg'
[0.184s] Level 1:colcon.colcon_core.package_identification:_identify(mars_website/node_modules/bson) by extensions ['colcon_meta']
[0.184s] Level 1:colcon.colcon_core.package_identification:_identify(mars_website/node_modules/bson) by extension 'colcon_meta'
[0.184s] Level 1:colcon.colcon_core.package_identification:_identify(mars_website/node_modules/bson) by extensions ['ros']
[0.184s] Level 1:colcon.colcon_core.package_identification:_identify(mars_website/node_modules/bson) by extension 'ros'
[0.184s] Level 1:colcon.colcon_core.package_identification:_identify(mars_website/node_modules/bson) by extensions ['cmake', 'python']
[0.184s] Level 1:colcon.colcon_core.package_identification:_identify(mars_website/node_modules/bson) by extension 'cmake'
[0.184s] Level 1:colcon.colcon_core.package_identification:_identify(mars_website/node_modules/bson) by extension 'python'
[0.184s] Level 1:colcon.colcon_core.package_identification:_identify(mars_website/node_modules/bson) by extensions ['python_setup_py']
[0.184s] Level 1:colcon.colcon_core.package_identification:_identify(mars_website/node_modules/bson) by extension 'python_setup_py'
[0.184s] Level 1:colcon.colcon_core.package_identification:_identify(mars_website/node_modules/bson/etc) by extensions ['ignore', 'ignore_ament_install']
[0.184s] Level 1:colcon.colcon_core.package_identification:_identify(mars_website/node_modules/bson/etc) by extension 'ignore'
[0.184s] Level 1:colcon.colcon_core.package_identification:_identify(mars_website/node_modules/bson/etc) by extension 'ignore_ament_install'
[0.184s] Level 1:colcon.colcon_core.package_identification:_identify(mars_website/node_modules/bson/etc) by extensions ['colcon_pkg']
[0.184s] Level 1:colcon.colcon_core.package_identification:_identify(mars_website/node_modules/bson/etc) by extension 'colcon_pkg'
[0.184s] Level 1:colcon.colcon_core.package_identification:_identify(mars_website/node_modules/bson/etc) by extensions ['colcon_meta']
[0.184s] Level 1:colcon.colcon_core.package_identification:_identify(mars_website/node_modules/bson/etc) by extension 'colcon_meta'
[0.184s] Level 1:colcon.colcon_core.package_identification:_identify(mars_website/node_modules/bson/etc) by extensions ['ros']
[0.184s] Level 1:colcon.colcon_core.package_identification:_identify(mars_website/node_modules/bson/etc) by extension 'ros'
[0.184s] Level 1:colcon.colcon_core.package_identification:_identify(mars_website/node_modules/bson/etc) by extensions ['cmake', 'python']
[0.184s] Level 1:colcon.colcon_core.package_identification:_identify(mars_website/node_modules/bson/etc) by extension 'cmake'
[0.184s] Level 1:colcon.colcon_core.package_identification:_identify(mars_website/node_modules/bson/etc) by extension 'python'
[0.185s] Level 1:colcon.colcon_core.package_identification:_identify(mars_website/node_modules/bson/etc) by extensions ['python_setup_py']
[0.185s] Level 1:colcon.colcon_core.package_identification:_identify(mars_website/node_modules/bson/etc) by extension 'python_setup_py'
[0.185s] Level 1:colcon.colcon_core.package_identification:_identify(mars_website/node_modules/bson/lib) by extensions ['ignore', 'ignore_ament_install']
[0.185s] Level 1:colcon.colcon_core.package_identification:_identify(mars_website/node_modules/bson/lib) by extension 'ignore'
[0.185s] Level 1:colcon.colcon_core.package_identification:_identify(mars_website/node_modules/bson/lib) by extension 'ignore_ament_install'
[0.185s] Level 1:colcon.colcon_core.package_identification:_identify(mars_website/node_modules/bson/lib) by extensions ['colcon_pkg']
[0.185s] Level 1:colcon.colcon_core.package_identification:_identify(mars_website/node_modules/bson/lib) by extension 'colcon_pkg'
[0.185s] Level 1:colcon.colcon_core.package_identification:_identify(mars_website/node_modules/bson/lib) by extensions ['colcon_meta']
[0.185s] Level 1:colcon.colcon_core.package_identification:_identify(mars_website/node_modules/bson/lib) by extension 'colcon_meta'
[0.185s] Level 1:colcon.colcon_core.package_identification:_identify(mars_website/node_modules/bson/lib) by extensions ['ros']
[0.185s] Level 1:colcon.colcon_core.package_identification:_identify(mars_website/node_modules/bson/lib) by extension 'ros'
[0.185s] Level 1:colcon.colcon_core.package_identification:_identify(mars_website/node_modules/bson/lib) by extensions ['cmake', 'python']
[0.185s] Level 1:colcon.colcon_core.package_identification:_identify(mars_website/node_modules/bson/lib) by extension 'cmake'
[0.185s] Level 1:colcon.colcon_core.package_identification:_identify(mars_website/node_modules/bson/lib) by extension 'python'
[0.185s] Level 1:colcon.colcon_core.package_identification:_identify(mars_website/node_modules/bson/lib) by extensions ['python_setup_py']
[0.185s] Level 1:colcon.colcon_core.package_identification:_identify(mars_website/node_modules/bson/lib) by extension 'python_setup_py'
[0.185s] Level 1:colcon.colcon_core.package_identification:_identify(mars_website/node_modules/bson/src) by extensions ['ignore', 'ignore_ament_install']
[0.185s] Level 1:colcon.colcon_core.package_identification:_identify(mars_website/node_modules/bson/src) by extension 'ignore'
[0.185s] Level 1:colcon.colcon_core.package_identification:_identify(mars_website/node_modules/bson/src) by extension 'ignore_ament_install'
[0.185s] Level 1:colcon.colcon_core.package_identification:_identify(mars_website/node_modules/bson/src) by extensions ['colcon_pkg']
[0.185s] Level 1:colcon.colcon_core.package_identification:_identify(mars_website/node_modules/bson/src) by extension 'colcon_pkg'
[0.185s] Level 1:colcon.colcon_core.package_identification:_identify(mars_website/node_modules/bson/src) by extensions ['colcon_meta']
[0.185s] Level 1:colcon.colcon_core.package_identification:_identify(mars_website/node_modules/bson/src) by extension 'colcon_meta'
[0.185s] Level 1:colcon.colcon_core.package_identification:_identify(mars_website/node_modules/bson/src) by extensions ['ros']
[0.185s] Level 1:colcon.colcon_core.package_identification:_identify(mars_website/node_modules/bson/src) by extension 'ros'
[0.186s] Level 1:colcon.colcon_core.package_identification:_identify(mars_website/node_modules/bson/src) by extensions ['cmake', 'python']
[0.186s] Level 1:colcon.colcon_core.package_identification:_identify(mars_website/node_modules/bson/src) by extension 'cmake'
[0.186s] Level 1:colcon.colcon_core.package_identification:_identify(mars_website/node_modules/bson/src) by extension 'python'
[0.186s] Level 1:colcon.colcon_core.package_identification:_identify(mars_website/node_modules/bson/src) by extensions ['python_setup_py']
[0.186s] Level 1:colcon.colcon_core.package_identification:_identify(mars_website/node_modules/bson/src) by extension 'python_setup_py'
[0.186s] Level 1:colcon.colcon_core.package_identification:_identify(mars_website/node_modules/bson/src/parser) by extensions ['ignore', 'ignore_ament_install']
[0.186s] Level 1:colcon.colcon_core.package_identification:_identify(mars_website/node_modules/bson/src/parser) by extension 'ignore'
[0.186s] Level 1:colcon.colcon_core.package_identification:_identify(mars_website/node_modules/bson/src/parser) by extension 'ignore_ament_install'
[0.186s] Level 1:colcon.colcon_core.package_identification:_identify(mars_website/node_modules/bson/src/parser) by extensions ['colcon_pkg']
[0.186s] Level 1:colcon.colcon_core.package_identification:_identify(mars_website/node_modules/bson/src/parser) by extension 'colcon_pkg'
[0.186s] Level 1:colcon.colcon_core.package_identification:_identify(mars_website/node_modules/bson/src/parser) by extensions ['colcon_meta']
[0.186s] Level 1:colcon.colcon_core.package_identification:_identify(mars_website/node_modules/bson/src/parser) by extension 'colcon_meta'
[0.186s] Level 1:colcon.colcon_core.package_identification:_identify(mars_website/node_modules/bson/src/parser) by extensions ['ros']
[0.186s] Level 1:colcon.colcon_core.package_identification:_identify(mars_website/node_modules/bson/src/parser) by extension 'ros'
[0.186s] Level 1:colcon.colcon_core.package_identification:_identify(mars_website/node_modules/bson/src/parser) by extensions ['cmake', 'python']
[0.186s] Level 1:colcon.colcon_core.package_identification:_identify(mars_website/node_modules/bson/src/parser) by extension 'cmake'
[0.186s] Level 1:colcon.colcon_core.package_identification:_identify(mars_website/node_modules/bson/src/parser) by extension 'python'
[0.186s] Level 1:colcon.colcon_core.package_identification:_identify(mars_website/node_modules/bson/src/parser) by extensions ['python_setup_py']
[0.186s] Level 1:colcon.colcon_core.package_identification:_identify(mars_website/node_modules/bson/src/parser) by extension 'python_setup_py'
[0.186s] Level 1:colcon.colcon_core.package_identification:_identify(mars_website/node_modules/bson/src/parser/on_demand) by extensions ['ignore', 'ignore_ament_install']
[0.186s] Level 1:colcon.colcon_core.package_identification:_identify(mars_website/node_modules/bson/src/parser/on_demand) by extension 'ignore'
[0.186s] Level 1:colcon.colcon_core.package_identification:_identify(mars_website/node_modules/bson/src/parser/on_demand) by extension 'ignore_ament_install'
[0.186s] Level 1:colcon.colcon_core.package_identification:_identify(mars_website/node_modules/bson/src/parser/on_demand) by extensions ['colcon_pkg']
[0.186s] Level 1:colcon.colcon_core.package_identification:_identify(mars_website/node_modules/bson/src/parser/on_demand) by extension 'colcon_pkg'
[0.186s] Level 1:colcon.colcon_core.package_identification:_identify(mars_website/node_modules/bson/src/parser/on_demand) by extensions ['colcon_meta']
[0.186s] Level 1:colcon.colcon_core.package_identification:_identify(mars_website/node_modules/bson/src/parser/on_demand) by extension 'colcon_meta'
[0.186s] Level 1:colcon.colcon_core.package_identification:_identify(mars_website/node_modules/bson/src/parser/on_demand) by extensions ['ros']
[0.186s] Level 1:colcon.colcon_core.package_identification:_identify(mars_website/node_modules/bson/src/parser/on_demand) by extension 'ros'
[0.186s] Level 1:colcon.colcon_core.package_identification:_identify(mars_website/node_modules/bson/src/parser/on_demand) by extensions ['cmake', 'python']
[0.187s] Level 1:colcon.colcon_core.package_identification:_identify(mars_website/node_modules/bson/src/parser/on_demand) by extension 'cmake'
[0.187s] Level 1:colcon.colcon_core.package_identification:_identify(mars_website/node_modules/bson/src/parser/on_demand) by extension 'python'
[0.187s] Level 1:colcon.colcon_core.package_identification:_identify(mars_website/node_modules/bson/src/parser/on_demand) by extensions ['python_setup_py']
[0.187s] Level 1:colcon.colcon_core.package_identification:_identify(mars_website/node_modules/bson/src/parser/on_demand) by extension 'python_setup_py'
[0.187s] Level 1:colcon.colcon_core.package_identification:_identify(mars_website/node_modules/bson/src/utils) by extensions ['ignore', 'ignore_ament_install']
[0.187s] Level 1:colcon.colcon_core.package_identification:_identify(mars_website/node_modules/bson/src/utils) by extension 'ignore'
[0.187s] Level 1:colcon.colcon_core.package_identification:_identify(mars_website/node_modules/bson/src/utils) by extension 'ignore_ament_install'
[0.187s] Level 1:colcon.colcon_core.package_identification:_identify(mars_website/node_modules/bson/src/utils) by extensions ['colcon_pkg']
[0.187s] Level 1:colcon.colcon_core.package_identification:_identify(mars_website/node_modules/bson/src/utils) by extension 'colcon_pkg'
[0.187s] Level 1:colcon.colcon_core.package_identification:_identify(mars_website/node_modules/bson/src/utils) by extensions ['colcon_meta']
[0.187s] Level 1:colcon.colcon_core.package_identification:_identify(mars_website/node_modules/bson/src/utils) by extension 'colcon_meta'
[0.187s] Level 1:colcon.colcon_core.package_identification:_identify(mars_website/node_modules/bson/src/utils) by extensions ['ros']
[0.187s] Level 1:colcon.colcon_core.package_identification:_identify(mars_website/node_modules/bson/src/utils) by extension 'ros'
[0.187s] Level 1:colcon.colcon_core.package_identification:_identify(mars_website/node_modules/bson/src/utils) by extensions ['cmake', 'python']
[0.187s] Level 1:colcon.colcon_core.package_identification:_identify(mars_website/node_modules/bson/src/utils) by extension 'cmake'
[0.187s] Level 1:colcon.colcon_core.package_identification:_identify(mars_website/node_modules/bson/src/utils) by extension 'python'
[0.187s] Level 1:colcon.colcon_core.package_identification:_identify(mars_website/node_modules/bson/src/utils) by extensions ['python_setup_py']
[0.187s] Level 1:colcon.colcon_core.package_identification:_identify(mars_website/node_modules/bson/src/utils) by extension 'python_setup_py'
[0.187s] Level 1:colcon.colcon_core.package_identification:_identify(mars_website/node_modules/memory-pager) by extensions ['ignore', 'ignore_ament_install']
[0.187s] Level 1:colcon.colcon_core.package_identification:_identify(mars_website/node_modules/memory-pager) by extension 'ignore'
[0.187s] Level 1:colcon.colcon_core.package_identification:_identify(mars_website/node_modules/memory-pager) by extension 'ignore_ament_install'
[0.187s] Level 1:colcon.colcon_core.package_identification:_identify(mars_website/node_modules/memory-pager) by extensions ['colcon_pkg']
[0.187s] Level 1:colcon.colcon_core.package_identification:_identify(mars_website/node_modules/memory-pager) by extension 'colcon_pkg'
[0.187s] Level 1:colcon.colcon_core.package_identification:_identify(mars_website/node_modules/memory-pager) by extensions ['colcon_meta']
[0.187s] Level 1:colcon.colcon_core.package_identification:_identify(mars_website/node_modules/memory-pager) by extension 'colcon_meta'
[0.187s] Level 1:colcon.colcon_core.package_identification:_identify(mars_website/node_modules/memory-pager) by extensions ['ros']
[0.187s] Level 1:colcon.colcon_core.package_identification:_identify(mars_website/node_modules/memory-pager) by extension 'ros'
[0.187s] Level 1:colcon.colcon_core.package_identification:_identify(mars_website/node_modules/memory-pager) by extensions ['cmake', 'python']
[0.187s] Level 1:colcon.colcon_core.package_identification:_identify(mars_website/node_modules/memory-pager) by extension 'cmake'
[0.187s] Level 1:colcon.colcon_core.package_identification:_identify(mars_website/node_modules/memory-pager) by extension 'python'
[0.187s] Level 1:colcon.colcon_core.package_identification:_identify(mars_website/node_modules/memory-pager) by extensions ['python_setup_py']
[0.187s] Level 1:colcon.colcon_core.package_identification:_identify(mars_website/node_modules/memory-pager) by extension 'python_setup_py'
[0.187s] Level 1:colcon.colcon_core.package_identification:_identify(mars_website/node_modules/mongodb) by extensions ['ignore', 'ignore_ament_install']
[0.187s] Level 1:colcon.colcon_core.package_identification:_identify(mars_website/node_modules/mongodb) by extension 'ignore'
[0.187s] Level 1:colcon.colcon_core.package_identification:_identify(mars_website/node_modules/mongodb) by extension 'ignore_ament_install'
[0.188s] Level 1:colcon.colcon_core.package_identification:_identify(mars_website/node_modules/mongodb) by extensions ['colcon_pkg']
[0.188s] Level 1:colcon.colcon_core.package_identification:_identify(mars_website/node_modules/mongodb) by extension 'colcon_pkg'
[0.188s] Level 1:colcon.colcon_core.package_identification:_identify(mars_website/node_modules/mongodb) by extensions ['colcon_meta']
[0.188s] Level 1:colcon.colcon_core.package_identification:_identify(mars_website/node_modules/mongodb) by extension 'colcon_meta'
[0.188s] Level 1:colcon.colcon_core.package_identification:_identify(mars_website/node_modules/mongodb) by extensions ['ros']
[0.188s] Level 1:colcon.colcon_core.package_identification:_identify(mars_website/node_modules/mongodb) by extension 'ros'
[0.188s] Level 1:colcon.colcon_core.package_identification:_identify(mars_website/node_modules/mongodb) by extensions ['cmake', 'python']
[0.188s] Level 1:colcon.colcon_core.package_identification:_identify(mars_website/node_modules/mongodb) by extension 'cmake'
[0.188s] Level 1:colcon.colcon_core.package_identification:_identify(mars_website/node_modules/mongodb) by extension 'python'
[0.188s] Level 1:colcon.colcon_core.package_identification:_identify(mars_website/node_modules/mongodb) by extensions ['python_setup_py']
[0.188s] Level 1:colcon.colcon_core.package_identification:_identify(mars_website/node_modules/mongodb) by extension 'python_setup_py'
[0.188s] Level 1:colcon.colcon_core.package_identification:_identify(mars_website/node_modules/mongodb/etc) by extensions ['ignore', 'ignore_ament_install']
[0.188s] Level 1:colcon.colcon_core.package_identification:_identify(mars_website/node_modules/mongodb/etc) by extension 'ignore'
[0.188s] Level 1:colcon.colcon_core.package_identification:_identify(mars_website/node_modules/mongodb/etc) by extension 'ignore_ament_install'
[0.188s] Level 1:colcon.colcon_core.package_identification:_identify(mars_website/node_modules/mongodb/etc) by extensions ['colcon_pkg']
[0.188s] Level 1:colcon.colcon_core.package_identification:_identify(mars_website/node_modules/mongodb/etc) by extension 'colcon_pkg'
[0.188s] Level 1:colcon.colcon_core.package_identification:_identify(mars_website/node_modules/mongodb/etc) by extensions ['colcon_meta']
[0.188s] Level 1:colcon.colcon_core.package_identification:_identify(mars_website/node_modules/mongodb/etc) by extension 'colcon_meta'
[0.188s] Level 1:colcon.colcon_core.package_identification:_identify(mars_website/node_modules/mongodb/etc) by extensions ['ros']
[0.188s] Level 1:colcon.colcon_core.package_identification:_identify(mars_website/node_modules/mongodb/etc) by extension 'ros'
[0.188s] Level 1:colcon.colcon_core.package_identification:_identify(mars_website/node_modules/mongodb/etc) by extensions ['cmake', 'python']
[0.188s] Level 1:colcon.colcon_core.package_identification:_identify(mars_website/node_modules/mongodb/etc) by extension 'cmake'
[0.188s] Level 1:colcon.colcon_core.package_identification:_identify(mars_website/node_modules/mongodb/etc) by extension 'python'
[0.188s] Level 1:colcon.colcon_core.package_identification:_identify(mars_website/node_modules/mongodb/etc) by extensions ['python_setup_py']
[0.188s] Level 1:colcon.colcon_core.package_identification:_identify(mars_website/node_modules/mongodb/etc) by extension 'python_setup_py'
[0.188s] Level 1:colcon.colcon_core.package_identification:_identify(mars_website/node_modules/mongodb/lib) by extensions ['ignore', 'ignore_ament_install']
[0.188s] Level 1:colcon.colcon_core.package_identification:_identify(mars_website/node_modules/mongodb/lib) by extension 'ignore'
[0.188s] Level 1:colcon.colcon_core.package_identification:_identify(mars_website/node_modules/mongodb/lib) by extension 'ignore_ament_install'
[0.188s] Level 1:colcon.colcon_core.package_identification:_identify(mars_website/node_modules/mongodb/lib) by extensions ['colcon_pkg']
[0.188s] Level 1:colcon.colcon_core.package_identification:_identify(mars_website/node_modules/mongodb/lib) by extension 'colcon_pkg'
[0.188s] Level 1:colcon.colcon_core.package_identification:_identify(mars_website/node_modules/mongodb/lib) by extensions ['colcon_meta']
[0.188s] Level 1:colcon.colcon_core.package_identification:_identify(mars_website/node_modules/mongodb/lib) by extension 'colcon_meta'
[0.188s] Level 1:colcon.colcon_core.package_identification:_identify(mars_website/node_modules/mongodb/lib) by extensions ['ros']
[0.188s] Level 1:colcon.colcon_core.package_identification:_identify(mars_website/node_modules/mongodb/lib) by extension 'ros'
[0.188s] Level 1:colcon.colcon_core.package_identification:_identify(mars_website/node_modules/mongodb/lib) by extensions ['cmake', 'python']
[0.188s] Level 1:colcon.colcon_core.package_identification:_identify(mars_website/node_modules/mongodb/lib) by extension 'cmake'
[0.188s] Level 1:colcon.colcon_core.package_identification:_identify(mars_website/node_modules/mongodb/lib) by extension 'python'
[0.188s] Level 1:colcon.colcon_core.package_identification:_identify(mars_website/node_modules/mongodb/lib) by extensions ['python_setup_py']
[0.188s] Level 1:colcon.colcon_core.package_identification:_identify(mars_website/node_modules/mongodb/lib) by extension 'python_setup_py'
[0.189s] Level 1:colcon.colcon_core.package_identification:_identify(mars_website/node_modules/mongodb/lib/bulk) by extensions ['ignore', 'ignore_ament_install']
[0.189s] Level 1:colcon.colcon_core.package_identification:_identify(mars_website/node_modules/mongodb/lib/bulk) by extension 'ignore'
[0.189s] Level 1:colcon.colcon_core.package_identification:_identify(mars_website/node_modules/mongodb/lib/bulk) by extension 'ignore_ament_install'
[0.189s] Level 1:colcon.colcon_core.package_identification:_identify(mars_website/node_modules/mongodb/lib/bulk) by extensions ['colcon_pkg']
[0.189s] Level 1:colcon.colcon_core.package_identification:_identify(mars_website/node_modules/mongodb/lib/bulk) by extension 'colcon_pkg'
[0.189s] Level 1:colcon.colcon_core.package_identification:_identify(mars_website/node_modules/mongodb/lib/bulk) by extensions ['colcon_meta']
[0.189s] Level 1:colcon.colcon_core.package_identification:_identify(mars_website/node_modules/mongodb/lib/bulk) by extension 'colcon_meta'
[0.189s] Level 1:colcon.colcon_core.package_identification:_identify(mars_website/node_modules/mongodb/lib/bulk) by extensions ['ros']
[0.189s] Level 1:colcon.colcon_core.package_identification:_identify(mars_website/node_modules/mongodb/lib/bulk) by extension 'ros'
[0.189s] Level 1:colcon.colcon_core.package_identification:_identify(mars_website/node_modules/mongodb/lib/bulk) by extensions ['cmake', 'python']
[0.189s] Level 1:colcon.colcon_core.package_identification:_identify(mars_website/node_modules/mongodb/lib/bulk) by extension 'cmake'
[0.189s] Level 1:colcon.colcon_core.package_identification:_identify(mars_website/node_modules/mongodb/lib/bulk) by extension 'python'
[0.189s] Level 1:colcon.colcon_core.package_identification:_identify(mars_website/node_modules/mongodb/lib/bulk) by extensions ['python_setup_py']
[0.189s] Level 1:colcon.colcon_core.package_identification:_identify(mars_website/node_modules/mongodb/lib/bulk) by extension 'python_setup_py'
[0.189s] Level 1:colcon.colcon_core.package_identification:_identify(mars_website/node_modules/mongodb/lib/client-side-encryption) by extensions ['ignore', 'ignore_ament_install']
[0.189s] Level 1:colcon.colcon_core.package_identification:_identify(mars_website/node_modules/mongodb/lib/client-side-encryption) by extension 'ignore'
[0.189s] Level 1:colcon.colcon_core.package_identification:_identify(mars_website/node_modules/mongodb/lib/client-side-encryption) by extension 'ignore_ament_install'
[0.189s] Level 1:colcon.colcon_core.package_identification:_identify(mars_website/node_modules/mongodb/lib/client-side-encryption) by extensions ['colcon_pkg']
[0.189s] Level 1:colcon.colcon_core.package_identification:_identify(mars_website/node_modules/mongodb/lib/client-side-encryption) by extension 'colcon_pkg'
[0.189s] Level 1:colcon.colcon_core.package_identification:_identify(mars_website/node_modules/mongodb/lib/client-side-encryption) by extensions ['colcon_meta']
[0.189s] Level 1:colcon.colcon_core.package_identification:_identify(mars_website/node_modules/mongodb/lib/client-side-encryption) by extension 'colcon_meta'
[0.189s] Level 1:colcon.colcon_core.package_identification:_identify(mars_website/node_modules/mongodb/lib/client-side-encryption) by extensions ['ros']
[0.189s] Level 1:colcon.colcon_core.package_identification:_identify(mars_website/node_modules/mongodb/lib/client-side-encryption) by extension 'ros'
[0.189s] Level 1:colcon.colcon_core.package_identification:_identify(mars_website/node_modules/mongodb/lib/client-side-encryption) by extensions ['cmake', 'python']
[0.189s] Level 1:colcon.colcon_core.package_identification:_identify(mars_website/node_modules/mongodb/lib/client-side-encryption) by extension 'cmake'
[0.189s] Level 1:colcon.colcon_core.package_identification:_identify(mars_website/node_modules/mongodb/lib/client-side-encryption) by extension 'python'
[0.189s] Level 1:colcon.colcon_core.package_identification:_identify(mars_website/node_modules/mongodb/lib/client-side-encryption) by extensions ['python_setup_py']
[0.189s] Level 1:colcon.colcon_core.package_identification:_identify(mars_website/node_modules/mongodb/lib/client-side-encryption) by extension 'python_setup_py'
[0.189s] Level 1:colcon.colcon_core.package_identification:_identify(mars_website/node_modules/mongodb/lib/client-side-encryption/providers) by extensions ['ignore', 'ignore_ament_install']
[0.189s] Level 1:colcon.colcon_core.package_identification:_identify(mars_website/node_modules/mongodb/lib/client-side-encryption/providers) by extension 'ignore'
[0.189s] Level 1:colcon.colcon_core.package_identification:_identify(mars_website/node_modules/mongodb/lib/client-side-encryption/providers) by extension 'ignore_ament_install'
[0.190s] Level 1:colcon.colcon_core.package_identification:_identify(mars_website/node_modules/mongodb/lib/client-side-encryption/providers) by extensions ['colcon_pkg']
[0.190s] Level 1:colcon.colcon_core.package_identification:_identify(mars_website/node_modules/mongodb/lib/client-side-encryption/providers) by extension 'colcon_pkg'
[0.190s] Level 1:colcon.colcon_core.package_identification:_identify(mars_website/node_modules/mongodb/lib/client-side-encryption/providers) by extensions ['colcon_meta']
[0.190s] Level 1:colcon.colcon_core.package_identification:_identify(mars_website/node_modules/mongodb/lib/client-side-encryption/providers) by extension 'colcon_meta'
[0.190s] Level 1:colcon.colcon_core.package_identification:_identify(mars_website/node_modules/mongodb/lib/client-side-encryption/providers) by extensions ['ros']
[0.190s] Level 1:colcon.colcon_core.package_identification:_identify(mars_website/node_modules/mongodb/lib/client-side-encryption/providers) by extension 'ros'
[0.190s] Level 1:colcon.colcon_core.package_identification:_identify(mars_website/node_modules/mongodb/lib/client-side-encryption/providers) by extensions ['cmake', 'python']
[0.190s] Level 1:colcon.colcon_core.package_identification:_identify(mars_website/node_modules/mongodb/lib/client-side-encryption/providers) by extension 'cmake'
[0.190s] Level 1:colcon.colcon_core.package_identification:_identify(mars_website/node_modules/mongodb/lib/client-side-encryption/providers) by extension 'python'
[0.190s] Level 1:colcon.colcon_core.package_identification:_identify(mars_website/node_modules/mongodb/lib/client-side-encryption/providers) by extensions ['python_setup_py']
[0.190s] Level 1:colcon.colcon_core.package_identification:_identify(mars_website/node_modules/mongodb/lib/client-side-encryption/providers) by extension 'python_setup_py'
[0.190s] Level 1:colcon.colcon_core.package_identification:_identify(mars_website/node_modules/mongodb/lib/cmap) by extensions ['ignore', 'ignore_ament_install']
[0.190s] Level 1:colcon.colcon_core.package_identification:_identify(mars_website/node_modules/mongodb/lib/cmap) by extension 'ignore'
[0.190s] Level 1:colcon.colcon_core.package_identification:_identify(mars_website/node_modules/mongodb/lib/cmap) by extension 'ignore_ament_install'
[0.190s] Level 1:colcon.colcon_core.package_identification:_identify(mars_website/node_modules/mongodb/lib/cmap) by extensions ['colcon_pkg']
[0.190s] Level 1:colcon.colcon_core.package_identification:_identify(mars_website/node_modules/mongodb/lib/cmap) by extension 'colcon_pkg'
[0.190s] Level 1:colcon.colcon_core.package_identification:_identify(mars_website/node_modules/mongodb/lib/cmap) by extensions ['colcon_meta']
[0.190s] Level 1:colcon.colcon_core.package_identification:_identify(mars_website/node_modules/mongodb/lib/cmap) by extension 'colcon_meta'
[0.190s] Level 1:colcon.colcon_core.package_identification:_identify(mars_website/node_modules/mongodb/lib/cmap) by extensions ['ros']
[0.190s] Level 1:colcon.colcon_core.package_identification:_identify(mars_website/node_modules/mongodb/lib/cmap) by extension 'ros'
[0.190s] Level 1:colcon.colcon_core.package_identification:_identify(mars_website/node_modules/mongodb/lib/cmap) by extensions ['cmake', 'python']
[0.190s] Level 1:colcon.colcon_core.package_identification:_identify(mars_website/node_modules/mongodb/lib/cmap) by extension 'cmake'
[0.190s] Level 1:colcon.colcon_core.package_identification:_identify(mars_website/node_modules/mongodb/lib/cmap) by extension 'python'
[0.190s] Level 1:colcon.colcon_core.package_identification:_identify(mars_website/node_modules/mongodb/lib/cmap) by extensions ['python_setup_py']
[0.190s] Level 1:colcon.colcon_core.package_identification:_identify(mars_website/node_modules/mongodb/lib/cmap) by extension 'python_setup_py'
[0.190s] Level 1:colcon.colcon_core.package_identification:_identify(mars_website/node_modules/mongodb/lib/cmap/auth) by extensions ['ignore', 'ignore_ament_install']
[0.190s] Level 1:colcon.colcon_core.package_identification:_identify(mars_website/node_modules/mongodb/lib/cmap/auth) by extension 'ignore'
[0.190s] Level 1:colcon.colcon_core.package_identification:_identify(mars_website/node_modules/mongodb/lib/cmap/auth) by extension 'ignore_ament_install'
[0.190s] Level 1:colcon.colcon_core.package_identification:_identify(mars_website/node_modules/mongodb/lib/cmap/auth) by extensions ['colcon_pkg']
[0.190s] Level 1:colcon.colcon_core.package_identification:_identify(mars_website/node_modules/mongodb/lib/cmap/auth) by extension 'colcon_pkg'
[0.190s] Level 1:colcon.colcon_core.package_identification:_identify(mars_website/node_modules/mongodb/lib/cmap/auth) by extensions ['colcon_meta']
[0.191s] Level 1:colcon.colcon_core.package_identification:_identify(mars_website/node_modules/mongodb/lib/cmap/auth) by extension 'colcon_meta'
[0.191s] Level 1:colcon.colcon_core.package_identification:_identify(mars_website/node_modules/mongodb/lib/cmap/auth) by extensions ['ros']
[0.191s] Level 1:colcon.colcon_core.package_identification:_identify(mars_website/node_modules/mongodb/lib/cmap/auth) by extension 'ros'
[0.191s] Level 1:colcon.colcon_core.package_identification:_identify(mars_website/node_modules/mongodb/lib/cmap/auth) by extensions ['cmake', 'python']
[0.191s] Level 1:colcon.colcon_core.package_identification:_identify(mars_website/node_modules/mongodb/lib/cmap/auth) by extension 'cmake'
[0.191s] Level 1:colcon.colcon_core.package_identification:_identify(mars_website/node_modules/mongodb/lib/cmap/auth) by extension 'python'
[0.191s] Level 1:colcon.colcon_core.package_identification:_identify(mars_website/node_modules/mongodb/lib/cmap/auth) by extensions ['python_setup_py']
[0.191s] Level 1:colcon.colcon_core.package_identification:_identify(mars_website/node_modules/mongodb/lib/cmap/auth) by extension 'python_setup_py'
[0.191s] Level 1:colcon.colcon_core.package_identification:_identify(mars_website/node_modules/mongodb/lib/cmap/auth/mongodb_oidc) by extensions ['ignore', 'ignore_ament_install']
[0.191s] Level 1:colcon.colcon_core.package_identification:_identify(mars_website/node_modules/mongodb/lib/cmap/auth/mongodb_oidc) by extension 'ignore'
[0.191s] Level 1:colcon.colcon_core.package_identification:_identify(mars_website/node_modules/mongodb/lib/cmap/auth/mongodb_oidc) by extension 'ignore_ament_install'
[0.191s] Level 1:colcon.colcon_core.package_identification:_identify(mars_website/node_modules/mongodb/lib/cmap/auth/mongodb_oidc) by extensions ['colcon_pkg']
[0.191s] Level 1:colcon.colcon_core.package_identification:_identify(mars_website/node_modules/mongodb/lib/cmap/auth/mongodb_oidc) by extension 'colcon_pkg'
[0.191s] Level 1:colcon.colcon_core.package_identification:_identify(mars_website/node_modules/mongodb/lib/cmap/auth/mongodb_oidc) by extensions ['colcon_meta']
[0.191s] Level 1:colcon.colcon_core.package_identification:_identify(mars_website/node_modules/mongodb/lib/cmap/auth/mongodb_oidc) by extension 'colcon_meta'
[0.191s] Level 1:colcon.colcon_core.package_identification:_identify(mars_website/node_modules/mongodb/lib/cmap/auth/mongodb_oidc) by extensions ['ros']
[0.191s] Level 1:colcon.colcon_core.package_identification:_identify(mars_website/node_modules/mongodb/lib/cmap/auth/mongodb_oidc) by extension 'ros'
[0.191s] Level 1:colcon.colcon_core.package_identification:_identify(mars_website/node_modules/mongodb/lib/cmap/auth/mongodb_oidc) by extensions ['cmake', 'python']
[0.191s] Level 1:colcon.colcon_core.package_identification:_identify(mars_website/node_modules/mongodb/lib/cmap/auth/mongodb_oidc) by extension 'cmake'
[0.191s] Level 1:colcon.colcon_core.package_identification:_identify(mars_website/node_modules/mongodb/lib/cmap/auth/mongodb_oidc) by extension 'python'
[0.191s] Level 1:colcon.colcon_core.package_identification:_identify(mars_website/node_modules/mongodb/lib/cmap/auth/mongodb_oidc) by extensions ['python_setup_py']
[0.191s] Level 1:colcon.colcon_core.package_identification:_identify(mars_website/node_modules/mongodb/lib/cmap/auth/mongodb_oidc) by extension 'python_setup_py'
[0.191s] Level 1:colcon.colcon_core.package_identification:_identify(mars_website/node_modules/mongodb/lib/cmap/handshake) by extensions ['ignore', 'ignore_ament_install']
[0.192s] Level 1:colcon.colcon_core.package_identification:_identify(mars_website/node_modules/mongodb/lib/cmap/handshake) by extension 'ignore'
[0.192s] Level 1:colcon.colcon_core.package_identification:_identify(mars_website/node_modules/mongodb/lib/cmap/handshake) by extension 'ignore_ament_install'
[0.192s] Level 1:colcon.colcon_core.package_identification:_identify(mars_website/node_modules/mongodb/lib/cmap/handshake) by extensions ['colcon_pkg']
[0.192s] Level 1:colcon.colcon_core.package_identification:_identify(mars_website/node_modules/mongodb/lib/cmap/handshake) by extension 'colcon_pkg'
[0.192s] Level 1:colcon.colcon_core.package_identification:_identify(mars_website/node_modules/mongodb/lib/cmap/handshake) by extensions ['colcon_meta']
[0.192s] Level 1:colcon.colcon_core.package_identification:_identify(mars_website/node_modules/mongodb/lib/cmap/handshake) by extension 'colcon_meta'
[0.192s] Level 1:colcon.colcon_core.package_identification:_identify(mars_website/node_modules/mongodb/lib/cmap/handshake) by extensions ['ros']
[0.192s] Level 1:colcon.colcon_core.package_identification:_identify(mars_website/node_modules/mongodb/lib/cmap/handshake) by extension 'ros'
[0.192s] Level 1:colcon.colcon_core.package_identification:_identify(mars_website/node_modules/mongodb/lib/cmap/handshake) by extensions ['cmake', 'python']
[0.192s] Level 1:colcon.colcon_core.package_identification:_identify(mars_website/node_modules/mongodb/lib/cmap/handshake) by extension 'cmake'
[0.192s] Level 1:colcon.colcon_core.package_identification:_identify(mars_website/node_modules/mongodb/lib/cmap/handshake) by extension 'python'
[0.192s] Level 1:colcon.colcon_core.package_identification:_identify(mars_website/node_modules/mongodb/lib/cmap/handshake) by extensions ['python_setup_py']
[0.192s] Level 1:colcon.colcon_core.package_identification:_identify(mars_website/node_modules/mongodb/lib/cmap/handshake) by extension 'python_setup_py'
[0.192s] Level 1:colcon.colcon_core.package_identification:_identify(mars_website/node_modules/mongodb/lib/cmap/wire_protocol) by extensions ['ignore', 'ignore_ament_install']
[0.192s] Level 1:colcon.colcon_core.package_identification:_identify(mars_website/node_modules/mongodb/lib/cmap/wire_protocol) by extension 'ignore'
[0.192s] Level 1:colcon.colcon_core.package_identification:_identify(mars_website/node_modules/mongodb/lib/cmap/wire_protocol) by extension 'ignore_ament_install'
[0.192s] Level 1:colcon.colcon_core.package_identification:_identify(mars_website/node_modules/mongodb/lib/cmap/wire_protocol) by extensions ['colcon_pkg']
[0.192s] Level 1:colcon.colcon_core.package_identification:_identify(mars_website/node_modules/mongodb/lib/cmap/wire_protocol) by extension 'colcon_pkg'
[0.192s] Level 1:colcon.colcon_core.package_identification:_identify(mars_website/node_modules/mongodb/lib/cmap/wire_protocol) by extensions ['colcon_meta']
[0.192s] Level 1:colcon.colcon_core.package_identification:_identify(mars_website/node_modules/mongodb/lib/cmap/wire_protocol) by extension 'colcon_meta'
[0.192s] Level 1:colcon.colcon_core.package_identification:_identify(mars_website/node_modules/mongodb/lib/cmap/wire_protocol) by extensions ['ros']
[0.192s] Level 1:colcon.colcon_core.package_identification:_identify(mars_website/node_modules/mongodb/lib/cmap/wire_protocol) by extension 'ros'
[0.192s] Level 1:colcon.colcon_core.package_identification:_identify(mars_website/node_modules/mongodb/lib/cmap/wire_protocol) by extensions ['cmake', 'python']
[0.192s] Level 1:colcon.colcon_core.package_identification:_identify(mars_website/node_modules/mongodb/lib/cmap/wire_protocol) by extension 'cmake'
[0.193s] Level 1:colcon.colcon_core.package_identification:_identify(mars_website/node_modules/mongodb/lib/cmap/wire_protocol) by extension 'python'
[0.193s] Level 1:colcon.colcon_core.package_identification:_identify(mars_website/node_modules/mongodb/lib/cmap/wire_protocol) by extensions ['python_setup_py']
[0.193s] Level 1:colcon.colcon_core.package_identification:_identify(mars_website/node_modules/mongodb/lib/cmap/wire_protocol) by extension 'python_setup_py'
[0.193s] Level 1:colcon.colcon_core.package_identification:_identify(mars_website/node_modules/mongodb/lib/cmap/wire_protocol/on_demand) by extensions ['ignore', 'ignore_ament_install']
[0.193s] Level 1:colcon.colcon_core.package_identification:_identify(mars_website/node_modules/mongodb/lib/cmap/wire_protocol/on_demand) by extension 'ignore'
[0.193s] Level 1:colcon.colcon_core.package_identification:_identify(mars_website/node_modules/mongodb/lib/cmap/wire_protocol/on_demand) by extension 'ignore_ament_install'
[0.193s] Level 1:colcon.colcon_core.package_identification:_identify(mars_website/node_modules/mongodb/lib/cmap/wire_protocol/on_demand) by extensions ['colcon_pkg']
[0.193s] Level 1:colcon.colcon_core.package_identification:_identify(mars_website/node_modules/mongodb/lib/cmap/wire_protocol/on_demand) by extension 'colcon_pkg'
[0.193s] Level 1:colcon.colcon_core.package_identification:_identify(mars_website/node_modules/mongodb/lib/cmap/wire_protocol/on_demand) by extensions ['colcon_meta']
[0.193s] Level 1:colcon.colcon_core.package_identification:_identify(mars_website/node_modules/mongodb/lib/cmap/wire_protocol/on_demand) by extension 'colcon_meta'
[0.193s] Level 1:colcon.colcon_core.package_identification:_identify(mars_website/node_modules/mongodb/lib/cmap/wire_protocol/on_demand) by extensions ['ros']
[0.193s] Level 1:colcon.colcon_core.package_identification:_identify(mars_website/node_modules/mongodb/lib/cmap/wire_protocol/on_demand) by extension 'ros'
[0.193s] Level 1:colcon.colcon_core.package_identification:_identify(mars_website/node_modules/mongodb/lib/cmap/wire_protocol/on_demand) by extensions ['cmake', 'python']
[0.193s] Level 1:colcon.colcon_core.package_identification:_identify(mars_website/node_modules/mongodb/lib/cmap/wire_protocol/on_demand) by extension 'cmake'
[0.193s] Level 1:colcon.colcon_core.package_identification:_identify(mars_website/node_modules/mongodb/lib/cmap/wire_protocol/on_demand) by extension 'python'
[0.193s] Level 1:colcon.colcon_core.package_identification:_identify(mars_website/node_modules/mongodb/lib/cmap/wire_protocol/on_demand) by extensions ['python_setup_py']
[0.193s] Level 1:colcon.colcon_core.package_identification:_identify(mars_website/node_modules/mongodb/lib/cmap/wire_protocol/on_demand) by extension 'python_setup_py'
[0.193s] Level 1:colcon.colcon_core.package_identification:_identify(mars_website/node_modules/mongodb/lib/cursor) by extensions ['ignore', 'ignore_ament_install']
[0.193s] Level 1:colcon.colcon_core.package_identification:_identify(mars_website/node_modules/mongodb/lib/cursor) by extension 'ignore'
[0.193s] Level 1:colcon.colcon_core.package_identification:_identify(mars_website/node_modules/mongodb/lib/cursor) by extension 'ignore_ament_install'
[0.194s] Level 1:colcon.colcon_core.package_identification:_identify(mars_website/node_modules/mongodb/lib/cursor) by extensions ['colcon_pkg']
[0.194s] Level 1:colcon.colcon_core.package_identification:_identify(mars_website/node_modules/mongodb/lib/cursor) by extension 'colcon_pkg'
[0.194s] Level 1:colcon.colcon_core.package_identification:_identify(mars_website/node_modules/mongodb/lib/cursor) by extensions ['colcon_meta']
[0.194s] Level 1:colcon.colcon_core.package_identification:_identify(mars_website/node_modules/mongodb/lib/cursor) by extension 'colcon_meta'
[0.194s] Level 1:colcon.colcon_core.package_identification:_identify(mars_website/node_modules/mongodb/lib/cursor) by extensions ['ros']
[0.194s] Level 1:colcon.colcon_core.package_identification:_identify(mars_website/node_modules/mongodb/lib/cursor) by extension 'ros'
[0.194s] Level 1:colcon.colcon_core.package_identification:_identify(mars_website/node_modules/mongodb/lib/cursor) by extensions ['cmake', 'python']
[0.194s] Level 1:colcon.colcon_core.package_identification:_identify(mars_website/node_modules/mongodb/lib/cursor) by extension 'cmake'
[0.194s] Level 1:colcon.colcon_core.package_identification:_identify(mars_website/node_modules/mongodb/lib/cursor) by extension 'python'
[0.194s] Level 1:colcon.colcon_core.package_identification:_identify(mars_website/node_modules/mongodb/lib/cursor) by extensions ['python_setup_py']
[0.194s] Level 1:colcon.colcon_core.package_identification:_identify(mars_website/node_modules/mongodb/lib/cursor) by extension 'python_setup_py'
[0.194s] Level 1:colcon.colcon_core.package_identification:_identify(mars_website/node_modules/mongodb/lib/gridfs) by extensions ['ignore', 'ignore_ament_install']
[0.194s] Level 1:colcon.colcon_core.package_identification:_identify(mars_website/node_modules/mongodb/lib/gridfs) by extension 'ignore'
[0.194s] Level 1:colcon.colcon_core.package_identification:_identify(mars_website/node_modules/mongodb/lib/gridfs) by extension 'ignore_ament_install'
[0.194s] Level 1:colcon.colcon_core.package_identification:_identify(mars_website/node_modules/mongodb/lib/gridfs) by extensions ['colcon_pkg']
[0.194s] Level 1:colcon.colcon_core.package_identification:_identify(mars_website/node_modules/mongodb/lib/gridfs) by extension 'colcon_pkg'
[0.194s] Level 1:colcon.colcon_core.package_identification:_identify(mars_website/node_modules/mongodb/lib/gridfs) by extensions ['colcon_meta']
[0.194s] Level 1:colcon.colcon_core.package_identification:_identify(mars_website/node_modules/mongodb/lib/gridfs) by extension 'colcon_meta'
[0.194s] Level 1:colcon.colcon_core.package_identification:_identify(mars_website/node_modules/mongodb/lib/gridfs) by extensions ['ros']
[0.194s] Level 1:colcon.colcon_core.package_identification:_identify(mars_website/node_modules/mongodb/lib/gridfs) by extension 'ros'
[0.195s] Level 1:colcon.colcon_core.package_identification:_identify(mars_website/node_modules/mongodb/lib/gridfs) by extensions ['cmake', 'python']
[0.195s] Level 1:colcon.colcon_core.package_identification:_identify(mars_website/node_modules/mongodb/lib/gridfs) by extension 'cmake'
[0.195s] Level 1:colcon.colcon_core.package_identification:_identify(mars_website/node_modules/mongodb/lib/gridfs) by extension 'python'
[0.195s] Level 1:colcon.colcon_core.package_identification:_identify(mars_website/node_modules/mongodb/lib/gridfs) by extensions ['python_setup_py']
[0.195s] Level 1:colcon.colcon_core.package_identification:_identify(mars_website/node_modules/mongodb/lib/gridfs) by extension 'python_setup_py'
[0.195s] Level 1:colcon.colcon_core.package_identification:_identify(mars_website/node_modules/mongodb/lib/operations) by extensions ['ignore', 'ignore_ament_install']
[0.195s] Level 1:colcon.colcon_core.package_identification:_identify(mars_website/node_modules/mongodb/lib/operations) by extension 'ignore'
[0.195s] Level 1:colcon.colcon_core.package_identification:_identify(mars_website/node_modules/mongodb/lib/operations) by extension 'ignore_ament_install'
[0.195s] Level 1:colcon.colcon_core.package_identification:_identify(mars_website/node_modules/mongodb/lib/operations) by extensions ['colcon_pkg']
[0.195s] Level 1:colcon.colcon_core.package_identification:_identify(mars_website/node_modules/mongodb/lib/operations) by extension 'colcon_pkg'
[0.195s] Level 1:colcon.colcon_core.package_identification:_identify(mars_website/node_modules/mongodb/lib/operations) by extensions ['colcon_meta']
[0.195s] Level 1:colcon.colcon_core.package_identification:_identify(mars_website/node_modules/mongodb/lib/operations) by extension 'colcon_meta'
[0.195s] Level 1:colcon.colcon_core.package_identification:_identify(mars_website/node_modules/mongodb/lib/operations) by extensions ['ros']
[0.195s] Level 1:colcon.colcon_core.package_identification:_identify(mars_website/node_modules/mongodb/lib/operations) by extension 'ros'
[0.195s] Level 1:colcon.colcon_core.package_identification:_identify(mars_website/node_modules/mongodb/lib/operations) by extensions ['cmake', 'python']
[0.195s] Level 1:colcon.colcon_core.package_identification:_identify(mars_website/node_modules/mongodb/lib/operations) by extension 'cmake'
[0.195s] Level 1:colcon.colcon_core.package_identification:_identify(mars_website/node_modules/mongodb/lib/operations) by extension 'python'
[0.196s] Level 1:colcon.colcon_core.package_identification:_identify(mars_website/node_modules/mongodb/lib/operations) by extensions ['python_setup_py']
[0.196s] Level 1:colcon.colcon_core.package_identification:_identify(mars_website/node_modules/mongodb/lib/operations) by extension 'python_setup_py'
[0.196s] Level 1:colcon.colcon_core.package_identification:_identify(mars_website/node_modules/mongodb/lib/operations/client_bulk_write) by extensions ['ignore', 'ignore_ament_install']
[0.196s] Level 1:colcon.colcon_core.package_identification:_identify(mars_website/node_modules/mongodb/lib/operations/client_bulk_write) by extension 'ignore'
[0.196s] Level 1:colcon.colcon_core.package_identification:_identify(mars_website/node_modules/mongodb/lib/operations/client_bulk_write) by extension 'ignore_ament_install'
[0.196s] Level 1:colcon.colcon_core.package_identification:_identify(mars_website/node_modules/mongodb/lib/operations/client_bulk_write) by extensions ['colcon_pkg']
[0.196s] Level 1:colcon.colcon_core.package_identification:_identify(mars_website/node_modules/mongodb/lib/operations/client_bulk_write) by extension 'colcon_pkg'
[0.196s] Level 1:colcon.colcon_core.package_identification:_identify(mars_website/node_modules/mongodb/lib/operations/client_bulk_write) by extensions ['colcon_meta']
[0.196s] Level 1:colcon.colcon_core.package_identification:_identify(mars_website/node_modules/mongodb/lib/operations/client_bulk_write) by extension 'colcon_meta'
[0.196s] Level 1:colcon.colcon_core.package_identification:_identify(mars_website/node_modules/mongodb/lib/operations/client_bulk_write) by extensions ['ros']
[0.196s] Level 1:colcon.colcon_core.package_identification:_identify(mars_website/node_modules/mongodb/lib/operations/client_bulk_write) by extension 'ros'
[0.196s] Level 1:colcon.colcon_core.package_identification:_identify(mars_website/node_modules/mongodb/lib/operations/client_bulk_write) by extensions ['cmake', 'python']
[0.196s] Level 1:colcon.colcon_core.package_identification:_identify(mars_website/node_modules/mongodb/lib/operations/client_bulk_write) by extension 'cmake'
[0.196s] Level 1:colcon.colcon_core.package_identification:_identify(mars_website/node_modules/mongodb/lib/operations/client_bulk_write) by extension 'python'
[0.196s] Level 1:colcon.colcon_core.package_identification:_identify(mars_website/node_modules/mongodb/lib/operations/client_bulk_write) by extensions ['python_setup_py']
[0.196s] Level 1:colcon.colcon_core.package_identification:_identify(mars_website/node_modules/mongodb/lib/operations/client_bulk_write) by extension 'python_setup_py'
[0.196s] Level 1:colcon.colcon_core.package_identification:_identify(mars_website/node_modules/mongodb/lib/operations/search_indexes) by extensions ['ignore', 'ignore_ament_install']
[0.197s] Level 1:colcon.colcon_core.package_identification:_identify(mars_website/node_modules/mongodb/lib/operations/search_indexes) by extension 'ignore'
[0.197s] Level 1:colcon.colcon_core.package_identification:_identify(mars_website/node_modules/mongodb/lib/operations/search_indexes) by extension 'ignore_ament_install'
[0.197s] Level 1:colcon.colcon_core.package_identification:_identify(mars_website/node_modules/mongodb/lib/operations/search_indexes) by extensions ['colcon_pkg']
[0.197s] Level 1:colcon.colcon_core.package_identification:_identify(mars_website/node_modules/mongodb/lib/operations/search_indexes) by extension 'colcon_pkg'
[0.197s] Level 1:colcon.colcon_core.package_identification:_identify(mars_website/node_modules/mongodb/lib/operations/search_indexes) by extensions ['colcon_meta']
[0.197s] Level 1:colcon.colcon_core.package_identification:_identify(mars_website/node_modules/mongodb/lib/operations/search_indexes) by extension 'colcon_meta'
[0.197s] Level 1:colcon.colcon_core.package_identification:_identify(mars_website/node_modules/mongodb/lib/operations/search_indexes) by extensions ['ros']
[0.197s] Level 1:colcon.colcon_core.package_identification:_identify(mars_website/node_modules/mongodb/lib/operations/search_indexes) by extension 'ros'
[0.197s] Level 1:colcon.colcon_core.package_identification:_identify(mars_website/node_modules/mongodb/lib/operations/search_indexes) by extensions ['cmake', 'python']
[0.197s] Level 1:colcon.colcon_core.package_identification:_identify(mars_website/node_modules/mongodb/lib/operations/search_indexes) by extension 'cmake'
[0.197s] Level 1:colcon.colcon_core.package_identification:_identify(mars_website/node_modules/mongodb/lib/operations/search_indexes) by extension 'python'
[0.197s] Level 1:colcon.colcon_core.package_identification:_identify(mars_website/node_modules/mongodb/lib/operations/search_indexes) by extensions ['python_setup_py']
[0.197s] Level 1:colcon.colcon_core.package_identification:_identify(mars_website/node_modules/mongodb/lib/operations/search_indexes) by extension 'python_setup_py'
[0.197s] Level 1:colcon.colcon_core.package_identification:_identify(mars_website/node_modules/mongodb/lib/sdam) by extensions ['ignore', 'ignore_ament_install']
[0.197s] Level 1:colcon.colcon_core.package_identification:_identify(mars_website/node_modules/mongodb/lib/sdam) by extension 'ignore'
[0.197s] Level 1:colcon.colcon_core.package_identification:_identify(mars_website/node_modules/mongodb/lib/sdam) by extension 'ignore_ament_install'
[0.197s] Level 1:colcon.colcon_core.package_identification:_identify(mars_website/node_modules/mongodb/lib/sdam) by extensions ['colcon_pkg']
[0.197s] Level 1:colcon.colcon_core.package_identification:_identify(mars_website/node_modules/mongodb/lib/sdam) by extension 'colcon_pkg'
[0.197s] Level 1:colcon.colcon_core.package_identification:_identify(mars_website/node_modules/mongodb/lib/sdam) by extensions ['colcon_meta']
[0.197s] Level 1:colcon.colcon_core.package_identification:_identify(mars_website/node_modules/mongodb/lib/sdam) by extension 'colcon_meta'
[0.197s] Level 1:colcon.colcon_core.package_identification:_identify(mars_website/node_modules/mongodb/lib/sdam) by extensions ['ros']
[0.197s] Level 1:colcon.colcon_core.package_identification:_identify(mars_website/node_modules/mongodb/lib/sdam) by extension 'ros'
[0.198s] Level 1:colcon.colcon_core.package_identification:_identify(mars_website/node_modules/mongodb/lib/sdam) by extensions ['cmake', 'python']
[0.198s] Level 1:colcon.colcon_core.package_identification:_identify(mars_website/node_modules/mongodb/lib/sdam) by extension 'cmake'
[0.198s] Level 1:colcon.colcon_core.package_identification:_identify(mars_website/node_modules/mongodb/lib/sdam) by extension 'python'
[0.198s] Level 1:colcon.colcon_core.package_identification:_identify(mars_website/node_modules/mongodb/lib/sdam) by extensions ['python_setup_py']
[0.198s] Level 1:colcon.colcon_core.package_identification:_identify(mars_website/node_modules/mongodb/lib/sdam) by extension 'python_setup_py'
[0.198s] Level 1:colcon.colcon_core.package_identification:_identify(mars_website/node_modules/mongodb/src) by extensions ['ignore', 'ignore_ament_install']
[0.198s] Level 1:colcon.colcon_core.package_identification:_identify(mars_website/node_modules/mongodb/src) by extension 'ignore'
[0.198s] Level 1:colcon.colcon_core.package_identification:_identify(mars_website/node_modules/mongodb/src) by extension 'ignore_ament_install'
[0.198s] Level 1:colcon.colcon_core.package_identification:_identify(mars_website/node_modules/mongodb/src) by extensions ['colcon_pkg']
[0.198s] Level 1:colcon.colcon_core.package_identification:_identify(mars_website/node_modules/mongodb/src) by extension 'colcon_pkg'
[0.198s] Level 1:colcon.colcon_core.package_identification:_identify(mars_website/node_modules/mongodb/src) by extensions ['colcon_meta']
[0.198s] Level 1:colcon.colcon_core.package_identification:_identify(mars_website/node_modules/mongodb/src) by extension 'colcon_meta'
[0.198s] Level 1:colcon.colcon_core.package_identification:_identify(mars_website/node_modules/mongodb/src) by extensions ['ros']
[0.198s] Level 1:colcon.colcon_core.package_identification:_identify(mars_website/node_modules/mongodb/src) by extension 'ros'
[0.198s] Level 1:colcon.colcon_core.package_identification:_identify(mars_website/node_modules/mongodb/src) by extensions ['cmake', 'python']
[0.198s] Level 1:colcon.colcon_core.package_identification:_identify(mars_website/node_modules/mongodb/src) by extension 'cmake'
[0.198s] Level 1:colcon.colcon_core.package_identification:_identify(mars_website/node_modules/mongodb/src) by extension 'python'
[0.198s] Level 1:colcon.colcon_core.package_identification:_identify(mars_website/node_modules/mongodb/src) by extensions ['python_setup_py']
[0.198s] Level 1:colcon.colcon_core.package_identification:_identify(mars_website/node_modules/mongodb/src) by extension 'python_setup_py'
[0.198s] Level 1:colcon.colcon_core.package_identification:_identify(mars_website/node_modules/mongodb/src/bulk) by extensions ['ignore', 'ignore_ament_install']
[0.198s] Level 1:colcon.colcon_core.package_identification:_identify(mars_website/node_modules/mongodb/src/bulk) by extension 'ignore'
[0.199s] Level 1:colcon.colcon_core.package_identification:_identify(mars_website/node_modules/mongodb/src/bulk) by extension 'ignore_ament_install'
[0.199s] Level 1:colcon.colcon_core.package_identification:_identify(mars_website/node_modules/mongodb/src/bulk) by extensions ['colcon_pkg']
[0.199s] Level 1:colcon.colcon_core.package_identification:_identify(mars_website/node_modules/mongodb/src/bulk) by extension 'colcon_pkg'
[0.199s] Level 1:colcon.colcon_core.package_identification:_identify(mars_website/node_modules/mongodb/src/bulk) by extensions ['colcon_meta']
[0.199s] Level 1:colcon.colcon_core.package_identification:_identify(mars_website/node_modules/mongodb/src/bulk) by extension 'colcon_meta'
[0.199s] Level 1:colcon.colcon_core.package_identification:_identify(mars_website/node_modules/mongodb/src/bulk) by extensions ['ros']
[0.199s] Level 1:colcon.colcon_core.package_identification:_identify(mars_website/node_modules/mongodb/src/bulk) by extension 'ros'
[0.199s] Level 1:colcon.colcon_core.package_identification:_identify(mars_website/node_modules/mongodb/src/bulk) by extensions ['cmake', 'python']
[0.199s] Level 1:colcon.colcon_core.package_identification:_identify(mars_website/node_modules/mongodb/src/bulk) by extension 'cmake'
[0.199s] Level 1:colcon.colcon_core.package_identification:_identify(mars_website/node_modules/mongodb/src/bulk) by extension 'python'
[0.199s] Level 1:colcon.colcon_core.package_identification:_identify(mars_website/node_modules/mongodb/src/bulk) by extensions ['python_setup_py']
[0.199s] Level 1:colcon.colcon_core.package_identification:_identify(mars_website/node_modules/mongodb/src/bulk) by extension 'python_setup_py'
[0.199s] Level 1:colcon.colcon_core.package_identification:_identify(mars_website/node_modules/mongodb/src/client-side-encryption) by extensions ['ignore', 'ignore_ament_install']
[0.199s] Level 1:colcon.colcon_core.package_identification:_identify(mars_website/node_modules/mongodb/src/client-side-encryption) by extension 'ignore'
[0.199s] Level 1:colcon.colcon_core.package_identification:_identify(mars_website/node_modules/mongodb/src/client-side-encryption) by extension 'ignore_ament_install'
[0.199s] Level 1:colcon.colcon_core.package_identification:_identify(mars_website/node_modules/mongodb/src/client-side-encryption) by extensions ['colcon_pkg']
[0.199s] Level 1:colcon.colcon_core.package_identification:_identify(mars_website/node_modules/mongodb/src/client-side-encryption) by extension 'colcon_pkg'
[0.199s] Level 1:colcon.colcon_core.package_identification:_identify(mars_website/node_modules/mongodb/src/client-side-encryption) by extensions ['colcon_meta']
[0.199s] Level 1:colcon.colcon_core.package_identification:_identify(mars_website/node_modules/mongodb/src/client-side-encryption) by extension 'colcon_meta'
[0.200s] Level 1:colcon.colcon_core.package_identification:_identify(mars_website/node_modules/mongodb/src/client-side-encryption) by extensions ['ros']
[0.200s] Level 1:colcon.colcon_core.package_identification:_identify(mars_website/node_modules/mongodb/src/client-side-encryption) by extension 'ros'
[0.200s] Level 1:colcon.colcon_core.package_identification:_identify(mars_website/node_modules/mongodb/src/client-side-encryption) by extensions ['cmake', 'python']
[0.200s] Level 1:colcon.colcon_core.package_identification:_identify(mars_website/node_modules/mongodb/src/client-side-encryption) by extension 'cmake'
[0.200s] Level 1:colcon.colcon_core.package_identification:_identify(mars_website/node_modules/mongodb/src/client-side-encryption) by extension 'python'
[0.200s] Level 1:colcon.colcon_core.package_identification:_identify(mars_website/node_modules/mongodb/src/client-side-encryption) by extensions ['python_setup_py']
[0.200s] Level 1:colcon.colcon_core.package_identification:_identify(mars_website/node_modules/mongodb/src/client-side-encryption) by extension 'python_setup_py'
[0.200s] Level 1:colcon.colcon_core.package_identification:_identify(mars_website/node_modules/mongodb/src/client-side-encryption/providers) by extensions ['ignore', 'ignore_ament_install']
[0.200s] Level 1:colcon.colcon_core.package_identification:_identify(mars_website/node_modules/mongodb/src/client-side-encryption/providers) by extension 'ignore'
[0.200s] Level 1:colcon.colcon_core.package_identification:_identify(mars_website/node_modules/mongodb/src/client-side-encryption/providers) by extension 'ignore_ament_install'
[0.200s] Level 1:colcon.colcon_core.package_identification:_identify(mars_website/node_modules/mongodb/src/client-side-encryption/providers) by extensions ['colcon_pkg']
[0.200s] Level 1:colcon.colcon_core.package_identification:_identify(mars_website/node_modules/mongodb/src/client-side-encryption/providers) by extension 'colcon_pkg'
[0.200s] Level 1:colcon.colcon_core.package_identification:_identify(mars_website/node_modules/mongodb/src/client-side-encryption/providers) by extensions ['colcon_meta']
[0.200s] Level 1:colcon.colcon_core.package_identification:_identify(mars_website/node_modules/mongodb/src/client-side-encryption/providers) by extension 'colcon_meta'
[0.200s] Level 1:colcon.colcon_core.package_identification:_identify(mars_website/node_modules/mongodb/src/client-side-encryption/providers) by extensions ['ros']
[0.200s] Level 1:colcon.colcon_core.package_identification:_identify(mars_website/node_modules/mongodb/src/client-side-encryption/providers) by extension 'ros'
[0.200s] Level 1:colcon.colcon_core.package_identification:_identify(mars_website/node_modules/mongodb/src/client-side-encryption/providers) by extensions ['cmake', 'python']
[0.200s] Level 1:colcon.colcon_core.package_identification:_identify(mars_website/node_modules/mongodb/src/client-side-encryption/providers) by extension 'cmake'
[0.200s] Level 1:colcon.colcon_core.package_identification:_identify(mars_website/node_modules/mongodb/src/client-side-encryption/providers) by extension 'python'
[0.200s] Level 1:colcon.colcon_core.package_identification:_identify(mars_website/node_modules/mongodb/src/client-side-encryption/providers) by extensions ['python_setup_py']
[0.200s] Level 1:colcon.colcon_core.package_identification:_identify(mars_website/node_modules/mongodb/src/client-side-encryption/providers) by extension 'python_setup_py'
[0.201s] Level 1:colcon.colcon_core.package_identification:_identify(mars_website/node_modules/mongodb/src/cmap) by extensions ['ignore', 'ignore_ament_install']
[0.201s] Level 1:colcon.colcon_core.package_identification:_identify(mars_website/node_modules/mongodb/src/cmap) by extension 'ignore'
[0.201s] Level 1:colcon.colcon_core.package_identification:_identify(mars_website/node_modules/mongodb/src/cmap) by extension 'ignore_ament_install'
[0.201s] Level 1:colcon.colcon_core.package_identification:_identify(mars_website/node_modules/mongodb/src/cmap) by extensions ['colcon_pkg']
[0.201s] Level 1:colcon.colcon_core.package_identification:_identify(mars_website/node_modules/mongodb/src/cmap) by extension 'colcon_pkg'
[0.201s] Level 1:colcon.colcon_core.package_identification:_identify(mars_website/node_modules/mongodb/src/cmap) by extensions ['colcon_meta']
[0.201s] Level 1:colcon.colcon_core.package_identification:_identify(mars_website/node_modules/mongodb/src/cmap) by extension 'colcon_meta'
[0.201s] Level 1:colcon.colcon_core.package_identification:_identify(mars_website/node_modules/mongodb/src/cmap) by extensions ['ros']
[0.201s] Level 1:colcon.colcon_core.package_identification:_identify(mars_website/node_modules/mongodb/src/cmap) by extension 'ros'
[0.201s] Level 1:colcon.colcon_core.package_identification:_identify(mars_website/node_modules/mongodb/src/cmap) by extensions ['cmake', 'python']
[0.201s] Level 1:colcon.colcon_core.package_identification:_identify(mars_website/node_modules/mongodb/src/cmap) by extension 'cmake'
[0.201s] Level 1:colcon.colcon_core.package_identification:_identify(mars_website/node_modules/mongodb/src/cmap) by extension 'python'
[0.201s] Level 1:colcon.colcon_core.package_identification:_identify(mars_website/node_modules/mongodb/src/cmap) by extensions ['python_setup_py']
[0.201s] Level 1:colcon.colcon_core.package_identification:_identify(mars_website/node_modules/mongodb/src/cmap) by extension 'python_setup_py'
[0.202s] Level 1:colcon.colcon_core.package_identification:_identify(mars_website/node_modules/mongodb/src/cmap/auth) by extensions ['ignore', 'ignore_ament_install']
[0.202s] Level 1:colcon.colcon_core.package_identification:_identify(mars_website/node_modules/mongodb/src/cmap/auth) by extension 'ignore'
[0.202s] Level 1:colcon.colcon_core.package_identification:_identify(mars_website/node_modules/mongodb/src/cmap/auth) by extension 'ignore_ament_install'
[0.202s] Level 1:colcon.colcon_core.package_identification:_identify(mars_website/node_modules/mongodb/src/cmap/auth) by extensions ['colcon_pkg']
[0.202s] Level 1:colcon.colcon_core.package_identification:_identify(mars_website/node_modules/mongodb/src/cmap/auth) by extension 'colcon_pkg'
[0.202s] Level 1:colcon.colcon_core.package_identification:_identify(mars_website/node_modules/mongodb/src/cmap/auth) by extensions ['colcon_meta']
[0.202s] Level 1:colcon.colcon_core.package_identification:_identify(mars_website/node_modules/mongodb/src/cmap/auth) by extension 'colcon_meta'
[0.202s] Level 1:colcon.colcon_core.package_identification:_identify(mars_website/node_modules/mongodb/src/cmap/auth) by extensions ['ros']
[0.202s] Level 1:colcon.colcon_core.package_identification:_identify(mars_website/node_modules/mongodb/src/cmap/auth) by extension 'ros'
[0.202s] Level 1:colcon.colcon_core.package_identification:_identify(mars_website/node_modules/mongodb/src/cmap/auth) by extensions ['cmake', 'python']
[0.202s] Level 1:colcon.colcon_core.package_identification:_identify(mars_website/node_modules/mongodb/src/cmap/auth) by extension 'cmake'
[0.202s] Level 1:colcon.colcon_core.package_identification:_identify(mars_website/node_modules/mongodb/src/cmap/auth) by extension 'python'
[0.202s] Level 1:colcon.colcon_core.package_identification:_identify(mars_website/node_modules/mongodb/src/cmap/auth) by extensions ['python_setup_py']
[0.202s] Level 1:colcon.colcon_core.package_identification:_identify(mars_website/node_modules/mongodb/src/cmap/auth) by extension 'python_setup_py'
[0.202s] Level 1:colcon.colcon_core.package_identification:_identify(mars_website/node_modules/mongodb/src/cmap/auth/mongodb_oidc) by extensions ['ignore', 'ignore_ament_install']
[0.202s] Level 1:colcon.colcon_core.package_identification:_identify(mars_website/node_modules/mongodb/src/cmap/auth/mongodb_oidc) by extension 'ignore'
[0.203s] Level 1:colcon.colcon_core.package_identification:_identify(mars_website/node_modules/mongodb/src/cmap/auth/mongodb_oidc) by extension 'ignore_ament_install'
[0.203s] Level 1:colcon.colcon_core.package_identification:_identify(mars_website/node_modules/mongodb/src/cmap/auth/mongodb_oidc) by extensions ['colcon_pkg']
[0.203s] Level 1:colcon.colcon_core.package_identification:_identify(mars_website/node_modules/mongodb/src/cmap/auth/mongodb_oidc) by extension 'colcon_pkg'
[0.203s] Level 1:colcon.colcon_core.package_identification:_identify(mars_website/node_modules/mongodb/src/cmap/auth/mongodb_oidc) by extensions ['colcon_meta']
[0.203s] Level 1:colcon.colcon_core.package_identification:_identify(mars_website/node_modules/mongodb/src/cmap/auth/mongodb_oidc) by extension 'colcon_meta'
[0.203s] Level 1:colcon.colcon_core.package_identification:_identify(mars_website/node_modules/mongodb/src/cmap/auth/mongodb_oidc) by extensions ['ros']
[0.203s] Level 1:colcon.colcon_core.package_identification:_identify(mars_website/node_modules/mongodb/src/cmap/auth/mongodb_oidc) by extension 'ros'
[0.203s] Level 1:colcon.colcon_core.package_identification:_identify(mars_website/node_modules/mongodb/src/cmap/auth/mongodb_oidc) by extensions ['cmake', 'python']
[0.203s] Level 1:colcon.colcon_core.package_identification:_identify(mars_website/node_modules/mongodb/src/cmap/auth/mongodb_oidc) by extension 'cmake'
[0.203s] Level 1:colcon.colcon_core.package_identification:_identify(mars_website/node_modules/mongodb/src/cmap/auth/mongodb_oidc) by extension 'python'
[0.203s] Level 1:colcon.colcon_core.package_identification:_identify(mars_website/node_modules/mongodb/src/cmap/auth/mongodb_oidc) by extensions ['python_setup_py']
[0.203s] Level 1:colcon.colcon_core.package_identification:_identify(mars_website/node_modules/mongodb/src/cmap/auth/mongodb_oidc) by extension 'python_setup_py'
[0.204s] Level 1:colcon.colcon_core.package_identification:_identify(mars_website/node_modules/mongodb/src/cmap/handshake) by extensions ['ignore', 'ignore_ament_install']
[0.204s] Level 1:colcon.colcon_core.package_identification:_identify(mars_website/node_modules/mongodb/src/cmap/handshake) by extension 'ignore'
[0.204s] Level 1:colcon.colcon_core.package_identification:_identify(mars_website/node_modules/mongodb/src/cmap/handshake) by extension 'ignore_ament_install'
[0.204s] Level 1:colcon.colcon_core.package_identification:_identify(mars_website/node_modules/mongodb/src/cmap/handshake) by extensions ['colcon_pkg']
[0.204s] Level 1:colcon.colcon_core.package_identification:_identify(mars_website/node_modules/mongodb/src/cmap/handshake) by extension 'colcon_pkg'
[0.204s] Level 1:colcon.colcon_core.package_identification:_identify(mars_website/node_modules/mongodb/src/cmap/handshake) by extensions ['colcon_meta']
[0.204s] Level 1:colcon.colcon_core.package_identification:_identify(mars_website/node_modules/mongodb/src/cmap/handshake) by extension 'colcon_meta'
[0.204s] Level 1:colcon.colcon_core.package_identification:_identify(mars_website/node_modules/mongodb/src/cmap/handshake) by extensions ['ros']
[0.204s] Level 1:colcon.colcon_core.package_identification:_identify(mars_website/node_modules/mongodb/src/cmap/handshake) by extension 'ros'
[0.204s] Level 1:colcon.colcon_core.package_identification:_identify(mars_website/node_modules/mongodb/src/cmap/handshake) by extensions ['cmake', 'python']
[0.204s] Level 1:colcon.colcon_core.package_identification:_identify(mars_website/node_modules/mongodb/src/cmap/handshake) by extension 'cmake'
[0.204s] Level 1:colcon.colcon_core.package_identification:_identify(mars_website/node_modules/mongodb/src/cmap/handshake) by extension 'python'
[0.204s] Level 1:colcon.colcon_core.package_identification:_identify(mars_website/node_modules/mongodb/src/cmap/handshake) by extensions ['python_setup_py']
[0.204s] Level 1:colcon.colcon_core.package_identification:_identify(mars_website/node_modules/mongodb/src/cmap/handshake) by extension 'python_setup_py'
[0.205s] Level 1:colcon.colcon_core.package_identification:_identify(mars_website/node_modules/mongodb/src/cmap/wire_protocol) by extensions ['ignore', 'ignore_ament_install']
[0.205s] Level 1:colcon.colcon_core.package_identification:_identify(mars_website/node_modules/mongodb/src/cmap/wire_protocol) by extension 'ignore'
[0.205s] Level 1:colcon.colcon_core.package_identification:_identify(mars_website/node_modules/mongodb/src/cmap/wire_protocol) by extension 'ignore_ament_install'
[0.205s] Level 1:colcon.colcon_core.package_identification:_identify(mars_website/node_modules/mongodb/src/cmap/wire_protocol) by extensions ['colcon_pkg']
[0.205s] Level 1:colcon.colcon_core.package_identification:_identify(mars_website/node_modules/mongodb/src/cmap/wire_protocol) by extension 'colcon_pkg'
[0.205s] Level 1:colcon.colcon_core.package_identification:_identify(mars_website/node_modules/mongodb/src/cmap/wire_protocol) by extensions ['colcon_meta']
[0.205s] Level 1:colcon.colcon_core.package_identification:_identify(mars_website/node_modules/mongodb/src/cmap/wire_protocol) by extension 'colcon_meta'
[0.205s] Level 1:colcon.colcon_core.package_identification:_identify(mars_website/node_modules/mongodb/src/cmap/wire_protocol) by extensions ['ros']
[0.205s] Level 1:colcon.colcon_core.package_identification:_identify(mars_website/node_modules/mongodb/src/cmap/wire_protocol) by extension 'ros'
[0.205s] Level 1:colcon.colcon_core.package_identification:_identify(mars_website/node_modules/mongodb/src/cmap/wire_protocol) by extensions ['cmake', 'python']
[0.205s] Level 1:colcon.colcon_core.package_identification:_identify(mars_website/node_modules/mongodb/src/cmap/wire_protocol) by extension 'cmake'
[0.205s] Level 1:colcon.colcon_core.package_identification:_identify(mars_website/node_modules/mongodb/src/cmap/wire_protocol) by extension 'python'
[0.205s] Level 1:colcon.colcon_core.package_identification:_identify(mars_website/node_modules/mongodb/src/cmap/wire_protocol) by extensions ['python_setup_py']
[0.205s] Level 1:colcon.colcon_core.package_identification:_identify(mars_website/node_modules/mongodb/src/cmap/wire_protocol) by extension 'python_setup_py'
[0.206s] Level 1:colcon.colcon_core.package_identification:_identify(mars_website/node_modules/mongodb/src/cmap/wire_protocol/on_demand) by extensions ['ignore', 'ignore_ament_install']
[0.206s] Level 1:colcon.colcon_core.package_identification:_identify(mars_website/node_modules/mongodb/src/cmap/wire_protocol/on_demand) by extension 'ignore'
[0.206s] Level 1:colcon.colcon_core.package_identification:_identify(mars_website/node_modules/mongodb/src/cmap/wire_protocol/on_demand) by extension 'ignore_ament_install'
[0.206s] Level 1:colcon.colcon_core.package_identification:_identify(mars_website/node_modules/mongodb/src/cmap/wire_protocol/on_demand) by extensions ['colcon_pkg']
[0.206s] Level 1:colcon.colcon_core.package_identification:_identify(mars_website/node_modules/mongodb/src/cmap/wire_protocol/on_demand) by extension 'colcon_pkg'
[0.206s] Level 1:colcon.colcon_core.package_identification:_identify(mars_website/node_modules/mongodb/src/cmap/wire_protocol/on_demand) by extensions ['colcon_meta']
[0.206s] Level 1:colcon.colcon_core.package_identification:_identify(mars_website/node_modules/mongodb/src/cmap/wire_protocol/on_demand) by extension 'colcon_meta'
[0.207s] Level 1:colcon.colcon_core.package_identification:_identify(mars_website/node_modules/mongodb/src/cmap/wire_protocol/on_demand) by extensions ['ros']
[0.207s] Level 1:colcon.colcon_core.package_identification:_identify(mars_website/node_modules/mongodb/src/cmap/wire_protocol/on_demand) by extension 'ros'
[0.207s] Level 1:colcon.colcon_core.package_identification:_identify(mars_website/node_modules/mongodb/src/cmap/wire_protocol/on_demand) by extensions ['cmake', 'python']
[0.207s] Level 1:colcon.colcon_core.package_identification:_identify(mars_website/node_modules/mongodb/src/cmap/wire_protocol/on_demand) by extension 'cmake'
[0.207s] Level 1:colcon.colcon_core.package_identification:_identify(mars_website/node_modules/mongodb/src/cmap/wire_protocol/on_demand) by extension 'python'
[0.207s] Level 1:colcon.colcon_core.package_identification:_identify(mars_website/node_modules/mongodb/src/cmap/wire_protocol/on_demand) by extensions ['python_setup_py']
[0.207s] Level 1:colcon.colcon_core.package_identification:_identify(mars_website/node_modules/mongodb/src/cmap/wire_protocol/on_demand) by extension 'python_setup_py'
[0.207s] Level 1:colcon.colcon_core.package_identification:_identify(mars_website/node_modules/mongodb/src/cursor) by extensions ['ignore', 'ignore_ament_install']
[0.207s] Level 1:colcon.colcon_core.package_identification:_identify(mars_website/node_modules/mongodb/src/cursor) by extension 'ignore'
[0.207s] Level 1:colcon.colcon_core.package_identification:_identify(mars_website/node_modules/mongodb/src/cursor) by extension 'ignore_ament_install'
[0.207s] Level 1:colcon.colcon_core.package_identification:_identify(mars_website/node_modules/mongodb/src/cursor) by extensions ['colcon_pkg']
[0.207s] Level 1:colcon.colcon_core.package_identification:_identify(mars_website/node_modules/mongodb/src/cursor) by extension 'colcon_pkg'
[0.207s] Level 1:colcon.colcon_core.package_identification:_identify(mars_website/node_modules/mongodb/src/cursor) by extensions ['colcon_meta']
[0.208s] Level 1:colcon.colcon_core.package_identification:_identify(mars_website/node_modules/mongodb/src/cursor) by extension 'colcon_meta'
[0.208s] Level 1:colcon.colcon_core.package_identification:_identify(mars_website/node_modules/mongodb/src/cursor) by extensions ['ros']
[0.208s] Level 1:colcon.colcon_core.package_identification:_identify(mars_website/node_modules/mongodb/src/cursor) by extension 'ros'
[0.208s] Level 1:colcon.colcon_core.package_identification:_identify(mars_website/node_modules/mongodb/src/cursor) by extensions ['cmake', 'python']
[0.208s] Level 1:colcon.colcon_core.package_identification:_identify(mars_website/node_modules/mongodb/src/cursor) by extension 'cmake'
[0.208s] Level 1:colcon.colcon_core.package_identification:_identify(mars_website/node_modules/mongodb/src/cursor) by extension 'python'
[0.208s] Level 1:colcon.colcon_core.package_identification:_identify(mars_website/node_modules/mongodb/src/cursor) by extensions ['python_setup_py']
[0.208s] Level 1:colcon.colcon_core.package_identification:_identify(mars_website/node_modules/mongodb/src/cursor) by extension 'python_setup_py'
[0.208s] Level 1:colcon.colcon_core.package_identification:_identify(mars_website/node_modules/mongodb/src/gridfs) by extensions ['ignore', 'ignore_ament_install']
[0.208s] Level 1:colcon.colcon_core.package_identification:_identify(mars_website/node_modules/mongodb/src/gridfs) by extension 'ignore'
[0.208s] Level 1:colcon.colcon_core.package_identification:_identify(mars_website/node_modules/mongodb/src/gridfs) by extension 'ignore_ament_install'
[0.208s] Level 1:colcon.colcon_core.package_identification:_identify(mars_website/node_modules/mongodb/src/gridfs) by extensions ['colcon_pkg']
[0.208s] Level 1:colcon.colcon_core.package_identification:_identify(mars_website/node_modules/mongodb/src/gridfs) by extension 'colcon_pkg'
[0.208s] Level 1:colcon.colcon_core.package_identification:_identify(mars_website/node_modules/mongodb/src/gridfs) by extensions ['colcon_meta']
[0.208s] Level 1:colcon.colcon_core.package_identification:_identify(mars_website/node_modules/mongodb/src/gridfs) by extension 'colcon_meta'
[0.208s] Level 1:colcon.colcon_core.package_identification:_identify(mars_website/node_modules/mongodb/src/gridfs) by extensions ['ros']
[0.209s] Level 1:colcon.colcon_core.package_identification:_identify(mars_website/node_modules/mongodb/src/gridfs) by extension 'ros'
[0.209s] Level 1:colcon.colcon_core.package_identification:_identify(mars_website/node_modules/mongodb/src/gridfs) by extensions ['cmake', 'python']
[0.209s] Level 1:colcon.colcon_core.package_identification:_identify(mars_website/node_modules/mongodb/src/gridfs) by extension 'cmake'
[0.209s] Level 1:colcon.colcon_core.package_identification:_identify(mars_website/node_modules/mongodb/src/gridfs) by extension 'python'
[0.209s] Level 1:colcon.colcon_core.package_identification:_identify(mars_website/node_modules/mongodb/src/gridfs) by extensions ['python_setup_py']
[0.209s] Level 1:colcon.colcon_core.package_identification:_identify(mars_website/node_modules/mongodb/src/gridfs) by extension 'python_setup_py'
[0.209s] Level 1:colcon.colcon_core.package_identification:_identify(mars_website/node_modules/mongodb/src/operations) by extensions ['ignore', 'ignore_ament_install']
[0.209s] Level 1:colcon.colcon_core.package_identification:_identify(mars_website/node_modules/mongodb/src/operations) by extension 'ignore'
[0.209s] Level 1:colcon.colcon_core.package_identification:_identify(mars_website/node_modules/mongodb/src/operations) by extension 'ignore_ament_install'
[0.209s] Level 1:colcon.colcon_core.package_identification:_identify(mars_website/node_modules/mongodb/src/operations) by extensions ['colcon_pkg']
[0.209s] Level 1:colcon.colcon_core.package_identification:_identify(mars_website/node_modules/mongodb/src/operations) by extension 'colcon_pkg'
[0.209s] Level 1:colcon.colcon_core.package_identification:_identify(mars_website/node_modules/mongodb/src/operations) by extensions ['colcon_meta']
[0.209s] Level 1:colcon.colcon_core.package_identification:_identify(mars_website/node_modules/mongodb/src/operations) by extension 'colcon_meta'
[0.209s] Level 1:colcon.colcon_core.package_identification:_identify(mars_website/node_modules/mongodb/src/operations) by extensions ['ros']
[0.209s] Level 1:colcon.colcon_core.package_identification:_identify(mars_website/node_modules/mongodb/src/operations) by extension 'ros'
[0.209s] Level 1:colcon.colcon_core.package_identification:_identify(mars_website/node_modules/mongodb/src/operations) by extensions ['cmake', 'python']
[0.209s] Level 1:colcon.colcon_core.package_identification:_identify(mars_website/node_modules/mongodb/src/operations) by extension 'cmake'
[0.209s] Level 1:colcon.colcon_core.package_identification:_identify(mars_website/node_modules/mongodb/src/operations) by extension 'python'
[0.209s] Level 1:colcon.colcon_core.package_identification:_identify(mars_website/node_modules/mongodb/src/operations) by extensions ['python_setup_py']
[0.210s] Level 1:colcon.colcon_core.package_identification:_identify(mars_website/node_modules/mongodb/src/operations) by extension 'python_setup_py'
[0.210s] Level 1:colcon.colcon_core.package_identification:_identify(mars_website/node_modules/mongodb/src/operations/client_bulk_write) by extensions ['ignore', 'ignore_ament_install']
[0.210s] Level 1:colcon.colcon_core.package_identification:_identify(mars_website/node_modules/mongodb/src/operations/client_bulk_write) by extension 'ignore'
[0.210s] Level 1:colcon.colcon_core.package_identification:_identify(mars_website/node_modules/mongodb/src/operations/client_bulk_write) by extension 'ignore_ament_install'
[0.210s] Level 1:colcon.colcon_core.package_identification:_identify(mars_website/node_modules/mongodb/src/operations/client_bulk_write) by extensions ['colcon_pkg']
[0.210s] Level 1:colcon.colcon_core.package_identification:_identify(mars_website/node_modules/mongodb/src/operations/client_bulk_write) by extension 'colcon_pkg'
[0.210s] Level 1:colcon.colcon_core.package_identification:_identify(mars_website/node_modules/mongodb/src/operations/client_bulk_write) by extensions ['colcon_meta']
[0.210s] Level 1:colcon.colcon_core.package_identification:_identify(mars_website/node_modules/mongodb/src/operations/client_bulk_write) by extension 'colcon_meta'
[0.210s] Level 1:colcon.colcon_core.package_identification:_identify(mars_website/node_modules/mongodb/src/operations/client_bulk_write) by extensions ['ros']
[0.210s] Level 1:colcon.colcon_core.package_identification:_identify(mars_website/node_modules/mongodb/src/operations/client_bulk_write) by extension 'ros'
[0.210s] Level 1:colcon.colcon_core.package_identification:_identify(mars_website/node_modules/mongodb/src/operations/client_bulk_write) by extensions ['cmake', 'python']
[0.210s] Level 1:colcon.colcon_core.package_identification:_identify(mars_website/node_modules/mongodb/src/operations/client_bulk_write) by extension 'cmake'
[0.210s] Level 1:colcon.colcon_core.package_identification:_identify(mars_website/node_modules/mongodb/src/operations/client_bulk_write) by extension 'python'
[0.210s] Level 1:colcon.colcon_core.package_identification:_identify(mars_website/node_modules/mongodb/src/operations/client_bulk_write) by extensions ['python_setup_py']
[0.210s] Level 1:colcon.colcon_core.package_identification:_identify(mars_website/node_modules/mongodb/src/operations/client_bulk_write) by extension 'python_setup_py'
[0.210s] Level 1:colcon.colcon_core.package_identification:_identify(mars_website/node_modules/mongodb/src/operations/search_indexes) by extensions ['ignore', 'ignore_ament_install']
[0.210s] Level 1:colcon.colcon_core.package_identification:_identify(mars_website/node_modules/mongodb/src/operations/search_indexes) by extension 'ignore'
[0.210s] Level 1:colcon.colcon_core.package_identification:_identify(mars_website/node_modules/mongodb/src/operations/search_indexes) by extension 'ignore_ament_install'
[0.210s] Level 1:colcon.colcon_core.package_identification:_identify(mars_website/node_modules/mongodb/src/operations/search_indexes) by extensions ['colcon_pkg']
[0.210s] Level 1:colcon.colcon_core.package_identification:_identify(mars_website/node_modules/mongodb/src/operations/search_indexes) by extension 'colcon_pkg'
[0.210s] Level 1:colcon.colcon_core.package_identification:_identify(mars_website/node_modules/mongodb/src/operations/search_indexes) by extensions ['colcon_meta']
[0.210s] Level 1:colcon.colcon_core.package_identification:_identify(mars_website/node_modules/mongodb/src/operations/search_indexes) by extension 'colcon_meta'
[0.210s] Level 1:colcon.colcon_core.package_identification:_identify(mars_website/node_modules/mongodb/src/operations/search_indexes) by extensions ['ros']
[0.210s] Level 1:colcon.colcon_core.package_identification:_identify(mars_website/node_modules/mongodb/src/operations/search_indexes) by extension 'ros'
[0.210s] Level 1:colcon.colcon_core.package_identification:_identify(mars_website/node_modules/mongodb/src/operations/search_indexes) by extensions ['cmake', 'python']
[0.210s] Level 1:colcon.colcon_core.package_identification:_identify(mars_website/node_modules/mongodb/src/operations/search_indexes) by extension 'cmake'
[0.210s] Level 1:colcon.colcon_core.package_identification:_identify(mars_website/node_modules/mongodb/src/operations/search_indexes) by extension 'python'
[0.211s] Level 1:colcon.colcon_core.package_identification:_identify(mars_website/node_modules/mongodb/src/operations/search_indexes) by extensions ['python_setup_py']
[0.211s] Level 1:colcon.colcon_core.package_identification:_identify(mars_website/node_modules/mongodb/src/operations/search_indexes) by extension 'python_setup_py'
[0.211s] Level 1:colcon.colcon_core.package_identification:_identify(mars_website/node_modules/mongodb/src/sdam) by extensions ['ignore', 'ignore_ament_install']
[0.211s] Level 1:colcon.colcon_core.package_identification:_identify(mars_website/node_modules/mongodb/src/sdam) by extension 'ignore'
[0.211s] Level 1:colcon.colcon_core.package_identification:_identify(mars_website/node_modules/mongodb/src/sdam) by extension 'ignore_ament_install'
[0.211s] Level 1:colcon.colcon_core.package_identification:_identify(mars_website/node_modules/mongodb/src/sdam) by extensions ['colcon_pkg']
[0.211s] Level 1:colcon.colcon_core.package_identification:_identify(mars_website/node_modules/mongodb/src/sdam) by extension 'colcon_pkg'
[0.211s] Level 1:colcon.colcon_core.package_identification:_identify(mars_website/node_modules/mongodb/src/sdam) by extensions ['colcon_meta']
[0.211s] Level 1:colcon.colcon_core.package_identification:_identify(mars_website/node_modules/mongodb/src/sdam) by extension 'colcon_meta'
[0.211s] Level 1:colcon.colcon_core.package_identification:_identify(mars_website/node_modules/mongodb/src/sdam) by extensions ['ros']
[0.211s] Level 1:colcon.colcon_core.package_identification:_identify(mars_website/node_modules/mongodb/src/sdam) by extension 'ros'
[0.211s] Level 1:colcon.colcon_core.package_identification:_identify(mars_website/node_modules/mongodb/src/sdam) by extensions ['cmake', 'python']
[0.211s] Level 1:colcon.colcon_core.package_identification:_identify(mars_website/node_modules/mongodb/src/sdam) by extension 'cmake'
[0.211s] Level 1:colcon.colcon_core.package_identification:_identify(mars_website/node_modules/mongodb/src/sdam) by extension 'python'
[0.211s] Level 1:colcon.colcon_core.package_identification:_identify(mars_website/node_modules/mongodb/src/sdam) by extensions ['python_setup_py']
[0.211s] Level 1:colcon.colcon_core.package_identification:_identify(mars_website/node_modules/mongodb/src/sdam) by extension 'python_setup_py'
[0.211s] Level 1:colcon.colcon_core.package_identification:_identify(mars_website/node_modules/mongodb-connection-string-url) by extensions ['ignore', 'ignore_ament_install']
[0.211s] Level 1:colcon.colcon_core.package_identification:_identify(mars_website/node_modules/mongodb-connection-string-url) by extension 'ignore'
[0.211s] Level 1:colcon.colcon_core.package_identification:_identify(mars_website/node_modules/mongodb-connection-string-url) by extension 'ignore_ament_install'
[0.211s] Level 1:colcon.colcon_core.package_identification:_identify(mars_website/node_modules/mongodb-connection-string-url) by extensions ['colcon_pkg']
[0.211s] Level 1:colcon.colcon_core.package_identification:_identify(mars_website/node_modules/mongodb-connection-string-url) by extension 'colcon_pkg'
[0.211s] Level 1:colcon.colcon_core.package_identification:_identify(mars_website/node_modules/mongodb-connection-string-url) by extensions ['colcon_meta']
[0.211s] Level 1:colcon.colcon_core.package_identification:_identify(mars_website/node_modules/mongodb-connection-string-url) by extension 'colcon_meta'
[0.211s] Level 1:colcon.colcon_core.package_identification:_identify(mars_website/node_modules/mongodb-connection-string-url) by extensions ['ros']
[0.211s] Level 1:colcon.colcon_core.package_identification:_identify(mars_website/node_modules/mongodb-connection-string-url) by extension 'ros'
[0.211s] Level 1:colcon.colcon_core.package_identification:_identify(mars_website/node_modules/mongodb-connection-string-url) by extensions ['cmake', 'python']
[0.211s] Level 1:colcon.colcon_core.package_identification:_identify(mars_website/node_modules/mongodb-connection-string-url) by extension 'cmake'
[0.211s] Level 1:colcon.colcon_core.package_identification:_identify(mars_website/node_modules/mongodb-connection-string-url) by extension 'python'
[0.211s] Level 1:colcon.colcon_core.package_identification:_identify(mars_website/node_modules/mongodb-connection-string-url) by extensions ['python_setup_py']
[0.211s] Level 1:colcon.colcon_core.package_identification:_identify(mars_website/node_modules/mongodb-connection-string-url) by extension 'python_setup_py'
[0.211s] Level 1:colcon.colcon_core.package_identification:_identify(mars_website/node_modules/mongodb-connection-string-url/lib) by extensions ['ignore', 'ignore_ament_install']
[0.211s] Level 1:colcon.colcon_core.package_identification:_identify(mars_website/node_modules/mongodb-connection-string-url/lib) by extension 'ignore'
[0.211s] Level 1:colcon.colcon_core.package_identification:_identify(mars_website/node_modules/mongodb-connection-string-url/lib) by extension 'ignore_ament_install'
[0.212s] Level 1:colcon.colcon_core.package_identification:_identify(mars_website/node_modules/mongodb-connection-string-url/lib) by extensions ['colcon_pkg']
[0.212s] Level 1:colcon.colcon_core.package_identification:_identify(mars_website/node_modules/mongodb-connection-string-url/lib) by extension 'colcon_pkg'
[0.212s] Level 1:colcon.colcon_core.package_identification:_identify(mars_website/node_modules/mongodb-connection-string-url/lib) by extensions ['colcon_meta']
[0.212s] Level 1:colcon.colcon_core.package_identification:_identify(mars_website/node_modules/mongodb-connection-string-url/lib) by extension 'colcon_meta'
[0.212s] Level 1:colcon.colcon_core.package_identification:_identify(mars_website/node_modules/mongodb-connection-string-url/lib) by extensions ['ros']
[0.212s] Level 1:colcon.colcon_core.package_identification:_identify(mars_website/node_modules/mongodb-connection-string-url/lib) by extension 'ros'
[0.212s] Level 1:colcon.colcon_core.package_identification:_identify(mars_website/node_modules/mongodb-connection-string-url/lib) by extensions ['cmake', 'python']
[0.212s] Level 1:colcon.colcon_core.package_identification:_identify(mars_website/node_modules/mongodb-connection-string-url/lib) by extension 'cmake'
[0.212s] Level 1:colcon.colcon_core.package_identification:_identify(mars_website/node_modules/mongodb-connection-string-url/lib) by extension 'python'
[0.212s] Level 1:colcon.colcon_core.package_identification:_identify(mars_website/node_modules/mongodb-connection-string-url/lib) by extensions ['python_setup_py']
[0.212s] Level 1:colcon.colcon_core.package_identification:_identify(mars_website/node_modules/mongodb-connection-string-url/lib) by extension 'python_setup_py'
[0.212s] Level 1:colcon.colcon_core.package_identification:_identify(mars_website/node_modules/punycode) by extensions ['ignore', 'ignore_ament_install']
[0.212s] Level 1:colcon.colcon_core.package_identification:_identify(mars_website/node_modules/punycode) by extension 'ignore'
[0.212s] Level 1:colcon.colcon_core.package_identification:_identify(mars_website/node_modules/punycode) by extension 'ignore_ament_install'
[0.212s] Level 1:colcon.colcon_core.package_identification:_identify(mars_website/node_modules/punycode) by extensions ['colcon_pkg']
[0.212s] Level 1:colcon.colcon_core.package_identification:_identify(mars_website/node_modules/punycode) by extension 'colcon_pkg'
[0.212s] Level 1:colcon.colcon_core.package_identification:_identify(mars_website/node_modules/punycode) by extensions ['colcon_meta']
[0.212s] Level 1:colcon.colcon_core.package_identification:_identify(mars_website/node_modules/punycode) by extension 'colcon_meta'
[0.212s] Level 1:colcon.colcon_core.package_identification:_identify(mars_website/node_modules/punycode) by extensions ['ros']
[0.212s] Level 1:colcon.colcon_core.package_identification:_identify(mars_website/node_modules/punycode) by extension 'ros'
[0.212s] Level 1:colcon.colcon_core.package_identification:_identify(mars_website/node_modules/punycode) by extensions ['cmake', 'python']
[0.212s] Level 1:colcon.colcon_core.package_identification:_identify(mars_website/node_modules/punycode) by extension 'cmake'
[0.212s] Level 1:colcon.colcon_core.package_identification:_identify(mars_website/node_modules/punycode) by extension 'python'
[0.212s] Level 1:colcon.colcon_core.package_identification:_identify(mars_website/node_modules/punycode) by extensions ['python_setup_py']
[0.212s] Level 1:colcon.colcon_core.package_identification:_identify(mars_website/node_modules/punycode) by extension 'python_setup_py'
[0.212s] Level 1:colcon.colcon_core.package_identification:_identify(mars_website/node_modules/sparse-bitfield) by extensions ['ignore', 'ignore_ament_install']
[0.212s] Level 1:colcon.colcon_core.package_identification:_identify(mars_website/node_modules/sparse-bitfield) by extension 'ignore'
[0.212s] Level 1:colcon.colcon_core.package_identification:_identify(mars_website/node_modules/sparse-bitfield) by extension 'ignore_ament_install'
[0.212s] Level 1:colcon.colcon_core.package_identification:_identify(mars_website/node_modules/sparse-bitfield) by extensions ['colcon_pkg']
[0.212s] Level 1:colcon.colcon_core.package_identification:_identify(mars_website/node_modules/sparse-bitfield) by extension 'colcon_pkg'
[0.212s] Level 1:colcon.colcon_core.package_identification:_identify(mars_website/node_modules/sparse-bitfield) by extensions ['colcon_meta']
[0.212s] Level 1:colcon.colcon_core.package_identification:_identify(mars_website/node_modules/sparse-bitfield) by extension 'colcon_meta'
[0.212s] Level 1:colcon.colcon_core.package_identification:_identify(mars_website/node_modules/sparse-bitfield) by extensions ['ros']
[0.212s] Level 1:colcon.colcon_core.package_identification:_identify(mars_website/node_modules/sparse-bitfield) by extension 'ros'
[0.212s] Level 1:colcon.colcon_core.package_identification:_identify(mars_website/node_modules/sparse-bitfield) by extensions ['cmake', 'python']
[0.212s] Level 1:colcon.colcon_core.package_identification:_identify(mars_website/node_modules/sparse-bitfield) by extension 'cmake'
[0.212s] Level 1:colcon.colcon_core.package_identification:_identify(mars_website/node_modules/sparse-bitfield) by extension 'python'
[0.212s] Level 1:colcon.colcon_core.package_identification:_identify(mars_website/node_modules/sparse-bitfield) by extensions ['python_setup_py']
[0.213s] Level 1:colcon.colcon_core.package_identification:_identify(mars_website/node_modules/sparse-bitfield) by extension 'python_setup_py'
[0.213s] Level 1:colcon.colcon_core.package_identification:_identify(mars_website/node_modules/tr46) by extensions ['ignore', 'ignore_ament_install']
[0.213s] Level 1:colcon.colcon_core.package_identification:_identify(mars_website/node_modules/tr46) by extension 'ignore'
[0.213s] Level 1:colcon.colcon_core.package_identification:_identify(mars_website/node_modules/tr46) by extension 'ignore_ament_install'
[0.213s] Level 1:colcon.colcon_core.package_identification:_identify(mars_website/node_modules/tr46) by extensions ['colcon_pkg']
[0.213s] Level 1:colcon.colcon_core.package_identification:_identify(mars_website/node_modules/tr46) by extension 'colcon_pkg'
[0.213s] Level 1:colcon.colcon_core.package_identification:_identify(mars_website/node_modules/tr46) by extensions ['colcon_meta']
[0.213s] Level 1:colcon.colcon_core.package_identification:_identify(mars_website/node_modules/tr46) by extension 'colcon_meta'
[0.213s] Level 1:colcon.colcon_core.package_identification:_identify(mars_website/node_modules/tr46) by extensions ['ros']
[0.213s] Level 1:colcon.colcon_core.package_identification:_identify(mars_website/node_modules/tr46) by extension 'ros'
[0.213s] Level 1:colcon.colcon_core.package_identification:_identify(mars_website/node_modules/tr46) by extensions ['cmake', 'python']
[0.213s] Level 1:colcon.colcon_core.package_identification:_identify(mars_website/node_modules/tr46) by extension 'cmake'
[0.213s] Level 1:colcon.colcon_core.package_identification:_identify(mars_website/node_modules/tr46) by extension 'python'
[0.213s] Level 1:colcon.colcon_core.package_identification:_identify(mars_website/node_modules/tr46) by extensions ['python_setup_py']
[0.213s] Level 1:colcon.colcon_core.package_identification:_identify(mars_website/node_modules/tr46) by extension 'python_setup_py'
[0.213s] Level 1:colcon.colcon_core.package_identification:_identify(mars_website/node_modules/tr46/lib) by extensions ['ignore', 'ignore_ament_install']
[0.213s] Level 1:colcon.colcon_core.package_identification:_identify(mars_website/node_modules/tr46/lib) by extension 'ignore'
[0.213s] Level 1:colcon.colcon_core.package_identification:_identify(mars_website/node_modules/tr46/lib) by extension 'ignore_ament_install'
[0.213s] Level 1:colcon.colcon_core.package_identification:_identify(mars_website/node_modules/tr46/lib) by extensions ['colcon_pkg']
[0.213s] Level 1:colcon.colcon_core.package_identification:_identify(mars_website/node_modules/tr46/lib) by extension 'colcon_pkg'
[0.213s] Level 1:colcon.colcon_core.package_identification:_identify(mars_website/node_modules/tr46/lib) by extensions ['colcon_meta']
[0.213s] Level 1:colcon.colcon_core.package_identification:_identify(mars_website/node_modules/tr46/lib) by extension 'colcon_meta'
[0.213s] Level 1:colcon.colcon_core.package_identification:_identify(mars_website/node_modules/tr46/lib) by extensions ['ros']
[0.213s] Level 1:colcon.colcon_core.package_identification:_identify(mars_website/node_modules/tr46/lib) by extension 'ros'
[0.213s] Level 1:colcon.colcon_core.package_identification:_identify(mars_website/node_modules/tr46/lib) by extensions ['cmake', 'python']
[0.213s] Level 1:colcon.colcon_core.package_identification:_identify(mars_website/node_modules/tr46/lib) by extension 'cmake'
[0.213s] Level 1:colcon.colcon_core.package_identification:_identify(mars_website/node_modules/tr46/lib) by extension 'python'
[0.213s] Level 1:colcon.colcon_core.package_identification:_identify(mars_website/node_modules/tr46/lib) by extensions ['python_setup_py']
[0.213s] Level 1:colcon.colcon_core.package_identification:_identify(mars_website/node_modules/tr46/lib) by extension 'python_setup_py'
[0.213s] Level 1:colcon.colcon_core.package_identification:_identify(mars_website/node_modules/webidl-conversions) by extensions ['ignore', 'ignore_ament_install']
[0.213s] Level 1:colcon.colcon_core.package_identification:_identify(mars_website/node_modules/webidl-conversions) by extension 'ignore'
[0.213s] Level 1:colcon.colcon_core.package_identification:_identify(mars_website/node_modules/webidl-conversions) by extension 'ignore_ament_install'
[0.214s] Level 1:colcon.colcon_core.package_identification:_identify(mars_website/node_modules/webidl-conversions) by extensions ['colcon_pkg']
[0.214s] Level 1:colcon.colcon_core.package_identification:_identify(mars_website/node_modules/webidl-conversions) by extension 'colcon_pkg'
[0.214s] Level 1:colcon.colcon_core.package_identification:_identify(mars_website/node_modules/webidl-conversions) by extensions ['colcon_meta']
[0.214s] Level 1:colcon.colcon_core.package_identification:_identify(mars_website/node_modules/webidl-conversions) by extension 'colcon_meta'
[0.214s] Level 1:colcon.colcon_core.package_identification:_identify(mars_website/node_modules/webidl-conversions) by extensions ['ros']
[0.214s] Level 1:colcon.colcon_core.package_identification:_identify(mars_website/node_modules/webidl-conversions) by extension 'ros'
[0.214s] Level 1:colcon.colcon_core.package_identification:_identify(mars_website/node_modules/webidl-conversions) by extensions ['cmake', 'python']
[0.214s] Level 1:colcon.colcon_core.package_identification:_identify(mars_website/node_modules/webidl-conversions) by extension 'cmake'
[0.214s] Level 1:colcon.colcon_core.package_identification:_identify(mars_website/node_modules/webidl-conversions) by extension 'python'
[0.214s] Level 1:colcon.colcon_core.package_identification:_identify(mars_website/node_modules/webidl-conversions) by extensions ['python_setup_py']
[0.214s] Level 1:colcon.colcon_core.package_identification:_identify(mars_website/node_modules/webidl-conversions) by extension 'python_setup_py'
[0.214s] Level 1:colcon.colcon_core.package_identification:_identify(mars_website/node_modules/webidl-conversions/lib) by extensions ['ignore', 'ignore_ament_install']
[0.214s] Level 1:colcon.colcon_core.package_identification:_identify(mars_website/node_modules/webidl-conversions/lib) by extension 'ignore'
[0.214s] Level 1:colcon.colcon_core.package_identification:_identify(mars_website/node_modules/webidl-conversions/lib) by extension 'ignore_ament_install'
[0.214s] Level 1:colcon.colcon_core.package_identification:_identify(mars_website/node_modules/webidl-conversions/lib) by extensions ['colcon_pkg']
[0.214s] Level 1:colcon.colcon_core.package_identification:_identify(mars_website/node_modules/webidl-conversions/lib) by extension 'colcon_pkg'
[0.214s] Level 1:colcon.colcon_core.package_identification:_identify(mars_website/node_modules/webidl-conversions/lib) by extensions ['colcon_meta']
[0.214s] Level 1:colcon.colcon_core.package_identification:_identify(mars_website/node_modules/webidl-conversions/lib) by extension 'colcon_meta'
[0.214s] Level 1:colcon.colcon_core.package_identification:_identify(mars_website/node_modules/webidl-conversions/lib) by extensions ['ros']
[0.214s] Level 1:colcon.colcon_core.package_identification:_identify(mars_website/node_modules/webidl-conversions/lib) by extension 'ros'
[0.214s] Level 1:colcon.colcon_core.package_identification:_identify(mars_website/node_modules/webidl-conversions/lib) by extensions ['cmake', 'python']
[0.214s] Level 1:colcon.colcon_core.package_identification:_identify(mars_website/node_modules/webidl-conversions/lib) by extension 'cmake'
[0.214s] Level 1:colcon.colcon_core.package_identification:_identify(mars_website/node_modules/webidl-conversions/lib) by extension 'python'
[0.214s] Level 1:colcon.colcon_core.package_identification:_identify(mars_website/node_modules/webidl-conversions/lib) by extensions ['python_setup_py']
[0.214s] Level 1:colcon.colcon_core.package_identification:_identify(mars_website/node_modules/webidl-conversions/lib) by extension 'python_setup_py'
[0.214s] Level 1:colcon.colcon_core.package_identification:_identify(mars_website/node_modules/whatwg-url) by extensions ['ignore', 'ignore_ament_install']
[0.214s] Level 1:colcon.colcon_core.package_identification:_identify(mars_website/node_modules/whatwg-url) by extension 'ignore'
[0.214s] Level 1:colcon.colcon_core.package_identification:_identify(mars_website/node_modules/whatwg-url) by extension 'ignore_ament_install'
[0.214s] Level 1:colcon.colcon_core.package_identification:_identify(mars_website/node_modules/whatwg-url) by extensions ['colcon_pkg']
[0.214s] Level 1:colcon.colcon_core.package_identification:_identify(mars_website/node_modules/whatwg-url) by extension 'colcon_pkg'
[0.214s] Level 1:colcon.colcon_core.package_identification:_identify(mars_website/node_modules/whatwg-url) by extensions ['colcon_meta']
[0.214s] Level 1:colcon.colcon_core.package_identification:_identify(mars_website/node_modules/whatwg-url) by extension 'colcon_meta'
[0.214s] Level 1:colcon.colcon_core.package_identification:_identify(mars_website/node_modules/whatwg-url) by extensions ['ros']
[0.214s] Level 1:colcon.colcon_core.package_identification:_identify(mars_website/node_modules/whatwg-url) by extension 'ros'
[0.214s] Level 1:colcon.colcon_core.package_identification:_identify(mars_website/node_modules/whatwg-url) by extensions ['cmake', 'python']
[0.214s] Level 1:colcon.colcon_core.package_identification:_identify(mars_website/node_modules/whatwg-url) by extension 'cmake'
[0.214s] Level 1:colcon.colcon_core.package_identification:_identify(mars_website/node_modules/whatwg-url) by extension 'python'
[0.215s] Level 1:colcon.colcon_core.package_identification:_identify(mars_website/node_modules/whatwg-url) by extensions ['python_setup_py']
[0.215s] Level 1:colcon.colcon_core.package_identification:_identify(mars_website/node_modules/whatwg-url) by extension 'python_setup_py'
[0.215s] Level 1:colcon.colcon_core.package_identification:_identify(mars_website/node_modules/whatwg-url/lib) by extensions ['ignore', 'ignore_ament_install']
[0.215s] Level 1:colcon.colcon_core.package_identification:_identify(mars_website/node_modules/whatwg-url/lib) by extension 'ignore'
[0.215s] Level 1:colcon.colcon_core.package_identification:_identify(mars_website/node_modules/whatwg-url/lib) by extension 'ignore_ament_install'
[0.215s] Level 1:colcon.colcon_core.package_identification:_identify(mars_website/node_modules/whatwg-url/lib) by extensions ['colcon_pkg']
[0.215s] Level 1:colcon.colcon_core.package_identification:_identify(mars_website/node_modules/whatwg-url/lib) by extension 'colcon_pkg'
[0.215s] Level 1:colcon.colcon_core.package_identification:_identify(mars_website/node_modules/whatwg-url/lib) by extensions ['colcon_meta']
[0.215s] Level 1:colcon.colcon_core.package_identification:_identify(mars_website/node_modules/whatwg-url/lib) by extension 'colcon_meta'
[0.215s] Level 1:colcon.colcon_core.package_identification:_identify(mars_website/node_modules/whatwg-url/lib) by extensions ['ros']
[0.215s] Level 1:colcon.colcon_core.package_identification:_identify(mars_website/node_modules/whatwg-url/lib) by extension 'ros'
[0.215s] Level 1:colcon.colcon_core.package_identification:_identify(mars_website/node_modules/whatwg-url/lib) by extensions ['cmake', 'python']
[0.215s] Level 1:colcon.colcon_core.package_identification:_identify(mars_website/node_modules/whatwg-url/lib) by extension 'cmake'
[0.215s] Level 1:colcon.colcon_core.package_identification:_identify(mars_website/node_modules/whatwg-url/lib) by extension 'python'
[0.215s] Level 1:colcon.colcon_core.package_identification:_identify(mars_website/node_modules/whatwg-url/lib) by extensions ['python_setup_py']
[0.215s] Level 1:colcon.colcon_core.package_identification:_identify(mars_website/node_modules/whatwg-url/lib) by extension 'python_setup_py'
[0.215s] Level 1:colcon.colcon_core.package_identification:_identify(src) by extensions ['ignore', 'ignore_ament_install']
[0.215s] Level 1:colcon.colcon_core.package_identification:_identify(src) by extension 'ignore'
[0.215s] Level 1:colcon.colcon_core.package_identification:_identify(src) by extension 'ignore_ament_install'
[0.215s] Level 1:colcon.colcon_core.package_identification:_identify(src) by extensions ['colcon_pkg']
[0.215s] Level 1:colcon.colcon_core.package_identification:_identify(src) by extension 'colcon_pkg'
[0.215s] Level 1:colcon.colcon_core.package_identification:_identify(src) by extensions ['colcon_meta']
[0.215s] Level 1:colcon.colcon_core.package_identification:_identify(src) by extension 'colcon_meta'
[0.215s] Level 1:colcon.colcon_core.package_identification:_identify(src) by extensions ['ros']
[0.215s] Level 1:colcon.colcon_core.package_identification:_identify(src) by extension 'ros'
[0.215s] Level 1:colcon.colcon_core.package_identification:_identify(src) by extensions ['cmake', 'python']
[0.215s] Level 1:colcon.colcon_core.package_identification:_identify(src) by extension 'cmake'
[0.215s] Level 1:colcon.colcon_core.package_identification:_identify(src) by extension 'python'
[0.215s] Level 1:colcon.colcon_core.package_identification:_identify(src) by extensions ['python_setup_py']
[0.215s] Level 1:colcon.colcon_core.package_identification:_identify(src) by extension 'python_setup_py'
[0.215s] Level 1:colcon.colcon_core.package_identification:_identify(src/mars) by extensions ['ignore', 'ignore_ament_install']
[0.215s] Level 1:colcon.colcon_core.package_identification:_identify(src/mars) by extension 'ignore'
[0.215s] Level 1:colcon.colcon_core.package_identification:_identify(src/mars) by extension 'ignore_ament_install'
[0.215s] Level 1:colcon.colcon_core.package_identification:_identify(src/mars) by extensions ['colcon_pkg']
[0.216s] Level 1:colcon.colcon_core.package_identification:_identify(src/mars) by extension 'colcon_pkg'
[0.216s] Level 1:colcon.colcon_core.package_identification:_identify(src/mars) by extensions ['colcon_meta']
[0.216s] Level 1:colcon.colcon_core.package_identification:_identify(src/mars) by extension 'colcon_meta'
[0.216s] Level 1:colcon.colcon_core.package_identification:_identify(src/mars) by extensions ['ros']
[0.216s] Level 1:colcon.colcon_core.package_identification:_identify(src/mars) by extension 'ros'
[0.218s] DEBUG:colcon.colcon_core.package_identification:Package 'src/mars' with type 'ros.ament_cmake' and name 'mars'
[0.218s] Level 1:colcon.colcon_core.package_identification:_identify(src/mars_orders) by extensions ['ignore', 'ignore_ament_install']
[0.218s] Level 1:colcon.colcon_core.package_identification:_identify(src/mars_orders) by extension 'ignore'
[0.218s] Level 1:colcon.colcon_core.package_identification:_identify(src/mars_orders) by extension 'ignore_ament_install'
[0.218s] Level 1:colcon.colcon_core.package_identification:_identify(src/mars_orders) by extensions ['colcon_pkg']
[0.218s] Level 1:colcon.colcon_core.package_identification:_identify(src/mars_orders) by extension 'colcon_pkg'
[0.218s] Level 1:colcon.colcon_core.package_identification:_identify(src/mars_orders) by extensions ['colcon_meta']
[0.218s] Level 1:colcon.colcon_core.package_identification:_identify(src/mars_orders) by extension 'colcon_meta'
[0.218s] Level 1:colcon.colcon_core.package_identification:_identify(src/mars_orders) by extensions ['ros']
[0.218s] Level 1:colcon.colcon_core.package_identification:_identify(src/mars_orders) by extension 'ros'
[0.219s] DEBUG:colcon.colcon_core.package_identification:Package 'src/mars_orders' with type 'ros.ament_python' and name 'mars_orders'
[0.219s] Level 1:colcon.colcon_core.package_discovery:discover_packages(recursive) using defaults
[0.219s] Level 1:colcon.colcon_core.package_discovery:discover_packages(ignore) discover
[0.219s] Level 1:colcon.colcon_core.package_discovery:discover_packages(ignore) using defaults
[0.219s] Level 1:colcon.colcon_core.package_discovery:discover_packages(path) discover
[0.219s] Level 1:colcon.colcon_core.package_discovery:discover_packages(path) using defaults
[0.238s] Level 1:colcon.colcon_core.package_discovery:discover_packages(prefix_path) check parameters
[0.238s] Level 1:colcon.colcon_core.package_discovery:discover_packages(prefix_path) discover
[0.241s] DEBUG:colcon.colcon_installed_package_information.package_discovery:Found 390 installed packages in /opt/ros/jazzy
[0.243s] Level 1:colcon.colcon_core.package_discovery:discover_packages(prefix_path) using defaults
[0.293s] Level 5:colcon.colcon_core.verb:set package 'mars' build argument 'cmake_args' from command line to 'None'
[0.293s] Level 5:colcon.colcon_core.verb:set package 'mars' build argument 'cmake_target' from command line to 'None'
[0.293s] Level 5:colcon.colcon_core.verb:set package 'mars' build argument 'cmake_target_skip_unavailable' from command line to 'False'
[0.293s] Level 5:colcon.colcon_core.verb:set package 'mars' build argument 'cmake_clean_cache' from command line to 'False'
[0.293s] Level 5:colcon.colcon_core.verb:set package 'mars' build argument 'cmake_clean_first' from command line to 'False'
[0.293s] Level 5:colcon.colcon_core.verb:set package 'mars' build argument 'cmake_force_configure' from command line to 'False'
[0.293s] Level 5:colcon.colcon_core.verb:set package 'mars' build argument 'ament_cmake_args' from command line to 'None'
[0.293s] Level 5:colcon.colcon_core.verb:set package 'mars' build argument 'catkin_cmake_args' from command line to 'None'
[0.293s] Level 5:colcon.colcon_core.verb:set package 'mars' build argument 'catkin_skip_building_tests' from command line to 'False'
[0.293s] DEBUG:colcon.colcon_core.verb:Building package 'mars' with the following arguments: {'ament_cmake_args': None, 'build_base': '/home/harsh/ros2_ws/build/mars', 'catkin_cmake_args': None, 'catkin_skip_building_tests': False, 'cmake_args': None, 'cmake_clean_cache': False, 'cmake_clean_first': False, 'cmake_force_configure': False, 'cmake_target': None, 'cmake_target_skip_unavailable': False, 'install_base': '/home/harsh/ros2_ws/install/mars', 'merge_install': False, 'path': '/home/harsh/ros2_ws/src/mars', 'symlink_install': False, 'test_result_base': None}
[0.293s] Level 5:colcon.colcon_core.verb:set package 'mars_orders' build argument 'cmake_args' from command line to 'None'
[0.293s] Level 5:colcon.colcon_core.verb:set package 'mars_orders' build argument 'cmake_target' from command line to 'None'
[0.293s] Level 5:colcon.colcon_core.verb:set package 'mars_orders' build argument 'cmake_target_skip_unavailable' from command line to 'False'
[0.293s] Level 5:colcon.colcon_core.verb:set package 'mars_orders' build argument 'cmake_clean_cache' from command line to 'False'
[0.293s] Level 5:colcon.colcon_core.verb:set package 'mars_orders' build argument 'cmake_clean_first' from command line to 'False'
[0.293s] Level 5:colcon.colcon_core.verb:set package 'mars_orders' build argument 'cmake_force_configure' from command line to 'False'
[0.293s] Level 5:colcon.colcon_core.verb:set package 'mars_orders' build argument 'ament_cmake_args' from command line to 'None'
[0.294s] Level 5:colcon.colcon_core.verb:set package 'mars_orders' build argument 'catkin_cmake_args' from command line to 'None'
[0.294s] Level 5:colcon.colcon_core.verb:set package 'mars_orders' build argument 'catkin_skip_building_tests' from command line to 'False'
[0.294s] DEBUG:colcon.colcon_core.verb:Building package 'mars_orders' with the following arguments: {'ament_cmake_args': None, 'build_base': '/home/harsh/ros2_ws/build/mars_orders', 'catkin_cmake_args': None, 'catkin_skip_building_tests': False, 'cmake_args': None, 'cmake_clean_cache': False, 'cmake_clean_first': False, 'cmake_force_configure': False, 'cmake_target': None, 'cmake_target_skip_unavailable': False, 'install_base': '/home/harsh/ros2_ws/install/mars_orders', 'merge_install': False, 'path': '/home/harsh/ros2_ws/src/mars_orders', 'symlink_install': False, 'test_result_base': None}
[0.294s] INFO:colcon.colcon_core.executor:Executing jobs using 'parallel' executor
[0.295s] DEBUG:colcon.colcon_parallel_executor.executor.parallel:run_until_complete
[0.295s] INFO:colcon.colcon_ros.task.ament_cmake.build:Building ROS package in '/home/harsh/ros2_ws/src/mars' with build type 'ament_cmake'
[0.295s] INFO:colcon.colcon_cmake.task.cmake.build:Building CMake package in '/home/harsh/ros2_ws/src/mars'
[0.297s] INFO:colcon.colcon_core.plugin_system:Skipping extension 'colcon_core.shell.bat': Not used on non-Windows systems
[0.297s] INFO:colcon.colcon_core.shell:Skip shell extension 'powershell' for command environment: Not usable outside of PowerShell
[0.297s] DEBUG:colcon.colcon_core.shell:Skip shell extension 'dsv' for command environment
[0.302s] INFO:colcon.colcon_ros.task.ament_python.build:Building ROS package in '/home/harsh/ros2_ws/src/mars_orders' with build type 'ament_python'
[0.302s] Level 1:colcon.colcon_core.shell:create_environment_hook('mars_orders', 'ament_prefix_path')
[0.302s] INFO:colcon.colcon_core.shell:Creating environment hook '/home/harsh/ros2_ws/install/mars_orders/share/mars_orders/hook/ament_prefix_path.ps1'
[0.303s] INFO:colcon.colcon_core.shell:Creating environment descriptor '/home/harsh/ros2_ws/install/mars_orders/share/mars_orders/hook/ament_prefix_path.dsv'
[0.303s] INFO:colcon.colcon_core.shell:Creating environment hook '/home/harsh/ros2_ws/install/mars_orders/share/mars_orders/hook/ament_prefix_path.sh'
[0.304s] INFO:colcon.colcon_core.shell:Skip shell extension 'powershell' for command environment: Not usable outside of PowerShell
[0.304s] DEBUG:colcon.colcon_core.shell:Skip shell extension 'dsv' for command environment
[0.313s] DEBUG:colcon.colcon_core.event_handler.log_command:Invoking command in '/home/harsh/ros2_ws/build/mars': CMAKE_PREFIX_PATH=${CMAKE_PREFIX_PATH}:/opt/ros/jazzy DEBUGINFOD_URLS=https://debuginfod.ubuntu.com /usr/bin/cmake --build /home/harsh/ros2_ws/build/mars -- -j12 -l12
[0.578s] INFO:colcon.colcon_core.task.python.build:Building Python package in '/home/harsh/ros2_ws/src/mars_orders'
[0.578s] INFO:colcon.colcon_core.shell:Skip shell extension 'powershell' for command environment: Not usable outside of PowerShell
[0.578s] DEBUG:colcon.colcon_core.shell:Skip shell extension 'dsv' for command environment
[0.582s] DEBUG:colcon.colcon_core.event_handler.log_command:Invoked command in '/home/harsh/ros2_ws/build/mars' returned '0': CMAKE_PREFIX_PATH=${CMAKE_PREFIX_PATH}:/opt/ros/jazzy DEBUGINFOD_URLS=https://debuginfod.ubuntu.com /usr/bin/cmake --build /home/harsh/ros2_ws/build/mars -- -j12 -l12
[0.599s] DEBUG:colcon.colcon_core.event_handler.log_command:Invoking command in '/home/harsh/ros2_ws/build/mars': CMAKE_PREFIX_PATH=${CMAKE_PREFIX_PATH}:/opt/ros/jazzy DEBUGINFOD_URLS=https://debuginfod.ubuntu.com /usr/bin/cmake --install /home/harsh/ros2_ws/build/mars
[0.635s] Level 1:colcon.colcon_core.environment:create_environment_scripts_only(mars)
[0.636s] DEBUG:colcon.colcon_core.event_handler.log_command:Invoked command in '/home/harsh/ros2_ws/build/mars' returned '0': CMAKE_PREFIX_PATH=${CMAKE_PREFIX_PATH}:/opt/ros/jazzy DEBUGINFOD_URLS=https://debuginfod.ubuntu.com /usr/bin/cmake --install /home/harsh/ros2_ws/build/mars
[0.639s] Level 1:colcon.colcon_core.environment:checking '/home/harsh/ros2_ws/install/mars' for CMake module files
[0.640s] Level 1:colcon.colcon_core.environment:checking '/home/harsh/ros2_ws/install/mars' for CMake config files
[0.640s] Level 1:colcon.colcon_core.shell:create_environment_hook('mars', 'cmake_prefix_path')
[0.641s] INFO:colcon.colcon_core.shell:Creating environment hook '/home/harsh/ros2_ws/install/mars/share/mars/hook/cmake_prefix_path.ps1'
[0.642s] INFO:colcon.colcon_core.shell:Creating environment descriptor '/home/harsh/ros2_ws/install/mars/share/mars/hook/cmake_prefix_path.dsv'
[0.642s] INFO:colcon.colcon_core.shell:Creating environment hook '/home/harsh/ros2_ws/install/mars/share/mars/hook/cmake_prefix_path.sh'
[0.644s] Level 1:colcon.colcon_core.environment:checking '/home/harsh/ros2_ws/install/mars/bin'
[0.644s] Level 1:colcon.colcon_core.environment:checking '/home/harsh/ros2_ws/install/mars/lib/pkgconfig/mars.pc'
[0.644s] Level 1:colcon.colcon_core.environment:checking '/home/harsh/ros2_ws/install/mars/lib/python3.12/site-packages'
[0.644s] Level 1:colcon.colcon_core.environment:checking '/home/harsh/ros2_ws/install/mars/bin'
[0.645s] INFO:colcon.colcon_core.shell:Creating package script '/home/harsh/ros2_ws/install/mars/share/mars/package.ps1'
[0.646s] INFO:colcon.colcon_core.shell:Creating package descriptor '/home/harsh/ros2_ws/install/mars/share/mars/package.dsv'
[0.647s] INFO:colcon.colcon_core.shell:Creating package script '/home/harsh/ros2_ws/install/mars/share/mars/package.sh'
[0.648s] INFO:colcon.colcon_core.shell:Creating package script '/home/harsh/ros2_ws/install/mars/share/mars/package.bash'
[0.649s] INFO:colcon.colcon_core.shell:Creating package script '/home/harsh/ros2_ws/install/mars/share/mars/package.zsh'
[0.650s] Level 1:colcon.colcon_core.environment:create_file_with_runtime_dependencies(/home/harsh/ros2_ws/install/mars/share/colcon-core/packages/mars)
[0.650s] Level 1:colcon.colcon_core.environment:create_environment_scripts_only(mars)
[0.651s] Level 1:colcon.colcon_core.environment:checking '/home/harsh/ros2_ws/install/mars' for CMake module files
[0.651s] Level 1:colcon.colcon_core.environment:checking '/home/harsh/ros2_ws/install/mars' for CMake config files
[0.652s] Level 1:colcon.colcon_core.shell:create_environment_hook('mars', 'cmake_prefix_path')
[0.652s] INFO:colcon.colcon_core.shell:Creating environment hook '/home/harsh/ros2_ws/install/mars/share/mars/hook/cmake_prefix_path.ps1'
[0.652s] INFO:colcon.colcon_core.shell:Creating environment descriptor '/home/harsh/ros2_ws/install/mars/share/mars/hook/cmake_prefix_path.dsv'
[0.652s] INFO:colcon.colcon_core.shell:Creating environment hook '/home/harsh/ros2_ws/install/mars/share/mars/hook/cmake_prefix_path.sh'
[0.653s] Level 1:colcon.colcon_core.environment:checking '/home/harsh/ros2_ws/install/mars/bin'
[0.653s] Level 1:colcon.colcon_core.environment:checking '/home/harsh/ros2_ws/install/mars/lib/pkgconfig/mars.pc'
[0.653s] Level 1:colcon.colcon_core.environment:checking '/home/harsh/ros2_ws/install/mars/lib/python3.12/site-packages'
[0.653s] Level 1:colcon.colcon_core.environment:checking '/home/harsh/ros2_ws/install/mars/bin'
[0.654s] INFO:colcon.colcon_core.shell:Creating package script '/home/harsh/ros2_ws/install/mars/share/mars/package.ps1'
[0.654s] INFO:colcon.colcon_core.shell:Creating package descriptor '/home/harsh/ros2_ws/install/mars/share/mars/package.dsv'
[0.655s] INFO:colcon.colcon_core.shell:Creating package script '/home/harsh/ros2_ws/install/mars/share/mars/package.sh'
[0.655s] INFO:colcon.colcon_core.shell:Creating package script '/home/harsh/ros2_ws/install/mars/share/mars/package.bash'
[0.656s] INFO:colcon.colcon_core.shell:Creating package script '/home/harsh/ros2_ws/install/mars/share/mars/package.zsh'
[0.656s] Level 1:colcon.colcon_core.environment:create_file_with_runtime_dependencies(/home/harsh/ros2_ws/install/mars/share/colcon-core/packages/mars)
[1.230s] DEBUG:colcon.colcon_core.task.python.build:Available setuptools commands: setopt, update_catalog, install_egg_info, build, test, rotate, install_scripts, editable_wheel, bdist, sdist, develop, install_lib, build_ext, build_py, bdist_wheel, easy_install, install_headers, bdist_dumb, install_data, extract_messages, clean, upload_docs, alias, install, build_scripts, dist_info, init_catalog, bdist_egg, bdist_rpm, check, symlink_data, register, saveopts, compile_catalog, egg_info, upload, build_clib
[1.232s] DEBUG:colcon.colcon_core.event_handler.log_command:Invoking command in '/home/harsh/ros2_ws/src/mars_orders': DEBUGINFOD_URLS=https://debuginfod.ubuntu.com PYTHONPATH=/home/harsh/ros2_ws/build/mars_orders/prefix_override:/usr/lib/python3/dist-packages/colcon_core/task/python/colcon_distutils_commands:/home/harsh/ros2_ws/install/mars_orders/lib/python3.12/site-packages:${PYTHONPATH} /usr/bin/python3 -W ignore:setup.py install is deprecated -W ignore:easy_install command is deprecated setup.py egg_info --egg-base ../../build/mars_orders build --build-base /home/harsh/ros2_ws/build/mars_orders/build install --record /home/harsh/ros2_ws/build/mars_orders/install.log --install-scripts $base/lib/mars_orders --single-version-externally-managed install_data
[1.813s] Level 1:colcon.colcon_core.environment:checking '/home/harsh/ros2_ws/install/mars_orders' for CMake module files
[1.814s] DEBUG:colcon.colcon_core.event_handler.log_command:Invoked command in '/home/harsh/ros2_ws/src/mars_orders' returned '0': DEBUGINFOD_URLS=https://debuginfod.ubuntu.com PYTHONPATH=/home/harsh/ros2_ws/build/mars_orders/prefix_override:/usr/lib/python3/dist-packages/colcon_core/task/python/colcon_distutils_commands:/home/harsh/ros2_ws/install/mars_orders/lib/python3.12/site-packages:${PYTHONPATH} /usr/bin/python3 -W ignore:setup.py install is deprecated -W ignore:easy_install command is deprecated setup.py egg_info --egg-base ../../build/mars_orders build --build-base /home/harsh/ros2_ws/build/mars_orders/build install --record /home/harsh/ros2_ws/build/mars_orders/install.log --install-scripts $base/lib/mars_orders --single-version-externally-managed install_data
[1.814s] Level 1:colcon.colcon_core.environment:checking '/home/harsh/ros2_ws/install/mars_orders' for CMake config files
[1.814s] Level 1:colcon.colcon_core.environment:checking '/home/harsh/ros2_ws/install/mars_orders/lib'
[1.815s] Level 1:colcon.colcon_core.environment:checking '/home/harsh/ros2_ws/install/mars_orders/bin'
[1.815s] Level 1:colcon.colcon_core.environment:checking '/home/harsh/ros2_ws/install/mars_orders/lib/pkgconfig/mars_orders.pc'
[1.815s] Level 1:colcon.colcon_core.environment:checking '/home/harsh/ros2_ws/install/mars_orders/lib/python3.12/site-packages'
[1.815s] Level 1:colcon.colcon_core.shell:create_environment_hook('mars_orders', 'pythonpath')
[1.815s] INFO:colcon.colcon_core.shell:Creating environment hook '/home/harsh/ros2_ws/install/mars_orders/share/mars_orders/hook/pythonpath.ps1'
[1.816s] INFO:colcon.colcon_core.shell:Creating environment descriptor '/home/harsh/ros2_ws/install/mars_orders/share/mars_orders/hook/pythonpath.dsv'
[1.816s] INFO:colcon.colcon_core.shell:Creating environment hook '/home/harsh/ros2_ws/install/mars_orders/share/mars_orders/hook/pythonpath.sh'
[1.817s] Level 1:colcon.colcon_core.environment:checking '/home/harsh/ros2_ws/install/mars_orders/bin'
[1.817s] Level 1:colcon.colcon_core.environment:create_environment_scripts_only(mars_orders)
[1.817s] INFO:colcon.colcon_core.shell:Creating package script '/home/harsh/ros2_ws/install/mars_orders/share/mars_orders/package.ps1'
[1.818s] INFO:colcon.colcon_core.shell:Creating package descriptor '/home/harsh/ros2_ws/install/mars_orders/share/mars_orders/package.dsv'
[1.818s] INFO:colcon.colcon_core.shell:Creating package script '/home/harsh/ros2_ws/install/mars_orders/share/mars_orders/package.sh'
[1.819s] INFO:colcon.colcon_core.shell:Creating package script '/home/harsh/ros2_ws/install/mars_orders/share/mars_orders/package.bash'
[1.819s] INFO:colcon.colcon_core.shell:Creating package script '/home/harsh/ros2_ws/install/mars_orders/share/mars_orders/package.zsh'
[1.819s] Level 1:colcon.colcon_core.environment:create_file_with_runtime_dependencies(/home/harsh/ros2_ws/install/mars_orders/share/colcon-core/packages/mars_orders)
[1.820s] DEBUG:colcon.colcon_parallel_executor.executor.parallel:closing loop
[1.820s] DEBUG:colcon.colcon_parallel_executor.executor.parallel:loop closed
[1.821s] DEBUG:colcon.colcon_parallel_executor.executor.parallel:run_until_complete finished with '0'
[1.821s] DEBUG:colcon.colcon_core.event_reactor:joining thread
[1.828s] INFO:colcon.colcon_core.plugin_system:Skipping extension 'colcon_notification.desktop_notification.terminal_notifier': Not used on non-Darwin systems
[1.828s] INFO:colcon.colcon_core.plugin_system:Skipping extension 'colcon_notification.desktop_notification.win32': Not used on non-Windows systems
[1.828s] INFO:colcon.colcon_notification.desktop_notification:Sending desktop notification using 'notify2'
[1.840s] DEBUG:colcon.colcon_core.event_reactor:joined thread
[1.841s] INFO:colcon.colcon_core.shell:Creating prefix script '/home/harsh/ros2_ws/install/local_setup.ps1'
[1.842s] INFO:colcon.colcon_core.shell:Creating prefix util module '/home/harsh/ros2_ws/install/_local_setup_util_ps1.py'
[1.844s] INFO:colcon.colcon_core.shell:Creating prefix chain script '/home/harsh/ros2_ws/install/setup.ps1'
[1.845s] INFO:colcon.colcon_core.shell:Creating prefix script '/home/harsh/ros2_ws/install/local_setup.sh'
[1.846s] INFO:colcon.colcon_core.shell:Creating prefix util module '/home/harsh/ros2_ws/install/_local_setup_util_sh.py'
[1.846s] INFO:colcon.colcon_core.shell:Creating prefix chain script '/home/harsh/ros2_ws/install/setup.sh'
[1.847s] INFO:colcon.colcon_core.shell:Creating prefix script '/home/harsh/ros2_ws/install/local_setup.bash'
[1.848s] INFO:colcon.colcon_core.shell:Creating prefix chain script '/home/harsh/ros2_ws/install/setup.bash'
[1.849s] INFO:colcon.colcon_core.shell:Creating prefix script '/home/harsh/ros2_ws/install/local_setup.zsh'
[1.850s] INFO:colcon.colcon_core.shell:Creating prefix chain script '/home/harsh/ros2_ws/install/setup.zsh'
