[13.881s] DEBUG:colcon:Command line arguments: ['/usr/bin/colcon', 'build', '--packages-select', 'mars']
[13.881s] DEBUG:colcon:Parsed command line arguments: Namespace(log_base=None, log_level=None, verb_name='build', build_base='build', install_base='install', merge_install=False, symlink_install=False, test_result_base=None, continue_on_error=False, executor='parallel', parallel_workers=12, event_handlers=None, ignore_user_meta=False, metas=['./colcon.meta'], base_paths=['.'], packages_ignore=None, packages_ignore_regex=None, paths=None, packages_up_to=None, packages_up_to_regex=None, packages_above=None, packages_above_and_dependencies=None, packages_above_depth=None, packages_select_by_dep=None, packages_skip_by_dep=None, packages_skip_up_to=None, packages_select_build_failed=False, packages_skip_build_finished=False, packages_select_test_failures=False, packages_skip_test_passed=False, packages_select=['mars'], packages_skip=None, packages_select_regex=None, packages_skip_regex=None, packages_start=None, packages_end=None, allow_overriding=[], cmake_args=None, cmake_target=None, cmake_target_skip_unavailable=False, cmake_clean_cache=False, cmake_clean_first=False, cmake_force_configure=False, ament_cmake_args=None, catkin_cmake_args=None, catkin_skip_building_tests=False, mixin_files=None, mixin=None, verb_parser=<colcon_mixin.mixin.mixin_argument.MixinArgumentDecorator object at 0x79c20ba51430>, verb_extension=<colcon_core.verb.build.BuildVerb object at 0x79c20cbb75c0>, main=<bound method BuildVerb.main of <colcon_core.verb.build.BuildVerb object at 0x79c20cbb75c0>>, mixin_verb=('build',))
[15.159s] Level 1:colcon.colcon_core.package_discovery:discover_packages(colcon_meta) check parameters
[15.159s] Level 1:colcon.colcon_core.package_discovery:discover_packages(recursive) check parameters
[15.159s] Level 1:colcon.colcon_core.package_discovery:discover_packages(ignore) check parameters
[15.159s] Level 1:colcon.colcon_core.package_discovery:discover_packages(path) check parameters
[15.160s] Level 1:colcon.colcon_core.package_discovery:discover_packages(colcon_meta) discover
[15.160s] Level 1:colcon.colcon_core.package_discovery:discover_packages(recursive) discover
[15.160s] INFO:colcon.colcon_core.package_discovery:Crawling recursively for packages in '/home/harsh/ros2_ws'
[15.160s] Level 1:colcon.colcon_core.package_identification:_identify(.) by extensions ['ignore', 'ignore_ament_install']
[15.160s] Level 1:colcon.colcon_core.package_identification:_identify(.) by extension 'ignore'
[15.160s] Level 1:colcon.colcon_core.package_identification:_identify(.) by extension 'ignore_ament_install'
[15.160s] Level 1:colcon.colcon_core.package_identification:_identify(.) by extensions ['colcon_pkg']
[15.160s] Level 1:colcon.colcon_core.package_identification:_identify(.) by extension 'colcon_pkg'
[15.160s] Level 1:colcon.colcon_core.package_identification:_identify(.) by extensions ['colcon_meta']
[15.160s] Level 1:colcon.colcon_core.package_identification:_identify(.) by extension 'colcon_meta'
[15.160s] Level 1:colcon.colcon_core.package_identification:_identify(.) by extensions ['ros']
[15.160s] Level 1:colcon.colcon_core.package_identification:_identify(.) by extension 'ros'
[15.524s] Level 1:colcon.colcon_core.package_identification:_identify(.) by extensions ['cmake', 'python']
[15.524s] Level 1:colcon.colcon_core.package_identification:_identify(.) by extension 'cmake'
[15.524s] Level 1:colcon.colcon_core.package_identification:_identify(.) by extension 'python'
[15.524s] Level 1:colcon.colcon_core.package_identification:_identify(.) by extensions ['python_setup_py']
[15.524s] Level 1:colcon.colcon_core.package_identification:_identify(.) by extension 'python_setup_py'
[15.524s] Level 1:colcon.colcon_core.package_identification:_identify(build) by extensions ['ignore', 'ignore_ament_install']
[15.524s] Level 1:colcon.colcon_core.package_identification:_identify(build) by extension 'ignore'
[15.524s] Level 1:colcon.colcon_core.package_identification:_identify(build) ignored
[15.524s] Level 1:colcon.colcon_core.package_identification:_identify(install) by extensions ['ignore', 'ignore_ament_install']
[15.524s] Level 1:colcon.colcon_core.package_identification:_identify(install) by extension 'ignore'
[15.524s] Level 1:colcon.colcon_core.package_identification:_identify(install) ignored
[15.524s] Level 1:colcon.colcon_core.package_identification:_identify(log) by extensions ['ignore', 'ignore_ament_install']
[15.525s] Level 1:colcon.colcon_core.package_identification:_identify(log) by extension 'ignore'
[15.525s] Level 1:colcon.colcon_core.package_identification:_identify(log) ignored
[15.534s] Level 1:colcon.colcon_core.package_identification:_identify(mars_website) by extensions ['ignore', 'ignore_ament_install']
[15.534s] Level 1:colcon.colcon_core.package_identification:_identify(mars_website) by extension 'ignore'
[15.535s] Level 1:colcon.colcon_core.package_identification:_identify(mars_website) by extension 'ignore_ament_install'
[15.535s] Level 1:colcon.colcon_core.package_identification:_identify(mars_website) by extensions ['colcon_pkg']
[15.535s] Level 1:colcon.colcon_core.package_identification:_identify(mars_website) by extension 'colcon_pkg'
[15.535s] Level 1:colcon.colcon_core.package_identification:_identify(mars_website) by extensions ['colcon_meta']
[15.535s] Level 1:colcon.colcon_core.package_identification:_identify(mars_website) by extension 'colcon_meta'
[15.535s] Level 1:colcon.colcon_core.package_identification:_identify(mars_website) by extensions ['ros']
[15.535s] Level 1:colcon.colcon_core.package_identification:_identify(mars_website) by extension 'ros'
[15.535s] Level 1:colcon.colcon_core.package_identification:_identify(mars_website) by extensions ['cmake', 'python']
[15.535s] Level 1:colcon.colcon_core.package_identification:_identify(mars_website) by extension 'cmake'
[15.535s] Level 1:colcon.colcon_core.package_identification:_identify(mars_website) by extension 'python'
[15.535s] Level 1:colcon.colcon_core.package_identification:_identify(mars_website) by extensions ['python_setup_py']
[15.535s] Level 1:colcon.colcon_core.package_identification:_identify(mars_website) by extension 'python_setup_py'
[15.536s] Level 1:colcon.colcon_core.package_identification:_identify(mars_website/db) by extensions ['ignore', 'ignore_ament_install']
[15.536s] Level 1:colcon.colcon_core.package_identification:_identify(mars_website/db) by extension 'ignore'
[15.536s] Level 1:colcon.colcon_core.package_identification:_identify(mars_website/db) by extension 'ignore_ament_install'
[15.536s] Level 1:colcon.colcon_core.package_identification:_identify(mars_website/db) by extensions ['colcon_pkg']
[15.536s] Level 1:colcon.colcon_core.package_identification:_identify(mars_website/db) by extension 'colcon_pkg'
[15.536s] Level 1:colcon.colcon_core.package_identification:_identify(mars_website/db) by extensions ['colcon_meta']
[15.536s] Level 1:colcon.colcon_core.package_identification:_identify(mars_website/db) by extension 'colcon_meta'
[15.536s] Level 1:colcon.colcon_core.package_identification:_identify(mars_website/db) by extensions ['ros']
[15.537s] Level 1:colcon.colcon_core.package_identification:_identify(mars_website/db) by extension 'ros'
[15.537s] Level 1:colcon.colcon_core.package_identification:_identify(mars_website/db) by extensions ['cmake', 'python']
[15.537s] Level 1:colcon.colcon_core.package_identification:_identify(mars_website/db) by extension 'cmake'
[15.537s] Level 1:colcon.colcon_core.package_identification:_identify(mars_website/db) by extension 'python'
[15.537s] Level 1:colcon.colcon_core.package_identification:_identify(mars_website/db) by extensions ['python_setup_py']
[15.537s] Level 1:colcon.colcon_core.package_identification:_identify(mars_website/db) by extension 'python_setup_py'
[15.571s] Level 1:colcon.colcon_core.package_identification:_identify(mars_website/node_modules) by extensions ['ignore', 'ignore_ament_install']
[15.571s] Level 1:colcon.colcon_core.package_identification:_identify(mars_website/node_modules) by extension 'ignore'
[15.571s] Level 1:colcon.colcon_core.package_identification:_identify(mars_website/node_modules) by extension 'ignore_ament_install'
[15.571s] Level 1:colcon.colcon_core.package_identification:_identify(mars_website/node_modules) by extensions ['colcon_pkg']
[15.571s] Level 1:colcon.colcon_core.package_identification:_identify(mars_website/node_modules) by extension 'colcon_pkg'
[15.571s] Level 1:colcon.colcon_core.package_identification:_identify(mars_website/node_modules) by extensions ['colcon_meta']
[15.571s] Level 1:colcon.colcon_core.package_identification:_identify(mars_website/node_modules) by extension 'colcon_meta'
[15.571s] Level 1:colcon.colcon_core.package_identification:_identify(mars_website/node_modules) by extensions ['ros']
[15.571s] Level 1:colcon.colcon_core.package_identification:_identify(mars_website/node_modules) by extension 'ros'
[15.571s] Level 1:colcon.colcon_core.package_identification:_identify(mars_website/node_modules) by extensions ['cmake', 'python']
[15.571s] Level 1:colcon.colcon_core.package_identification:_identify(mars_website/node_modules) by extension 'cmake'
[15.571s] Level 1:colcon.colcon_core.package_identification:_identify(mars_website/node_modules) by extension 'python'
[15.571s] Level 1:colcon.colcon_core.package_identification:_identify(mars_website/node_modules) by extensions ['python_setup_py']
[15.571s] Level 1:colcon.colcon_core.package_identification:_identify(mars_website/node_modules) by extension 'python_setup_py'
[15.573s] Level 1:colcon.colcon_core.package_identification:_identify(mars_website/node_modules/@mongodb-js) by extensions ['ignore', 'ignore_ament_install']
[15.573s] Level 1:colcon.colcon_core.package_identification:_identify(mars_website/node_modules/@mongodb-js) by extension 'ignore'
[15.573s] Level 1:colcon.colcon_core.package_identification:_identify(mars_website/node_modules/@mongodb-js) by extension 'ignore_ament_install'
[15.573s] Level 1:colcon.colcon_core.package_identification:_identify(mars_website/node_modules/@mongodb-js) by extensions ['colcon_pkg']
[15.573s] Level 1:colcon.colcon_core.package_identification:_identify(mars_website/node_modules/@mongodb-js) by extension 'colcon_pkg'
[15.573s] Level 1:colcon.colcon_core.package_identification:_identify(mars_website/node_modules/@mongodb-js) by extensions ['colcon_meta']
[15.573s] Level 1:colcon.colcon_core.package_identification:_identify(mars_website/node_modules/@mongodb-js) by extension 'colcon_meta'
[15.573s] Level 1:colcon.colcon_core.package_identification:_identify(mars_website/node_modules/@mongodb-js) by extensions ['ros']
[15.573s] Level 1:colcon.colcon_core.package_identification:_identify(mars_website/node_modules/@mongodb-js) by extension 'ros'
[15.573s] Level 1:colcon.colcon_core.package_identification:_identify(mars_website/node_modules/@mongodb-js) by extensions ['cmake', 'python']
[15.573s] Level 1:colcon.colcon_core.package_identification:_identify(mars_website/node_modules/@mongodb-js) by extension 'cmake'
[15.573s] Level 1:colcon.colcon_core.package_identification:_identify(mars_website/node_modules/@mongodb-js) by extension 'python'
[15.573s] Level 1:colcon.colcon_core.package_identification:_identify(mars_website/node_modules/@mongodb-js) by extensions ['python_setup_py']
[15.573s] Level 1:colcon.colcon_core.package_identification:_identify(mars_website/node_modules/@mongodb-js) by extension 'python_setup_py'
[15.573s] Level 1:colcon.colcon_core.package_identification:_identify(mars_website/node_modules/@mongodb-js/saslprep) by extensions ['ignore', 'ignore_ament_install']
[15.574s] Level 1:colcon.colcon_core.package_identification:_identify(mars_website/node_modules/@mongodb-js/saslprep) by extension 'ignore'
[15.574s] Level 1:colcon.colcon_core.package_identification:_identify(mars_website/node_modules/@mongodb-js/saslprep) by extension 'ignore_ament_install'
[15.574s] Level 1:colcon.colcon_core.package_identification:_identify(mars_website/node_modules/@mongodb-js/saslprep) by extensions ['colcon_pkg']
[15.574s] Level 1:colcon.colcon_core.package_identification:_identify(mars_website/node_modules/@mongodb-js/saslprep) by extension 'colcon_pkg'
[15.574s] Level 1:colcon.colcon_core.package_identification:_identify(mars_website/node_modules/@mongodb-js/saslprep) by extensions ['colcon_meta']
[15.574s] Level 1:colcon.colcon_core.package_identification:_identify(mars_website/node_modules/@mongodb-js/saslprep) by extension 'colcon_meta'
[15.574s] Level 1:colcon.colcon_core.package_identification:_identify(mars_website/node_modules/@mongodb-js/saslprep) by extensions ['ros']
[15.574s] Level 1:colcon.colcon_core.package_identification:_identify(mars_website/node_modules/@mongodb-js/saslprep) by extension 'ros'
[15.574s] Level 1:colcon.colcon_core.package_identification:_identify(mars_website/node_modules/@mongodb-js/saslprep) by extensions ['cmake', 'python']
[15.574s] Level 1:colcon.colcon_core.package_identification:_identify(mars_website/node_modules/@mongodb-js/saslprep) by extension 'cmake'
[15.574s] Level 1:colcon.colcon_core.package_identification:_identify(mars_website/node_modules/@mongodb-js/saslprep) by extension 'python'
[15.574s] Level 1:colcon.colcon_core.package_identification:_identify(mars_website/node_modules/@mongodb-js/saslprep) by extensions ['python_setup_py']
[15.574s] Level 1:colcon.colcon_core.package_identification:_identify(mars_website/node_modules/@mongodb-js/saslprep) by extension 'python_setup_py'
[15.574s] Level 1:colcon.colcon_core.package_identification:_identify(mars_website/node_modules/@mongodb-js/saslprep/dist) by extensions ['ignore', 'ignore_ament_install']
[15.574s] Level 1:colcon.colcon_core.package_identification:_identify(mars_website/node_modules/@mongodb-js/saslprep/dist) by extension 'ignore'
[15.574s] Level 1:colcon.colcon_core.package_identification:_identify(mars_website/node_modules/@mongodb-js/saslprep/dist) by extension 'ignore_ament_install'
[15.575s] Level 1:colcon.colcon_core.package_identification:_identify(mars_website/node_modules/@mongodb-js/saslprep/dist) by extensions ['colcon_pkg']
[15.575s] Level 1:colcon.colcon_core.package_identification:_identify(mars_website/node_modules/@mongodb-js/saslprep/dist) by extension 'colcon_pkg'
[15.575s] Level 1:colcon.colcon_core.package_identification:_identify(mars_website/node_modules/@mongodb-js/saslprep/dist) by extensions ['colcon_meta']
[15.575s] Level 1:colcon.colcon_core.package_identification:_identify(mars_website/node_modules/@mongodb-js/saslprep/dist) by extension 'colcon_meta'
[15.575s] Level 1:colcon.colcon_core.package_identification:_identify(mars_website/node_modules/@mongodb-js/saslprep/dist) by extensions ['ros']
[15.575s] Level 1:colcon.colcon_core.package_identification:_identify(mars_website/node_modules/@mongodb-js/saslprep/dist) by extension 'ros'
[15.575s] Level 1:colcon.colcon_core.package_identification:_identify(mars_website/node_modules/@mongodb-js/saslprep/dist) by extensions ['cmake', 'python']
[15.575s] Level 1:colcon.colcon_core.package_identification:_identify(mars_website/node_modules/@mongodb-js/saslprep/dist) by extension 'cmake'
[15.575s] Level 1:colcon.colcon_core.package_identification:_identify(mars_website/node_modules/@mongodb-js/saslprep/dist) by extension 'python'
[15.575s] Level 1:colcon.colcon_core.package_identification:_identify(mars_website/node_modules/@mongodb-js/saslprep/dist) by extensions ['python_setup_py']
[15.575s] Level 1:colcon.colcon_core.package_identification:_identify(mars_website/node_modules/@mongodb-js/saslprep/dist) by extension 'python_setup_py'
[15.575s] Level 1:colcon.colcon_core.package_identification:_identify(mars_website/node_modules/@types) by extensions ['ignore', 'ignore_ament_install']
[15.575s] Level 1:colcon.colcon_core.package_identification:_identify(mars_website/node_modules/@types) by extension 'ignore'
[15.575s] Level 1:colcon.colcon_core.package_identification:_identify(mars_website/node_modules/@types) by extension 'ignore_ament_install'
[15.575s] Level 1:colcon.colcon_core.package_identification:_identify(mars_website/node_modules/@types) by extensions ['colcon_pkg']
[15.575s] Level 1:colcon.colcon_core.package_identification:_identify(mars_website/node_modules/@types) by extension 'colcon_pkg'
[15.575s] Level 1:colcon.colcon_core.package_identification:_identify(mars_website/node_modules/@types) by extensions ['colcon_meta']
[15.575s] Level 1:colcon.colcon_core.package_identification:_identify(mars_website/node_modules/@types) by extension 'colcon_meta'
[15.575s] Level 1:colcon.colcon_core.package_identification:_identify(mars_website/node_modules/@types) by extensions ['ros']
[15.575s] Level 1:colcon.colcon_core.package_identification:_identify(mars_website/node_modules/@types) by extension 'ros'
[15.575s] Level 1:colcon.colcon_core.package_identification:_identify(mars_website/node_modules/@types) by extensions ['cmake', 'python']
[15.575s] Level 1:colcon.colcon_core.package_identification:_identify(mars_website/node_modules/@types) by extension 'cmake'
[15.575s] Level 1:colcon.colcon_core.package_identification:_identify(mars_website/node_modules/@types) by extension 'python'
[15.576s] Level 1:colcon.colcon_core.package_identification:_identify(mars_website/node_modules/@types) by extensions ['python_setup_py']
[15.576s] Level 1:colcon.colcon_core.package_identification:_identify(mars_website/node_modules/@types) by extension 'python_setup_py'
[15.576s] Level 1:colcon.colcon_core.package_identification:_identify(mars_website/node_modules/@types/webidl-conversions) by extensions ['ignore', 'ignore_ament_install']
[15.576s] Level 1:colcon.colcon_core.package_identification:_identify(mars_website/node_modules/@types/webidl-conversions) by extension 'ignore'
[15.576s] Level 1:colcon.colcon_core.package_identification:_identify(mars_website/node_modules/@types/webidl-conversions) by extension 'ignore_ament_install'
[15.576s] Level 1:colcon.colcon_core.package_identification:_identify(mars_website/node_modules/@types/webidl-conversions) by extensions ['colcon_pkg']
[15.576s] Level 1:colcon.colcon_core.package_identification:_identify(mars_website/node_modules/@types/webidl-conversions) by extension 'colcon_pkg'
[15.576s] Level 1:colcon.colcon_core.package_identification:_identify(mars_website/node_modules/@types/webidl-conversions) by extensions ['colcon_meta']
[15.576s] Level 1:colcon.colcon_core.package_identification:_identify(mars_website/node_modules/@types/webidl-conversions) by extension 'colcon_meta'
[15.576s] Level 1:colcon.colcon_core.package_identification:_identify(mars_website/node_modules/@types/webidl-conversions) by extensions ['ros']
[15.576s] Level 1:colcon.colcon_core.package_identification:_identify(mars_website/node_modules/@types/webidl-conversions) by extension 'ros'
[15.576s] Level 1:colcon.colcon_core.package_identification:_identify(mars_website/node_modules/@types/webidl-conversions) by extensions ['cmake', 'python']
[15.576s] Level 1:colcon.colcon_core.package_identification:_identify(mars_website/node_modules/@types/webidl-conversions) by extension 'cmake'
[15.576s] Level 1:colcon.colcon_core.package_identification:_identify(mars_website/node_modules/@types/webidl-conversions) by extension 'python'
[15.576s] Level 1:colcon.colcon_core.package_identification:_identify(mars_website/node_modules/@types/webidl-conversions) by extensions ['python_setup_py']
[15.576s] Level 1:colcon.colcon_core.package_identification:_identify(mars_website/node_modules/@types/webidl-conversions) by extension 'python_setup_py'
[15.577s] Level 1:colcon.colcon_core.package_identification:_identify(mars_website/node_modules/@types/whatwg-url) by extensions ['ignore', 'ignore_ament_install']
[15.577s] Level 1:colcon.colcon_core.package_identification:_identify(mars_website/node_modules/@types/whatwg-url) by extension 'ignore'
[15.577s] Level 1:colcon.colcon_core.package_identification:_identify(mars_website/node_modules/@types/whatwg-url) by extension 'ignore_ament_install'
[15.577s] Level 1:colcon.colcon_core.package_identification:_identify(mars_website/node_modules/@types/whatwg-url) by extensions ['colcon_pkg']
[15.577s] Level 1:colcon.colcon_core.package_identification:_identify(mars_website/node_modules/@types/whatwg-url) by extension 'colcon_pkg'
[15.577s] Level 1:colcon.colcon_core.package_identification:_identify(mars_website/node_modules/@types/whatwg-url) by extensions ['colcon_meta']
[15.577s] Level 1:colcon.colcon_core.package_identification:_identify(mars_website/node_modules/@types/whatwg-url) by extension 'colcon_meta'
[15.577s] Level 1:colcon.colcon_core.package_identification:_identify(mars_website/node_modules/@types/whatwg-url) by extensions ['ros']
[15.577s] Level 1:colcon.colcon_core.package_identification:_identify(mars_website/node_modules/@types/whatwg-url) by extension 'ros'
[15.577s] Level 1:colcon.colcon_core.package_identification:_identify(mars_website/node_modules/@types/whatwg-url) by extensions ['cmake', 'python']
[15.577s] Level 1:colcon.colcon_core.package_identification:_identify(mars_website/node_modules/@types/whatwg-url) by extension 'cmake'
[15.577s] Level 1:colcon.colcon_core.package_identification:_identify(mars_website/node_modules/@types/whatwg-url) by extension 'python'
[15.577s] Level 1:colcon.colcon_core.package_identification:_identify(mars_website/node_modules/@types/whatwg-url) by extensions ['python_setup_py']
[15.577s] Level 1:colcon.colcon_core.package_identification:_identify(mars_website/node_modules/@types/whatwg-url) by extension 'python_setup_py'
[15.577s] Level 1:colcon.colcon_core.package_identification:_identify(mars_website/node_modules/@types/whatwg-url/lib) by extensions ['ignore', 'ignore_ament_install']
[15.577s] Level 1:colcon.colcon_core.package_identification:_identify(mars_website/node_modules/@types/whatwg-url/lib) by extension 'ignore'
[15.577s] Level 1:colcon.colcon_core.package_identification:_identify(mars_website/node_modules/@types/whatwg-url/lib) by extension 'ignore_ament_install'
[15.578s] Level 1:colcon.colcon_core.package_identification:_identify(mars_website/node_modules/@types/whatwg-url/lib) by extensions ['colcon_pkg']
[15.578s] Level 1:colcon.colcon_core.package_identification:_identify(mars_website/node_modules/@types/whatwg-url/lib) by extension 'colcon_pkg'
[15.578s] Level 1:colcon.colcon_core.package_identification:_identify(mars_website/node_modules/@types/whatwg-url/lib) by extensions ['colcon_meta']
[15.578s] Level 1:colcon.colcon_core.package_identification:_identify(mars_website/node_modules/@types/whatwg-url/lib) by extension 'colcon_meta'
[15.578s] Level 1:colcon.colcon_core.package_identification:_identify(mars_website/node_modules/@types/whatwg-url/lib) by extensions ['ros']
[15.578s] Level 1:colcon.colcon_core.package_identification:_identify(mars_website/node_modules/@types/whatwg-url/lib) by extension 'ros'
[15.578s] Level 1:colcon.colcon_core.package_identification:_identify(mars_website/node_modules/@types/whatwg-url/lib) by extensions ['cmake', 'python']
[15.578s] Level 1:colcon.colcon_core.package_identification:_identify(mars_website/node_modules/@types/whatwg-url/lib) by extension 'cmake'
[15.578s] Level 1:colcon.colcon_core.package_identification:_identify(mars_website/node_modules/@types/whatwg-url/lib) by extension 'python'
[15.578s] Level 1:colcon.colcon_core.package_identification:_identify(mars_website/node_modules/@types/whatwg-url/lib) by extensions ['python_setup_py']
[15.578s] Level 1:colcon.colcon_core.package_identification:_identify(mars_website/node_modules/@types/whatwg-url/lib) by extension 'python_setup_py'
[15.578s] Level 1:colcon.colcon_core.package_identification:_identify(mars_website/node_modules/bson) by extensions ['ignore', 'ignore_ament_install']
[15.578s] Level 1:colcon.colcon_core.package_identification:_identify(mars_website/node_modules/bson) by extension 'ignore'
[15.578s] Level 1:colcon.colcon_core.package_identification:_identify(mars_website/node_modules/bson) by extension 'ignore_ament_install'
[15.578s] Level 1:colcon.colcon_core.package_identification:_identify(mars_website/node_modules/bson) by extensions ['colcon_pkg']
[15.578s] Level 1:colcon.colcon_core.package_identification:_identify(mars_website/node_modules/bson) by extension 'colcon_pkg'
[15.578s] Level 1:colcon.colcon_core.package_identification:_identify(mars_website/node_modules/bson) by extensions ['colcon_meta']
[15.578s] Level 1:colcon.colcon_core.package_identification:_identify(mars_website/node_modules/bson) by extension 'colcon_meta'
[15.578s] Level 1:colcon.colcon_core.package_identification:_identify(mars_website/node_modules/bson) by extensions ['ros']
[15.578s] Level 1:colcon.colcon_core.package_identification:_identify(mars_website/node_modules/bson) by extension 'ros'
[15.578s] Level 1:colcon.colcon_core.package_identification:_identify(mars_website/node_modules/bson) by extensions ['cmake', 'python']
[15.578s] Level 1:colcon.colcon_core.package_identification:_identify(mars_website/node_modules/bson) by extension 'cmake'
[15.578s] Level 1:colcon.colcon_core.package_identification:_identify(mars_website/node_modules/bson) by extension 'python'
[15.578s] Level 1:colcon.colcon_core.package_identification:_identify(mars_website/node_modules/bson) by extensions ['python_setup_py']
[15.579s] Level 1:colcon.colcon_core.package_identification:_identify(mars_website/node_modules/bson) by extension 'python_setup_py'
[15.579s] Level 1:colcon.colcon_core.package_identification:_identify(mars_website/node_modules/bson/etc) by extensions ['ignore', 'ignore_ament_install']
[15.579s] Level 1:colcon.colcon_core.package_identification:_identify(mars_website/node_modules/bson/etc) by extension 'ignore'
[15.579s] Level 1:colcon.colcon_core.package_identification:_identify(mars_website/node_modules/bson/etc) by extension 'ignore_ament_install'
[15.579s] Level 1:colcon.colcon_core.package_identification:_identify(mars_website/node_modules/bson/etc) by extensions ['colcon_pkg']
[15.579s] Level 1:colcon.colcon_core.package_identification:_identify(mars_website/node_modules/bson/etc) by extension 'colcon_pkg'
[15.579s] Level 1:colcon.colcon_core.package_identification:_identify(mars_website/node_modules/bson/etc) by extensions ['colcon_meta']
[15.579s] Level 1:colcon.colcon_core.package_identification:_identify(mars_website/node_modules/bson/etc) by extension 'colcon_meta'
[15.579s] Level 1:colcon.colcon_core.package_identification:_identify(mars_website/node_modules/bson/etc) by extensions ['ros']
[15.579s] Level 1:colcon.colcon_core.package_identification:_identify(mars_website/node_modules/bson/etc) by extension 'ros'
[15.579s] Level 1:colcon.colcon_core.package_identification:_identify(mars_website/node_modules/bson/etc) by extensions ['cmake', 'python']
[15.579s] Level 1:colcon.colcon_core.package_identification:_identify(mars_website/node_modules/bson/etc) by extension 'cmake'
[15.579s] Level 1:colcon.colcon_core.package_identification:_identify(mars_website/node_modules/bson/etc) by extension 'python'
[15.579s] Level 1:colcon.colcon_core.package_identification:_identify(mars_website/node_modules/bson/etc) by extensions ['python_setup_py']
[15.579s] Level 1:colcon.colcon_core.package_identification:_identify(mars_website/node_modules/bson/etc) by extension 'python_setup_py'
[15.580s] Level 1:colcon.colcon_core.package_identification:_identify(mars_website/node_modules/bson/lib) by extensions ['ignore', 'ignore_ament_install']
[15.580s] Level 1:colcon.colcon_core.package_identification:_identify(mars_website/node_modules/bson/lib) by extension 'ignore'
[15.580s] Level 1:colcon.colcon_core.package_identification:_identify(mars_website/node_modules/bson/lib) by extension 'ignore_ament_install'
[15.580s] Level 1:colcon.colcon_core.package_identification:_identify(mars_website/node_modules/bson/lib) by extensions ['colcon_pkg']
[15.580s] Level 1:colcon.colcon_core.package_identification:_identify(mars_website/node_modules/bson/lib) by extension 'colcon_pkg'
[15.580s] Level 1:colcon.colcon_core.package_identification:_identify(mars_website/node_modules/bson/lib) by extensions ['colcon_meta']
[15.580s] Level 1:colcon.colcon_core.package_identification:_identify(mars_website/node_modules/bson/lib) by extension 'colcon_meta'
[15.580s] Level 1:colcon.colcon_core.package_identification:_identify(mars_website/node_modules/bson/lib) by extensions ['ros']
[15.580s] Level 1:colcon.colcon_core.package_identification:_identify(mars_website/node_modules/bson/lib) by extension 'ros'
[15.580s] Level 1:colcon.colcon_core.package_identification:_identify(mars_website/node_modules/bson/lib) by extensions ['cmake', 'python']
[15.580s] Level 1:colcon.colcon_core.package_identification:_identify(mars_website/node_modules/bson/lib) by extension 'cmake'
[15.580s] Level 1:colcon.colcon_core.package_identification:_identify(mars_website/node_modules/bson/lib) by extension 'python'
[15.580s] Level 1:colcon.colcon_core.package_identification:_identify(mars_website/node_modules/bson/lib) by extensions ['python_setup_py']
[15.580s] Level 1:colcon.colcon_core.package_identification:_identify(mars_website/node_modules/bson/lib) by extension 'python_setup_py'
[15.580s] Level 1:colcon.colcon_core.package_identification:_identify(mars_website/node_modules/bson/src) by extensions ['ignore', 'ignore_ament_install']
[15.580s] Level 1:colcon.colcon_core.package_identification:_identify(mars_website/node_modules/bson/src) by extension 'ignore'
[15.580s] Level 1:colcon.colcon_core.package_identification:_identify(mars_website/node_modules/bson/src) by extension 'ignore_ament_install'
[15.580s] Level 1:colcon.colcon_core.package_identification:_identify(mars_website/node_modules/bson/src) by extensions ['colcon_pkg']
[15.580s] Level 1:colcon.colcon_core.package_identification:_identify(mars_website/node_modules/bson/src) by extension 'colcon_pkg'
[15.580s] Level 1:colcon.colcon_core.package_identification:_identify(mars_website/node_modules/bson/src) by extensions ['colcon_meta']
[15.580s] Level 1:colcon.colcon_core.package_identification:_identify(mars_website/node_modules/bson/src) by extension 'colcon_meta'
[15.580s] Level 1:colcon.colcon_core.package_identification:_identify(mars_website/node_modules/bson/src) by extensions ['ros']
[15.580s] Level 1:colcon.colcon_core.package_identification:_identify(mars_website/node_modules/bson/src) by extension 'ros'
[15.580s] Level 1:colcon.colcon_core.package_identification:_identify(mars_website/node_modules/bson/src) by extensions ['cmake', 'python']
[15.580s] Level 1:colcon.colcon_core.package_identification:_identify(mars_website/node_modules/bson/src) by extension 'cmake'
[15.581s] Level 1:colcon.colcon_core.package_identification:_identify(mars_website/node_modules/bson/src) by extension 'python'
[15.581s] Level 1:colcon.colcon_core.package_identification:_identify(mars_website/node_modules/bson/src) by extensions ['python_setup_py']
[15.581s] Level 1:colcon.colcon_core.package_identification:_identify(mars_website/node_modules/bson/src) by extension 'python_setup_py'
[15.581s] Level 1:colcon.colcon_core.package_identification:_identify(mars_website/node_modules/bson/src/parser) by extensions ['ignore', 'ignore_ament_install']
[15.581s] Level 1:colcon.colcon_core.package_identification:_identify(mars_website/node_modules/bson/src/parser) by extension 'ignore'
[15.581s] Level 1:colcon.colcon_core.package_identification:_identify(mars_website/node_modules/bson/src/parser) by extension 'ignore_ament_install'
[15.581s] Level 1:colcon.colcon_core.package_identification:_identify(mars_website/node_modules/bson/src/parser) by extensions ['colcon_pkg']
[15.581s] Level 1:colcon.colcon_core.package_identification:_identify(mars_website/node_modules/bson/src/parser) by extension 'colcon_pkg'
[15.581s] Level 1:colcon.colcon_core.package_identification:_identify(mars_website/node_modules/bson/src/parser) by extensions ['colcon_meta']
[15.581s] Level 1:colcon.colcon_core.package_identification:_identify(mars_website/node_modules/bson/src/parser) by extension 'colcon_meta'
[15.581s] Level 1:colcon.colcon_core.package_identification:_identify(mars_website/node_modules/bson/src/parser) by extensions ['ros']
[15.581s] Level 1:colcon.colcon_core.package_identification:_identify(mars_website/node_modules/bson/src/parser) by extension 'ros'
[15.581s] Level 1:colcon.colcon_core.package_identification:_identify(mars_website/node_modules/bson/src/parser) by extensions ['cmake', 'python']
[15.581s] Level 1:colcon.colcon_core.package_identification:_identify(mars_website/node_modules/bson/src/parser) by extension 'cmake'
[15.581s] Level 1:colcon.colcon_core.package_identification:_identify(mars_website/node_modules/bson/src/parser) by extension 'python'
[15.581s] Level 1:colcon.colcon_core.package_identification:_identify(mars_website/node_modules/bson/src/parser) by extensions ['python_setup_py']
[15.581s] Level 1:colcon.colcon_core.package_identification:_identify(mars_website/node_modules/bson/src/parser) by extension 'python_setup_py'
[15.581s] Level 1:colcon.colcon_core.package_identification:_identify(mars_website/node_modules/bson/src/parser/on_demand) by extensions ['ignore', 'ignore_ament_install']
[15.581s] Level 1:colcon.colcon_core.package_identification:_identify(mars_website/node_modules/bson/src/parser/on_demand) by extension 'ignore'
[15.582s] Level 1:colcon.colcon_core.package_identification:_identify(mars_website/node_modules/bson/src/parser/on_demand) by extension 'ignore_ament_install'
[15.582s] Level 1:colcon.colcon_core.package_identification:_identify(mars_website/node_modules/bson/src/parser/on_demand) by extensions ['colcon_pkg']
[15.582s] Level 1:colcon.colcon_core.package_identification:_identify(mars_website/node_modules/bson/src/parser/on_demand) by extension 'colcon_pkg'
[15.582s] Level 1:colcon.colcon_core.package_identification:_identify(mars_website/node_modules/bson/src/parser/on_demand) by extensions ['colcon_meta']
[15.582s] Level 1:colcon.colcon_core.package_identification:_identify(mars_website/node_modules/bson/src/parser/on_demand) by extension 'colcon_meta'
[15.582s] Level 1:colcon.colcon_core.package_identification:_identify(mars_website/node_modules/bson/src/parser/on_demand) by extensions ['ros']
[15.582s] Level 1:colcon.colcon_core.package_identification:_identify(mars_website/node_modules/bson/src/parser/on_demand) by extension 'ros'
[15.582s] Level 1:colcon.colcon_core.package_identification:_identify(mars_website/node_modules/bson/src/parser/on_demand) by extensions ['cmake', 'python']
[15.582s] Level 1:colcon.colcon_core.package_identification:_identify(mars_website/node_modules/bson/src/parser/on_demand) by extension 'cmake'
[15.582s] Level 1:colcon.colcon_core.package_identification:_identify(mars_website/node_modules/bson/src/parser/on_demand) by extension 'python'
[15.582s] Level 1:colcon.colcon_core.package_identification:_identify(mars_website/node_modules/bson/src/parser/on_demand) by extensions ['python_setup_py']
[15.582s] Level 1:colcon.colcon_core.package_identification:_identify(mars_website/node_modules/bson/src/parser/on_demand) by extension 'python_setup_py'
[15.582s] Level 1:colcon.colcon_core.package_identification:_identify(mars_website/node_modules/bson/src/utils) by extensions ['ignore', 'ignore_ament_install']
[15.582s] Level 1:colcon.colcon_core.package_identification:_identify(mars_website/node_modules/bson/src/utils) by extension 'ignore'
[15.582s] Level 1:colcon.colcon_core.package_identification:_identify(mars_website/node_modules/bson/src/utils) by extension 'ignore_ament_install'
[15.582s] Level 1:colcon.colcon_core.package_identification:_identify(mars_website/node_modules/bson/src/utils) by extensions ['colcon_pkg']
[15.582s] Level 1:colcon.colcon_core.package_identification:_identify(mars_website/node_modules/bson/src/utils) by extension 'colcon_pkg'
[15.582s] Level 1:colcon.colcon_core.package_identification:_identify(mars_website/node_modules/bson/src/utils) by extensions ['colcon_meta']
[15.582s] Level 1:colcon.colcon_core.package_identification:_identify(mars_website/node_modules/bson/src/utils) by extension 'colcon_meta'
[15.582s] Level 1:colcon.colcon_core.package_identification:_identify(mars_website/node_modules/bson/src/utils) by extensions ['ros']
[15.582s] Level 1:colcon.colcon_core.package_identification:_identify(mars_website/node_modules/bson/src/utils) by extension 'ros'
[15.582s] Level 1:colcon.colcon_core.package_identification:_identify(mars_website/node_modules/bson/src/utils) by extensions ['cmake', 'python']
[15.582s] Level 1:colcon.colcon_core.package_identification:_identify(mars_website/node_modules/bson/src/utils) by extension 'cmake'
[15.582s] Level 1:colcon.colcon_core.package_identification:_identify(mars_website/node_modules/bson/src/utils) by extension 'python'
[15.582s] Level 1:colcon.colcon_core.package_identification:_identify(mars_website/node_modules/bson/src/utils) by extensions ['python_setup_py']
[15.582s] Level 1:colcon.colcon_core.package_identification:_identify(mars_website/node_modules/bson/src/utils) by extension 'python_setup_py'
[15.583s] Level 1:colcon.colcon_core.package_identification:_identify(mars_website/node_modules/memory-pager) by extensions ['ignore', 'ignore_ament_install']
[15.583s] Level 1:colcon.colcon_core.package_identification:_identify(mars_website/node_modules/memory-pager) by extension 'ignore'
[15.583s] Level 1:colcon.colcon_core.package_identification:_identify(mars_website/node_modules/memory-pager) by extension 'ignore_ament_install'
[15.583s] Level 1:colcon.colcon_core.package_identification:_identify(mars_website/node_modules/memory-pager) by extensions ['colcon_pkg']
[15.583s] Level 1:colcon.colcon_core.package_identification:_identify(mars_website/node_modules/memory-pager) by extension 'colcon_pkg'
[15.583s] Level 1:colcon.colcon_core.package_identification:_identify(mars_website/node_modules/memory-pager) by extensions ['colcon_meta']
[15.583s] Level 1:colcon.colcon_core.package_identification:_identify(mars_website/node_modules/memory-pager) by extension 'colcon_meta'
[15.583s] Level 1:colcon.colcon_core.package_identification:_identify(mars_website/node_modules/memory-pager) by extensions ['ros']
[15.583s] Level 1:colcon.colcon_core.package_identification:_identify(mars_website/node_modules/memory-pager) by extension 'ros'
[15.583s] Level 1:colcon.colcon_core.package_identification:_identify(mars_website/node_modules/memory-pager) by extensions ['cmake', 'python']
[15.583s] Level 1:colcon.colcon_core.package_identification:_identify(mars_website/node_modules/memory-pager) by extension 'cmake'
[15.583s] Level 1:colcon.colcon_core.package_identification:_identify(mars_website/node_modules/memory-pager) by extension 'python'
[15.583s] Level 1:colcon.colcon_core.package_identification:_identify(mars_website/node_modules/memory-pager) by extensions ['python_setup_py']
[15.583s] Level 1:colcon.colcon_core.package_identification:_identify(mars_website/node_modules/memory-pager) by extension 'python_setup_py'
[15.583s] Level 1:colcon.colcon_core.package_identification:_identify(mars_website/node_modules/mongodb) by extensions ['ignore', 'ignore_ament_install']
[15.583s] Level 1:colcon.colcon_core.package_identification:_identify(mars_website/node_modules/mongodb) by extension 'ignore'
[15.583s] Level 1:colcon.colcon_core.package_identification:_identify(mars_website/node_modules/mongodb) by extension 'ignore_ament_install'
[15.583s] Level 1:colcon.colcon_core.package_identification:_identify(mars_website/node_modules/mongodb) by extensions ['colcon_pkg']
[15.583s] Level 1:colcon.colcon_core.package_identification:_identify(mars_website/node_modules/mongodb) by extension 'colcon_pkg'
[15.583s] Level 1:colcon.colcon_core.package_identification:_identify(mars_website/node_modules/mongodb) by extensions ['colcon_meta']
[15.583s] Level 1:colcon.colcon_core.package_identification:_identify(mars_website/node_modules/mongodb) by extension 'colcon_meta'
[15.583s] Level 1:colcon.colcon_core.package_identification:_identify(mars_website/node_modules/mongodb) by extensions ['ros']
[15.583s] Level 1:colcon.colcon_core.package_identification:_identify(mars_website/node_modules/mongodb) by extension 'ros'
[15.583s] Level 1:colcon.colcon_core.package_identification:_identify(mars_website/node_modules/mongodb) by extensions ['cmake', 'python']
[15.583s] Level 1:colcon.colcon_core.package_identification:_identify(mars_website/node_modules/mongodb) by extension 'cmake'
[15.583s] Level 1:colcon.colcon_core.package_identification:_identify(mars_website/node_modules/mongodb) by extension 'python'
[15.583s] Level 1:colcon.colcon_core.package_identification:_identify(mars_website/node_modules/mongodb) by extensions ['python_setup_py']
[15.583s] Level 1:colcon.colcon_core.package_identification:_identify(mars_website/node_modules/mongodb) by extension 'python_setup_py'
[15.612s] Level 1:colcon.colcon_core.package_identification:_identify(mars_website/node_modules/mongodb/etc) by extensions ['ignore', 'ignore_ament_install']
[15.612s] Level 1:colcon.colcon_core.package_identification:_identify(mars_website/node_modules/mongodb/etc) by extension 'ignore'
[15.612s] Level 1:colcon.colcon_core.package_identification:_identify(mars_website/node_modules/mongodb/etc) by extension 'ignore_ament_install'
[15.613s] Level 1:colcon.colcon_core.package_identification:_identify(mars_website/node_modules/mongodb/etc) by extensions ['colcon_pkg']
[15.613s] Level 1:colcon.colcon_core.package_identification:_identify(mars_website/node_modules/mongodb/etc) by extension 'colcon_pkg'
[15.613s] Level 1:colcon.colcon_core.package_identification:_identify(mars_website/node_modules/mongodb/etc) by extensions ['colcon_meta']
[15.613s] Level 1:colcon.colcon_core.package_identification:_identify(mars_website/node_modules/mongodb/etc) by extension 'colcon_meta'
[15.613s] Level 1:colcon.colcon_core.package_identification:_identify(mars_website/node_modules/mongodb/etc) by extensions ['ros']
[15.613s] Level 1:colcon.colcon_core.package_identification:_identify(mars_website/node_modules/mongodb/etc) by extension 'ros'
[15.613s] Level 1:colcon.colcon_core.package_identification:_identify(mars_website/node_modules/mongodb/etc) by extensions ['cmake', 'python']
[15.613s] Level 1:colcon.colcon_core.package_identification:_identify(mars_website/node_modules/mongodb/etc) by extension 'cmake'
[15.613s] Level 1:colcon.colcon_core.package_identification:_identify(mars_website/node_modules/mongodb/etc) by extension 'python'
[15.613s] Level 1:colcon.colcon_core.package_identification:_identify(mars_website/node_modules/mongodb/etc) by extensions ['python_setup_py']
[15.613s] Level 1:colcon.colcon_core.package_identification:_identify(mars_website/node_modules/mongodb/etc) by extension 'python_setup_py'
[15.642s] Level 1:colcon.colcon_core.package_identification:_identify(mars_website/node_modules/mongodb/lib) by extensions ['ignore', 'ignore_ament_install']
[15.642s] Level 1:colcon.colcon_core.package_identification:_identify(mars_website/node_modules/mongodb/lib) by extension 'ignore'
[15.642s] Level 1:colcon.colcon_core.package_identification:_identify(mars_website/node_modules/mongodb/lib) by extension 'ignore_ament_install'
[15.643s] Level 1:colcon.colcon_core.package_identification:_identify(mars_website/node_modules/mongodb/lib) by extensions ['colcon_pkg']
[15.643s] Level 1:colcon.colcon_core.package_identification:_identify(mars_website/node_modules/mongodb/lib) by extension 'colcon_pkg'
[15.643s] Level 1:colcon.colcon_core.package_identification:_identify(mars_website/node_modules/mongodb/lib) by extensions ['colcon_meta']
[15.643s] Level 1:colcon.colcon_core.package_identification:_identify(mars_website/node_modules/mongodb/lib) by extension 'colcon_meta'
[15.643s] Level 1:colcon.colcon_core.package_identification:_identify(mars_website/node_modules/mongodb/lib) by extensions ['ros']
[15.643s] Level 1:colcon.colcon_core.package_identification:_identify(mars_website/node_modules/mongodb/lib) by extension 'ros'
[15.643s] Level 1:colcon.colcon_core.package_identification:_identify(mars_website/node_modules/mongodb/lib) by extensions ['cmake', 'python']
[15.643s] Level 1:colcon.colcon_core.package_identification:_identify(mars_website/node_modules/mongodb/lib) by extension 'cmake'
[15.643s] Level 1:colcon.colcon_core.package_identification:_identify(mars_website/node_modules/mongodb/lib) by extension 'python'
[15.643s] Level 1:colcon.colcon_core.package_identification:_identify(mars_website/node_modules/mongodb/lib) by extensions ['python_setup_py']
[15.643s] Level 1:colcon.colcon_core.package_identification:_identify(mars_website/node_modules/mongodb/lib) by extension 'python_setup_py'
[15.644s] Level 1:colcon.colcon_core.package_identification:_identify(mars_website/node_modules/mongodb/lib/bulk) by extensions ['ignore', 'ignore_ament_install']
[15.644s] Level 1:colcon.colcon_core.package_identification:_identify(mars_website/node_modules/mongodb/lib/bulk) by extension 'ignore'
[15.644s] Level 1:colcon.colcon_core.package_identification:_identify(mars_website/node_modules/mongodb/lib/bulk) by extension 'ignore_ament_install'
[15.644s] Level 1:colcon.colcon_core.package_identification:_identify(mars_website/node_modules/mongodb/lib/bulk) by extensions ['colcon_pkg']
[15.644s] Level 1:colcon.colcon_core.package_identification:_identify(mars_website/node_modules/mongodb/lib/bulk) by extension 'colcon_pkg'
[15.644s] Level 1:colcon.colcon_core.package_identification:_identify(mars_website/node_modules/mongodb/lib/bulk) by extensions ['colcon_meta']
[15.644s] Level 1:colcon.colcon_core.package_identification:_identify(mars_website/node_modules/mongodb/lib/bulk) by extension 'colcon_meta'
[15.644s] Level 1:colcon.colcon_core.package_identification:_identify(mars_website/node_modules/mongodb/lib/bulk) by extensions ['ros']
[15.644s] Level 1:colcon.colcon_core.package_identification:_identify(mars_website/node_modules/mongodb/lib/bulk) by extension 'ros'
[15.644s] Level 1:colcon.colcon_core.package_identification:_identify(mars_website/node_modules/mongodb/lib/bulk) by extensions ['cmake', 'python']
[15.644s] Level 1:colcon.colcon_core.package_identification:_identify(mars_website/node_modules/mongodb/lib/bulk) by extension 'cmake'
[15.644s] Level 1:colcon.colcon_core.package_identification:_identify(mars_website/node_modules/mongodb/lib/bulk) by extension 'python'
[15.644s] Level 1:colcon.colcon_core.package_identification:_identify(mars_website/node_modules/mongodb/lib/bulk) by extensions ['python_setup_py']
[15.644s] Level 1:colcon.colcon_core.package_identification:_identify(mars_website/node_modules/mongodb/lib/bulk) by extension 'python_setup_py'
[15.645s] Level 1:colcon.colcon_core.package_identification:_identify(mars_website/node_modules/mongodb/lib/client-side-encryption) by extensions ['ignore', 'ignore_ament_install']
[15.645s] Level 1:colcon.colcon_core.package_identification:_identify(mars_website/node_modules/mongodb/lib/client-side-encryption) by extension 'ignore'
[15.645s] Level 1:colcon.colcon_core.package_identification:_identify(mars_website/node_modules/mongodb/lib/client-side-encryption) by extension 'ignore_ament_install'
[15.645s] Level 1:colcon.colcon_core.package_identification:_identify(mars_website/node_modules/mongodb/lib/client-side-encryption) by extensions ['colcon_pkg']
[15.645s] Level 1:colcon.colcon_core.package_identification:_identify(mars_website/node_modules/mongodb/lib/client-side-encryption) by extension 'colcon_pkg'
[15.645s] Level 1:colcon.colcon_core.package_identification:_identify(mars_website/node_modules/mongodb/lib/client-side-encryption) by extensions ['colcon_meta']
[15.645s] Level 1:colcon.colcon_core.package_identification:_identify(mars_website/node_modules/mongodb/lib/client-side-encryption) by extension 'colcon_meta'
[15.645s] Level 1:colcon.colcon_core.package_identification:_identify(mars_website/node_modules/mongodb/lib/client-side-encryption) by extensions ['ros']
[15.645s] Level 1:colcon.colcon_core.package_identification:_identify(mars_website/node_modules/mongodb/lib/client-side-encryption) by extension 'ros'
[15.645s] Level 1:colcon.colcon_core.package_identification:_identify(mars_website/node_modules/mongodb/lib/client-side-encryption) by extensions ['cmake', 'python']
[15.645s] Level 1:colcon.colcon_core.package_identification:_identify(mars_website/node_modules/mongodb/lib/client-side-encryption) by extension 'cmake'
[15.645s] Level 1:colcon.colcon_core.package_identification:_identify(mars_website/node_modules/mongodb/lib/client-side-encryption) by extension 'python'
[15.645s] Level 1:colcon.colcon_core.package_identification:_identify(mars_website/node_modules/mongodb/lib/client-side-encryption) by extensions ['python_setup_py']
[15.645s] Level 1:colcon.colcon_core.package_identification:_identify(mars_website/node_modules/mongodb/lib/client-side-encryption) by extension 'python_setup_py'
[15.646s] Level 1:colcon.colcon_core.package_identification:_identify(mars_website/node_modules/mongodb/lib/client-side-encryption/providers) by extensions ['ignore', 'ignore_ament_install']
[15.646s] Level 1:colcon.colcon_core.package_identification:_identify(mars_website/node_modules/mongodb/lib/client-side-encryption/providers) by extension 'ignore'
[15.646s] Level 1:colcon.colcon_core.package_identification:_identify(mars_website/node_modules/mongodb/lib/client-side-encryption/providers) by extension 'ignore_ament_install'
[15.646s] Level 1:colcon.colcon_core.package_identification:_identify(mars_website/node_modules/mongodb/lib/client-side-encryption/providers) by extensions ['colcon_pkg']
[15.646s] Level 1:colcon.colcon_core.package_identification:_identify(mars_website/node_modules/mongodb/lib/client-side-encryption/providers) by extension 'colcon_pkg'
[15.646s] Level 1:colcon.colcon_core.package_identification:_identify(mars_website/node_modules/mongodb/lib/client-side-encryption/providers) by extensions ['colcon_meta']
[15.646s] Level 1:colcon.colcon_core.package_identification:_identify(mars_website/node_modules/mongodb/lib/client-side-encryption/providers) by extension 'colcon_meta'
[15.646s] Level 1:colcon.colcon_core.package_identification:_identify(mars_website/node_modules/mongodb/lib/client-side-encryption/providers) by extensions ['ros']
[15.646s] Level 1:colcon.colcon_core.package_identification:_identify(mars_website/node_modules/mongodb/lib/client-side-encryption/providers) by extension 'ros'
[15.646s] Level 1:colcon.colcon_core.package_identification:_identify(mars_website/node_modules/mongodb/lib/client-side-encryption/providers) by extensions ['cmake', 'python']
[15.646s] Level 1:colcon.colcon_core.package_identification:_identify(mars_website/node_modules/mongodb/lib/client-side-encryption/providers) by extension 'cmake'
[15.646s] Level 1:colcon.colcon_core.package_identification:_identify(mars_website/node_modules/mongodb/lib/client-side-encryption/providers) by extension 'python'
[15.646s] Level 1:colcon.colcon_core.package_identification:_identify(mars_website/node_modules/mongodb/lib/client-side-encryption/providers) by extensions ['python_setup_py']
[15.646s] Level 1:colcon.colcon_core.package_identification:_identify(mars_website/node_modules/mongodb/lib/client-side-encryption/providers) by extension 'python_setup_py'
[15.647s] Level 1:colcon.colcon_core.package_identification:_identify(mars_website/node_modules/mongodb/lib/cmap) by extensions ['ignore', 'ignore_ament_install']
[15.647s] Level 1:colcon.colcon_core.package_identification:_identify(mars_website/node_modules/mongodb/lib/cmap) by extension 'ignore'
[15.647s] Level 1:colcon.colcon_core.package_identification:_identify(mars_website/node_modules/mongodb/lib/cmap) by extension 'ignore_ament_install'
[15.647s] Level 1:colcon.colcon_core.package_identification:_identify(mars_website/node_modules/mongodb/lib/cmap) by extensions ['colcon_pkg']
[15.647s] Level 1:colcon.colcon_core.package_identification:_identify(mars_website/node_modules/mongodb/lib/cmap) by extension 'colcon_pkg'
[15.647s] Level 1:colcon.colcon_core.package_identification:_identify(mars_website/node_modules/mongodb/lib/cmap) by extensions ['colcon_meta']
[15.647s] Level 1:colcon.colcon_core.package_identification:_identify(mars_website/node_modules/mongodb/lib/cmap) by extension 'colcon_meta'
[15.647s] Level 1:colcon.colcon_core.package_identification:_identify(mars_website/node_modules/mongodb/lib/cmap) by extensions ['ros']
[15.647s] Level 1:colcon.colcon_core.package_identification:_identify(mars_website/node_modules/mongodb/lib/cmap) by extension 'ros'
[15.647s] Level 1:colcon.colcon_core.package_identification:_identify(mars_website/node_modules/mongodb/lib/cmap) by extensions ['cmake', 'python']
[15.647s] Level 1:colcon.colcon_core.package_identification:_identify(mars_website/node_modules/mongodb/lib/cmap) by extension 'cmake'
[15.647s] Level 1:colcon.colcon_core.package_identification:_identify(mars_website/node_modules/mongodb/lib/cmap) by extension 'python'
[15.647s] Level 1:colcon.colcon_core.package_identification:_identify(mars_website/node_modules/mongodb/lib/cmap) by extensions ['python_setup_py']
[15.647s] Level 1:colcon.colcon_core.package_identification:_identify(mars_website/node_modules/mongodb/lib/cmap) by extension 'python_setup_py'
[15.648s] Level 1:colcon.colcon_core.package_identification:_identify(mars_website/node_modules/mongodb/lib/cmap/auth) by extensions ['ignore', 'ignore_ament_install']
[15.648s] Level 1:colcon.colcon_core.package_identification:_identify(mars_website/node_modules/mongodb/lib/cmap/auth) by extension 'ignore'
[15.648s] Level 1:colcon.colcon_core.package_identification:_identify(mars_website/node_modules/mongodb/lib/cmap/auth) by extension 'ignore_ament_install'
[15.648s] Level 1:colcon.colcon_core.package_identification:_identify(mars_website/node_modules/mongodb/lib/cmap/auth) by extensions ['colcon_pkg']
[15.648s] Level 1:colcon.colcon_core.package_identification:_identify(mars_website/node_modules/mongodb/lib/cmap/auth) by extension 'colcon_pkg'
[15.648s] Level 1:colcon.colcon_core.package_identification:_identify(mars_website/node_modules/mongodb/lib/cmap/auth) by extensions ['colcon_meta']
[15.648s] Level 1:colcon.colcon_core.package_identification:_identify(mars_website/node_modules/mongodb/lib/cmap/auth) by extension 'colcon_meta'
[15.648s] Level 1:colcon.colcon_core.package_identification:_identify(mars_website/node_modules/mongodb/lib/cmap/auth) by extensions ['ros']
[15.648s] Level 1:colcon.colcon_core.package_identification:_identify(mars_website/node_modules/mongodb/lib/cmap/auth) by extension 'ros'
[15.648s] Level 1:colcon.colcon_core.package_identification:_identify(mars_website/node_modules/mongodb/lib/cmap/auth) by extensions ['cmake', 'python']
[15.648s] Level 1:colcon.colcon_core.package_identification:_identify(mars_website/node_modules/mongodb/lib/cmap/auth) by extension 'cmake'
[15.648s] Level 1:colcon.colcon_core.package_identification:_identify(mars_website/node_modules/mongodb/lib/cmap/auth) by extension 'python'
[15.648s] Level 1:colcon.colcon_core.package_identification:_identify(mars_website/node_modules/mongodb/lib/cmap/auth) by extensions ['python_setup_py']
[15.648s] Level 1:colcon.colcon_core.package_identification:_identify(mars_website/node_modules/mongodb/lib/cmap/auth) by extension 'python_setup_py'
[15.649s] Level 1:colcon.colcon_core.package_identification:_identify(mars_website/node_modules/mongodb/lib/cmap/auth/mongodb_oidc) by extensions ['ignore', 'ignore_ament_install']
[15.649s] Level 1:colcon.colcon_core.package_identification:_identify(mars_website/node_modules/mongodb/lib/cmap/auth/mongodb_oidc) by extension 'ignore'
[15.649s] Level 1:colcon.colcon_core.package_identification:_identify(mars_website/node_modules/mongodb/lib/cmap/auth/mongodb_oidc) by extension 'ignore_ament_install'
[15.649s] Level 1:colcon.colcon_core.package_identification:_identify(mars_website/node_modules/mongodb/lib/cmap/auth/mongodb_oidc) by extensions ['colcon_pkg']
[15.649s] Level 1:colcon.colcon_core.package_identification:_identify(mars_website/node_modules/mongodb/lib/cmap/auth/mongodb_oidc) by extension 'colcon_pkg'
[15.649s] Level 1:colcon.colcon_core.package_identification:_identify(mars_website/node_modules/mongodb/lib/cmap/auth/mongodb_oidc) by extensions ['colcon_meta']
[15.649s] Level 1:colcon.colcon_core.package_identification:_identify(mars_website/node_modules/mongodb/lib/cmap/auth/mongodb_oidc) by extension 'colcon_meta'
[15.649s] Level 1:colcon.colcon_core.package_identification:_identify(mars_website/node_modules/mongodb/lib/cmap/auth/mongodb_oidc) by extensions ['ros']
[15.649s] Level 1:colcon.colcon_core.package_identification:_identify(mars_website/node_modules/mongodb/lib/cmap/auth/mongodb_oidc) by extension 'ros'
[15.649s] Level 1:colcon.colcon_core.package_identification:_identify(mars_website/node_modules/mongodb/lib/cmap/auth/mongodb_oidc) by extensions ['cmake', 'python']
[15.649s] Level 1:colcon.colcon_core.package_identification:_identify(mars_website/node_modules/mongodb/lib/cmap/auth/mongodb_oidc) by extension 'cmake'
[15.649s] Level 1:colcon.colcon_core.package_identification:_identify(mars_website/node_modules/mongodb/lib/cmap/auth/mongodb_oidc) by extension 'python'
[15.649s] Level 1:colcon.colcon_core.package_identification:_identify(mars_website/node_modules/mongodb/lib/cmap/auth/mongodb_oidc) by extensions ['python_setup_py']
[15.649s] Level 1:colcon.colcon_core.package_identification:_identify(mars_website/node_modules/mongodb/lib/cmap/auth/mongodb_oidc) by extension 'python_setup_py'
[15.649s] Level 1:colcon.colcon_core.package_identification:_identify(mars_website/node_modules/mongodb/lib/cmap/handshake) by extensions ['ignore', 'ignore_ament_install']
[15.650s] Level 1:colcon.colcon_core.package_identification:_identify(mars_website/node_modules/mongodb/lib/cmap/handshake) by extension 'ignore'
[15.650s] Level 1:colcon.colcon_core.package_identification:_identify(mars_website/node_modules/mongodb/lib/cmap/handshake) by extension 'ignore_ament_install'
[15.650s] Level 1:colcon.colcon_core.package_identification:_identify(mars_website/node_modules/mongodb/lib/cmap/handshake) by extensions ['colcon_pkg']
[15.650s] Level 1:colcon.colcon_core.package_identification:_identify(mars_website/node_modules/mongodb/lib/cmap/handshake) by extension 'colcon_pkg'
[15.650s] Level 1:colcon.colcon_core.package_identification:_identify(mars_website/node_modules/mongodb/lib/cmap/handshake) by extensions ['colcon_meta']
[15.650s] Level 1:colcon.colcon_core.package_identification:_identify(mars_website/node_modules/mongodb/lib/cmap/handshake) by extension 'colcon_meta'
[15.650s] Level 1:colcon.colcon_core.package_identification:_identify(mars_website/node_modules/mongodb/lib/cmap/handshake) by extensions ['ros']
[15.650s] Level 1:colcon.colcon_core.package_identification:_identify(mars_website/node_modules/mongodb/lib/cmap/handshake) by extension 'ros'
[15.650s] Level 1:colcon.colcon_core.package_identification:_identify(mars_website/node_modules/mongodb/lib/cmap/handshake) by extensions ['cmake', 'python']
[15.650s] Level 1:colcon.colcon_core.package_identification:_identify(mars_website/node_modules/mongodb/lib/cmap/handshake) by extension 'cmake'
[15.650s] Level 1:colcon.colcon_core.package_identification:_identify(mars_website/node_modules/mongodb/lib/cmap/handshake) by extension 'python'
[15.650s] Level 1:colcon.colcon_core.package_identification:_identify(mars_website/node_modules/mongodb/lib/cmap/handshake) by extensions ['python_setup_py']
[15.650s] Level 1:colcon.colcon_core.package_identification:_identify(mars_website/node_modules/mongodb/lib/cmap/handshake) by extension 'python_setup_py'
[15.692s] Level 1:colcon.colcon_core.package_identification:_identify(mars_website/node_modules/mongodb/lib/cmap/wire_protocol) by extensions ['ignore', 'ignore_ament_install']
[15.693s] Level 1:colcon.colcon_core.package_identification:_identify(mars_website/node_modules/mongodb/lib/cmap/wire_protocol) by extension 'ignore'
[15.693s] Level 1:colcon.colcon_core.package_identification:_identify(mars_website/node_modules/mongodb/lib/cmap/wire_protocol) by extension 'ignore_ament_install'
[15.693s] Level 1:colcon.colcon_core.package_identification:_identify(mars_website/node_modules/mongodb/lib/cmap/wire_protocol) by extensions ['colcon_pkg']
[15.693s] Level 1:colcon.colcon_core.package_identification:_identify(mars_website/node_modules/mongodb/lib/cmap/wire_protocol) by extension 'colcon_pkg'
[15.693s] Level 1:colcon.colcon_core.package_identification:_identify(mars_website/node_modules/mongodb/lib/cmap/wire_protocol) by extensions ['colcon_meta']
[15.693s] Level 1:colcon.colcon_core.package_identification:_identify(mars_website/node_modules/mongodb/lib/cmap/wire_protocol) by extension 'colcon_meta'
[15.693s] Level 1:colcon.colcon_core.package_identification:_identify(mars_website/node_modules/mongodb/lib/cmap/wire_protocol) by extensions ['ros']
[15.693s] Level 1:colcon.colcon_core.package_identification:_identify(mars_website/node_modules/mongodb/lib/cmap/wire_protocol) by extension 'ros'
[15.693s] Level 1:colcon.colcon_core.package_identification:_identify(mars_website/node_modules/mongodb/lib/cmap/wire_protocol) by extensions ['cmake', 'python']
[15.693s] Level 1:colcon.colcon_core.package_identification:_identify(mars_website/node_modules/mongodb/lib/cmap/wire_protocol) by extension 'cmake'
[15.693s] Level 1:colcon.colcon_core.package_identification:_identify(mars_website/node_modules/mongodb/lib/cmap/wire_protocol) by extension 'python'
[15.693s] Level 1:colcon.colcon_core.package_identification:_identify(mars_website/node_modules/mongodb/lib/cmap/wire_protocol) by extensions ['python_setup_py']
[15.693s] Level 1:colcon.colcon_core.package_identification:_identify(mars_website/node_modules/mongodb/lib/cmap/wire_protocol) by extension 'python_setup_py'
[15.694s] Level 1:colcon.colcon_core.package_identification:_identify(mars_website/node_modules/mongodb/lib/cmap/wire_protocol/on_demand) by extensions ['ignore', 'ignore_ament_install']
[15.694s] Level 1:colcon.colcon_core.package_identification:_identify(mars_website/node_modules/mongodb/lib/cmap/wire_protocol/on_demand) by extension 'ignore'
[15.694s] Level 1:colcon.colcon_core.package_identification:_identify(mars_website/node_modules/mongodb/lib/cmap/wire_protocol/on_demand) by extension 'ignore_ament_install'
[15.694s] Level 1:colcon.colcon_core.package_identification:_identify(mars_website/node_modules/mongodb/lib/cmap/wire_protocol/on_demand) by extensions ['colcon_pkg']
[15.694s] Level 1:colcon.colcon_core.package_identification:_identify(mars_website/node_modules/mongodb/lib/cmap/wire_protocol/on_demand) by extension 'colcon_pkg'
[15.694s] Level 1:colcon.colcon_core.package_identification:_identify(mars_website/node_modules/mongodb/lib/cmap/wire_protocol/on_demand) by extensions ['colcon_meta']
[15.694s] Level 1:colcon.colcon_core.package_identification:_identify(mars_website/node_modules/mongodb/lib/cmap/wire_protocol/on_demand) by extension 'colcon_meta'
[15.694s] Level 1:colcon.colcon_core.package_identification:_identify(mars_website/node_modules/mongodb/lib/cmap/wire_protocol/on_demand) by extensions ['ros']
[15.694s] Level 1:colcon.colcon_core.package_identification:_identify(mars_website/node_modules/mongodb/lib/cmap/wire_protocol/on_demand) by extension 'ros'
[15.694s] Level 1:colcon.colcon_core.package_identification:_identify(mars_website/node_modules/mongodb/lib/cmap/wire_protocol/on_demand) by extensions ['cmake', 'python']
[15.694s] Level 1:colcon.colcon_core.package_identification:_identify(mars_website/node_modules/mongodb/lib/cmap/wire_protocol/on_demand) by extension 'cmake'
[15.694s] Level 1:colcon.colcon_core.package_identification:_identify(mars_website/node_modules/mongodb/lib/cmap/wire_protocol/on_demand) by extension 'python'
[15.694s] Level 1:colcon.colcon_core.package_identification:_identify(mars_website/node_modules/mongodb/lib/cmap/wire_protocol/on_demand) by extensions ['python_setup_py']
[15.694s] Level 1:colcon.colcon_core.package_identification:_identify(mars_website/node_modules/mongodb/lib/cmap/wire_protocol/on_demand) by extension 'python_setup_py'
[15.695s] Level 1:colcon.colcon_core.package_identification:_identify(mars_website/node_modules/mongodb/lib/cursor) by extensions ['ignore', 'ignore_ament_install']
[15.695s] Level 1:colcon.colcon_core.package_identification:_identify(mars_website/node_modules/mongodb/lib/cursor) by extension 'ignore'
[15.695s] Level 1:colcon.colcon_core.package_identification:_identify(mars_website/node_modules/mongodb/lib/cursor) by extension 'ignore_ament_install'
[15.695s] Level 1:colcon.colcon_core.package_identification:_identify(mars_website/node_modules/mongodb/lib/cursor) by extensions ['colcon_pkg']
[15.695s] Level 1:colcon.colcon_core.package_identification:_identify(mars_website/node_modules/mongodb/lib/cursor) by extension 'colcon_pkg'
[15.695s] Level 1:colcon.colcon_core.package_identification:_identify(mars_website/node_modules/mongodb/lib/cursor) by extensions ['colcon_meta']
[15.695s] Level 1:colcon.colcon_core.package_identification:_identify(mars_website/node_modules/mongodb/lib/cursor) by extension 'colcon_meta'
[15.695s] Level 1:colcon.colcon_core.package_identification:_identify(mars_website/node_modules/mongodb/lib/cursor) by extensions ['ros']
[15.695s] Level 1:colcon.colcon_core.package_identification:_identify(mars_website/node_modules/mongodb/lib/cursor) by extension 'ros'
[15.695s] Level 1:colcon.colcon_core.package_identification:_identify(mars_website/node_modules/mongodb/lib/cursor) by extensions ['cmake', 'python']
[15.695s] Level 1:colcon.colcon_core.package_identification:_identify(mars_website/node_modules/mongodb/lib/cursor) by extension 'cmake'
[15.695s] Level 1:colcon.colcon_core.package_identification:_identify(mars_website/node_modules/mongodb/lib/cursor) by extension 'python'
[15.695s] Level 1:colcon.colcon_core.package_identification:_identify(mars_website/node_modules/mongodb/lib/cursor) by extensions ['python_setup_py']
[15.695s] Level 1:colcon.colcon_core.package_identification:_identify(mars_website/node_modules/mongodb/lib/cursor) by extension 'python_setup_py'
[15.696s] Level 1:colcon.colcon_core.package_identification:_identify(mars_website/node_modules/mongodb/lib/gridfs) by extensions ['ignore', 'ignore_ament_install']
[15.696s] Level 1:colcon.colcon_core.package_identification:_identify(mars_website/node_modules/mongodb/lib/gridfs) by extension 'ignore'
[15.696s] Level 1:colcon.colcon_core.package_identification:_identify(mars_website/node_modules/mongodb/lib/gridfs) by extension 'ignore_ament_install'
[15.696s] Level 1:colcon.colcon_core.package_identification:_identify(mars_website/node_modules/mongodb/lib/gridfs) by extensions ['colcon_pkg']
[15.696s] Level 1:colcon.colcon_core.package_identification:_identify(mars_website/node_modules/mongodb/lib/gridfs) by extension 'colcon_pkg'
[15.696s] Level 1:colcon.colcon_core.package_identification:_identify(mars_website/node_modules/mongodb/lib/gridfs) by extensions ['colcon_meta']
[15.696s] Level 1:colcon.colcon_core.package_identification:_identify(mars_website/node_modules/mongodb/lib/gridfs) by extension 'colcon_meta'
[15.696s] Level 1:colcon.colcon_core.package_identification:_identify(mars_website/node_modules/mongodb/lib/gridfs) by extensions ['ros']
[15.696s] Level 1:colcon.colcon_core.package_identification:_identify(mars_website/node_modules/mongodb/lib/gridfs) by extension 'ros'
[15.696s] Level 1:colcon.colcon_core.package_identification:_identify(mars_website/node_modules/mongodb/lib/gridfs) by extensions ['cmake', 'python']
[15.696s] Level 1:colcon.colcon_core.package_identification:_identify(mars_website/node_modules/mongodb/lib/gridfs) by extension 'cmake'
[15.696s] Level 1:colcon.colcon_core.package_identification:_identify(mars_website/node_modules/mongodb/lib/gridfs) by extension 'python'
[15.696s] Level 1:colcon.colcon_core.package_identification:_identify(mars_website/node_modules/mongodb/lib/gridfs) by extensions ['python_setup_py']
[15.696s] Level 1:colcon.colcon_core.package_identification:_identify(mars_website/node_modules/mongodb/lib/gridfs) by extension 'python_setup_py'
[15.697s] Level 1:colcon.colcon_core.package_identification:_identify(mars_website/node_modules/mongodb/lib/operations) by extensions ['ignore', 'ignore_ament_install']
[15.697s] Level 1:colcon.colcon_core.package_identification:_identify(mars_website/node_modules/mongodb/lib/operations) by extension 'ignore'
[15.697s] Level 1:colcon.colcon_core.package_identification:_identify(mars_website/node_modules/mongodb/lib/operations) by extension 'ignore_ament_install'
[15.697s] Level 1:colcon.colcon_core.package_identification:_identify(mars_website/node_modules/mongodb/lib/operations) by extensions ['colcon_pkg']
[15.697s] Level 1:colcon.colcon_core.package_identification:_identify(mars_website/node_modules/mongodb/lib/operations) by extension 'colcon_pkg'
[15.697s] Level 1:colcon.colcon_core.package_identification:_identify(mars_website/node_modules/mongodb/lib/operations) by extensions ['colcon_meta']
[15.697s] Level 1:colcon.colcon_core.package_identification:_identify(mars_website/node_modules/mongodb/lib/operations) by extension 'colcon_meta'
[15.697s] Level 1:colcon.colcon_core.package_identification:_identify(mars_website/node_modules/mongodb/lib/operations) by extensions ['ros']
[15.697s] Level 1:colcon.colcon_core.package_identification:_identify(mars_website/node_modules/mongodb/lib/operations) by extension 'ros'
[15.697s] Level 1:colcon.colcon_core.package_identification:_identify(mars_website/node_modules/mongodb/lib/operations) by extensions ['cmake', 'python']
[15.697s] Level 1:colcon.colcon_core.package_identification:_identify(mars_website/node_modules/mongodb/lib/operations) by extension 'cmake'
[15.697s] Level 1:colcon.colcon_core.package_identification:_identify(mars_website/node_modules/mongodb/lib/operations) by extension 'python'
[15.697s] Level 1:colcon.colcon_core.package_identification:_identify(mars_website/node_modules/mongodb/lib/operations) by extensions ['python_setup_py']
[15.697s] Level 1:colcon.colcon_core.package_identification:_identify(mars_website/node_modules/mongodb/lib/operations) by extension 'python_setup_py'
[15.697s] Level 1:colcon.colcon_core.package_identification:_identify(mars_website/node_modules/mongodb/lib/operations/client_bulk_write) by extensions ['ignore', 'ignore_ament_install']
[15.698s] Level 1:colcon.colcon_core.package_identification:_identify(mars_website/node_modules/mongodb/lib/operations/client_bulk_write) by extension 'ignore'
[15.698s] Level 1:colcon.colcon_core.package_identification:_identify(mars_website/node_modules/mongodb/lib/operations/client_bulk_write) by extension 'ignore_ament_install'
[15.698s] Level 1:colcon.colcon_core.package_identification:_identify(mars_website/node_modules/mongodb/lib/operations/client_bulk_write) by extensions ['colcon_pkg']
[15.698s] Level 1:colcon.colcon_core.package_identification:_identify(mars_website/node_modules/mongodb/lib/operations/client_bulk_write) by extension 'colcon_pkg'
[15.698s] Level 1:colcon.colcon_core.package_identification:_identify(mars_website/node_modules/mongodb/lib/operations/client_bulk_write) by extensions ['colcon_meta']
[15.698s] Level 1:colcon.colcon_core.package_identification:_identify(mars_website/node_modules/mongodb/lib/operations/client_bulk_write) by extension 'colcon_meta'
[15.698s] Level 1:colcon.colcon_core.package_identification:_identify(mars_website/node_modules/mongodb/lib/operations/client_bulk_write) by extensions ['ros']
[15.698s] Level 1:colcon.colcon_core.package_identification:_identify(mars_website/node_modules/mongodb/lib/operations/client_bulk_write) by extension 'ros'
[15.698s] Level 1:colcon.colcon_core.package_identification:_identify(mars_website/node_modules/mongodb/lib/operations/client_bulk_write) by extensions ['cmake', 'python']
[15.698s] Level 1:colcon.colcon_core.package_identification:_identify(mars_website/node_modules/mongodb/lib/operations/client_bulk_write) by extension 'cmake'
[15.698s] Level 1:colcon.colcon_core.package_identification:_identify(mars_website/node_modules/mongodb/lib/operations/client_bulk_write) by extension 'python'
[15.698s] Level 1:colcon.colcon_core.package_identification:_identify(mars_website/node_modules/mongodb/lib/operations/client_bulk_write) by extensions ['python_setup_py']
[15.698s] Level 1:colcon.colcon_core.package_identification:_identify(mars_website/node_modules/mongodb/lib/operations/client_bulk_write) by extension 'python_setup_py'
[15.698s] Level 1:colcon.colcon_core.package_identification:_identify(mars_website/node_modules/mongodb/lib/operations/search_indexes) by extensions ['ignore', 'ignore_ament_install']
[15.698s] Level 1:colcon.colcon_core.package_identification:_identify(mars_website/node_modules/mongodb/lib/operations/search_indexes) by extension 'ignore'
[15.698s] Level 1:colcon.colcon_core.package_identification:_identify(mars_website/node_modules/mongodb/lib/operations/search_indexes) by extension 'ignore_ament_install'
[15.699s] Level 1:colcon.colcon_core.package_identification:_identify(mars_website/node_modules/mongodb/lib/operations/search_indexes) by extensions ['colcon_pkg']
[15.699s] Level 1:colcon.colcon_core.package_identification:_identify(mars_website/node_modules/mongodb/lib/operations/search_indexes) by extension 'colcon_pkg'
[15.699s] Level 1:colcon.colcon_core.package_identification:_identify(mars_website/node_modules/mongodb/lib/operations/search_indexes) by extensions ['colcon_meta']
[15.699s] Level 1:colcon.colcon_core.package_identification:_identify(mars_website/node_modules/mongodb/lib/operations/search_indexes) by extension 'colcon_meta'
[15.699s] Level 1:colcon.colcon_core.package_identification:_identify(mars_website/node_modules/mongodb/lib/operations/search_indexes) by extensions ['ros']
[15.699s] Level 1:colcon.colcon_core.package_identification:_identify(mars_website/node_modules/mongodb/lib/operations/search_indexes) by extension 'ros'
[15.699s] Level 1:colcon.colcon_core.package_identification:_identify(mars_website/node_modules/mongodb/lib/operations/search_indexes) by extensions ['cmake', 'python']
[15.699s] Level 1:colcon.colcon_core.package_identification:_identify(mars_website/node_modules/mongodb/lib/operations/search_indexes) by extension 'cmake'
[15.699s] Level 1:colcon.colcon_core.package_identification:_identify(mars_website/node_modules/mongodb/lib/operations/search_indexes) by extension 'python'
[15.699s] Level 1:colcon.colcon_core.package_identification:_identify(mars_website/node_modules/mongodb/lib/operations/search_indexes) by extensions ['python_setup_py']
[15.699s] Level 1:colcon.colcon_core.package_identification:_identify(mars_website/node_modules/mongodb/lib/operations/search_indexes) by extension 'python_setup_py'
[15.699s] Level 1:colcon.colcon_core.package_identification:_identify(mars_website/node_modules/mongodb/lib/sdam) by extensions ['ignore', 'ignore_ament_install']
[15.699s] Level 1:colcon.colcon_core.package_identification:_identify(mars_website/node_modules/mongodb/lib/sdam) by extension 'ignore'
[15.699s] Level 1:colcon.colcon_core.package_identification:_identify(mars_website/node_modules/mongodb/lib/sdam) by extension 'ignore_ament_install'
[15.699s] Level 1:colcon.colcon_core.package_identification:_identify(mars_website/node_modules/mongodb/lib/sdam) by extensions ['colcon_pkg']
[15.699s] Level 1:colcon.colcon_core.package_identification:_identify(mars_website/node_modules/mongodb/lib/sdam) by extension 'colcon_pkg'
[15.699s] Level 1:colcon.colcon_core.package_identification:_identify(mars_website/node_modules/mongodb/lib/sdam) by extensions ['colcon_meta']
[15.699s] Level 1:colcon.colcon_core.package_identification:_identify(mars_website/node_modules/mongodb/lib/sdam) by extension 'colcon_meta'
[15.699s] Level 1:colcon.colcon_core.package_identification:_identify(mars_website/node_modules/mongodb/lib/sdam) by extensions ['ros']
[15.699s] Level 1:colcon.colcon_core.package_identification:_identify(mars_website/node_modules/mongodb/lib/sdam) by extension 'ros'
[15.700s] Level 1:colcon.colcon_core.package_identification:_identify(mars_website/node_modules/mongodb/lib/sdam) by extensions ['cmake', 'python']
[15.700s] Level 1:colcon.colcon_core.package_identification:_identify(mars_website/node_modules/mongodb/lib/sdam) by extension 'cmake'
[15.700s] Level 1:colcon.colcon_core.package_identification:_identify(mars_website/node_modules/mongodb/lib/sdam) by extension 'python'
[15.700s] Level 1:colcon.colcon_core.package_identification:_identify(mars_website/node_modules/mongodb/lib/sdam) by extensions ['python_setup_py']
[15.700s] Level 1:colcon.colcon_core.package_identification:_identify(mars_website/node_modules/mongodb/lib/sdam) by extension 'python_setup_py'
[15.700s] Level 1:colcon.colcon_core.package_identification:_identify(mars_website/node_modules/mongodb/src) by extensions ['ignore', 'ignore_ament_install']
[15.700s] Level 1:colcon.colcon_core.package_identification:_identify(mars_website/node_modules/mongodb/src) by extension 'ignore'
[15.700s] Level 1:colcon.colcon_core.package_identification:_identify(mars_website/node_modules/mongodb/src) by extension 'ignore_ament_install'
[15.700s] Level 1:colcon.colcon_core.package_identification:_identify(mars_website/node_modules/mongodb/src) by extensions ['colcon_pkg']
[15.700s] Level 1:colcon.colcon_core.package_identification:_identify(mars_website/node_modules/mongodb/src) by extension 'colcon_pkg'
[15.700s] Level 1:colcon.colcon_core.package_identification:_identify(mars_website/node_modules/mongodb/src) by extensions ['colcon_meta']
[15.700s] Level 1:colcon.colcon_core.package_identification:_identify(mars_website/node_modules/mongodb/src) by extension 'colcon_meta'
[15.700s] Level 1:colcon.colcon_core.package_identification:_identify(mars_website/node_modules/mongodb/src) by extensions ['ros']
[15.700s] Level 1:colcon.colcon_core.package_identification:_identify(mars_website/node_modules/mongodb/src) by extension 'ros'
[15.700s] Level 1:colcon.colcon_core.package_identification:_identify(mars_website/node_modules/mongodb/src) by extensions ['cmake', 'python']
[15.700s] Level 1:colcon.colcon_core.package_identification:_identify(mars_website/node_modules/mongodb/src) by extension 'cmake'
[15.700s] Level 1:colcon.colcon_core.package_identification:_identify(mars_website/node_modules/mongodb/src) by extension 'python'
[15.700s] Level 1:colcon.colcon_core.package_identification:_identify(mars_website/node_modules/mongodb/src) by extensions ['python_setup_py']
[15.700s] Level 1:colcon.colcon_core.package_identification:_identify(mars_website/node_modules/mongodb/src) by extension 'python_setup_py'
[15.701s] Level 1:colcon.colcon_core.package_identification:_identify(mars_website/node_modules/mongodb/src/bulk) by extensions ['ignore', 'ignore_ament_install']
[15.701s] Level 1:colcon.colcon_core.package_identification:_identify(mars_website/node_modules/mongodb/src/bulk) by extension 'ignore'
[15.701s] Level 1:colcon.colcon_core.package_identification:_identify(mars_website/node_modules/mongodb/src/bulk) by extension 'ignore_ament_install'
[15.701s] Level 1:colcon.colcon_core.package_identification:_identify(mars_website/node_modules/mongodb/src/bulk) by extensions ['colcon_pkg']
[15.701s] Level 1:colcon.colcon_core.package_identification:_identify(mars_website/node_modules/mongodb/src/bulk) by extension 'colcon_pkg'
[15.701s] Level 1:colcon.colcon_core.package_identification:_identify(mars_website/node_modules/mongodb/src/bulk) by extensions ['colcon_meta']
[15.701s] Level 1:colcon.colcon_core.package_identification:_identify(mars_website/node_modules/mongodb/src/bulk) by extension 'colcon_meta'
[15.701s] Level 1:colcon.colcon_core.package_identification:_identify(mars_website/node_modules/mongodb/src/bulk) by extensions ['ros']
[15.701s] Level 1:colcon.colcon_core.package_identification:_identify(mars_website/node_modules/mongodb/src/bulk) by extension 'ros'
[15.701s] Level 1:colcon.colcon_core.package_identification:_identify(mars_website/node_modules/mongodb/src/bulk) by extensions ['cmake', 'python']
[15.701s] Level 1:colcon.colcon_core.package_identification:_identify(mars_website/node_modules/mongodb/src/bulk) by extension 'cmake'
[15.701s] Level 1:colcon.colcon_core.package_identification:_identify(mars_website/node_modules/mongodb/src/bulk) by extension 'python'
[15.701s] Level 1:colcon.colcon_core.package_identification:_identify(mars_website/node_modules/mongodb/src/bulk) by extensions ['python_setup_py']
[15.701s] Level 1:colcon.colcon_core.package_identification:_identify(mars_website/node_modules/mongodb/src/bulk) by extension 'python_setup_py'
[15.701s] Level 1:colcon.colcon_core.package_identification:_identify(mars_website/node_modules/mongodb/src/client-side-encryption) by extensions ['ignore', 'ignore_ament_install']
[15.701s] Level 1:colcon.colcon_core.package_identification:_identify(mars_website/node_modules/mongodb/src/client-side-encryption) by extension 'ignore'
[15.701s] Level 1:colcon.colcon_core.package_identification:_identify(mars_website/node_modules/mongodb/src/client-side-encryption) by extension 'ignore_ament_install'
[15.702s] Level 1:colcon.colcon_core.package_identification:_identify(mars_website/node_modules/mongodb/src/client-side-encryption) by extensions ['colcon_pkg']
[15.702s] Level 1:colcon.colcon_core.package_identification:_identify(mars_website/node_modules/mongodb/src/client-side-encryption) by extension 'colcon_pkg'
[15.702s] Level 1:colcon.colcon_core.package_identification:_identify(mars_website/node_modules/mongodb/src/client-side-encryption) by extensions ['colcon_meta']
[15.702s] Level 1:colcon.colcon_core.package_identification:_identify(mars_website/node_modules/mongodb/src/client-side-encryption) by extension 'colcon_meta'
[15.702s] Level 1:colcon.colcon_core.package_identification:_identify(mars_website/node_modules/mongodb/src/client-side-encryption) by extensions ['ros']
[15.702s] Level 1:colcon.colcon_core.package_identification:_identify(mars_website/node_modules/mongodb/src/client-side-encryption) by extension 'ros'
[15.702s] Level 1:colcon.colcon_core.package_identification:_identify(mars_website/node_modules/mongodb/src/client-side-encryption) by extensions ['cmake', 'python']
[15.702s] Level 1:colcon.colcon_core.package_identification:_identify(mars_website/node_modules/mongodb/src/client-side-encryption) by extension 'cmake'
[15.702s] Level 1:colcon.colcon_core.package_identification:_identify(mars_website/node_modules/mongodb/src/client-side-encryption) by extension 'python'
[15.702s] Level 1:colcon.colcon_core.package_identification:_identify(mars_website/node_modules/mongodb/src/client-side-encryption) by extensions ['python_setup_py']
[15.702s] Level 1:colcon.colcon_core.package_identification:_identify(mars_website/node_modules/mongodb/src/client-side-encryption) by extension 'python_setup_py'
[15.702s] Level 1:colcon.colcon_core.package_identification:_identify(mars_website/node_modules/mongodb/src/client-side-encryption/providers) by extensions ['ignore', 'ignore_ament_install']
[15.702s] Level 1:colcon.colcon_core.package_identification:_identify(mars_website/node_modules/mongodb/src/client-side-encryption/providers) by extension 'ignore'
[15.702s] Level 1:colcon.colcon_core.package_identification:_identify(mars_website/node_modules/mongodb/src/client-side-encryption/providers) by extension 'ignore_ament_install'
[15.702s] Level 1:colcon.colcon_core.package_identification:_identify(mars_website/node_modules/mongodb/src/client-side-encryption/providers) by extensions ['colcon_pkg']
[15.702s] Level 1:colcon.colcon_core.package_identification:_identify(mars_website/node_modules/mongodb/src/client-side-encryption/providers) by extension 'colcon_pkg'
[15.702s] Level 1:colcon.colcon_core.package_identification:_identify(mars_website/node_modules/mongodb/src/client-side-encryption/providers) by extensions ['colcon_meta']
[15.702s] Level 1:colcon.colcon_core.package_identification:_identify(mars_website/node_modules/mongodb/src/client-side-encryption/providers) by extension 'colcon_meta'
[15.702s] Level 1:colcon.colcon_core.package_identification:_identify(mars_website/node_modules/mongodb/src/client-side-encryption/providers) by extensions ['ros']
[15.702s] Level 1:colcon.colcon_core.package_identification:_identify(mars_website/node_modules/mongodb/src/client-side-encryption/providers) by extension 'ros'
[15.702s] Level 1:colcon.colcon_core.package_identification:_identify(mars_website/node_modules/mongodb/src/client-side-encryption/providers) by extensions ['cmake', 'python']
[15.702s] Level 1:colcon.colcon_core.package_identification:_identify(mars_website/node_modules/mongodb/src/client-side-encryption/providers) by extension 'cmake'
[15.702s] Level 1:colcon.colcon_core.package_identification:_identify(mars_website/node_modules/mongodb/src/client-side-encryption/providers) by extension 'python'
[15.702s] Level 1:colcon.colcon_core.package_identification:_identify(mars_website/node_modules/mongodb/src/client-side-encryption/providers) by extensions ['python_setup_py']
[15.702s] Level 1:colcon.colcon_core.package_identification:_identify(mars_website/node_modules/mongodb/src/client-side-encryption/providers) by extension 'python_setup_py'
[15.703s] Level 1:colcon.colcon_core.package_identification:_identify(mars_website/node_modules/mongodb/src/cmap) by extensions ['ignore', 'ignore_ament_install']
[15.703s] Level 1:colcon.colcon_core.package_identification:_identify(mars_website/node_modules/mongodb/src/cmap) by extension 'ignore'
[15.703s] Level 1:colcon.colcon_core.package_identification:_identify(mars_website/node_modules/mongodb/src/cmap) by extension 'ignore_ament_install'
[15.703s] Level 1:colcon.colcon_core.package_identification:_identify(mars_website/node_modules/mongodb/src/cmap) by extensions ['colcon_pkg']
[15.703s] Level 1:colcon.colcon_core.package_identification:_identify(mars_website/node_modules/mongodb/src/cmap) by extension 'colcon_pkg'
[15.703s] Level 1:colcon.colcon_core.package_identification:_identify(mars_website/node_modules/mongodb/src/cmap) by extensions ['colcon_meta']
[15.703s] Level 1:colcon.colcon_core.package_identification:_identify(mars_website/node_modules/mongodb/src/cmap) by extension 'colcon_meta'
[15.703s] Level 1:colcon.colcon_core.package_identification:_identify(mars_website/node_modules/mongodb/src/cmap) by extensions ['ros']
[15.703s] Level 1:colcon.colcon_core.package_identification:_identify(mars_website/node_modules/mongodb/src/cmap) by extension 'ros'
[15.703s] Level 1:colcon.colcon_core.package_identification:_identify(mars_website/node_modules/mongodb/src/cmap) by extensions ['cmake', 'python']
[15.703s] Level 1:colcon.colcon_core.package_identification:_identify(mars_website/node_modules/mongodb/src/cmap) by extension 'cmake'
[15.703s] Level 1:colcon.colcon_core.package_identification:_identify(mars_website/node_modules/mongodb/src/cmap) by extension 'python'
[15.703s] Level 1:colcon.colcon_core.package_identification:_identify(mars_website/node_modules/mongodb/src/cmap) by extensions ['python_setup_py']
[15.703s] Level 1:colcon.colcon_core.package_identification:_identify(mars_website/node_modules/mongodb/src/cmap) by extension 'python_setup_py'
[15.703s] Level 1:colcon.colcon_core.package_identification:_identify(mars_website/node_modules/mongodb/src/cmap/auth) by extensions ['ignore', 'ignore_ament_install']
[15.703s] Level 1:colcon.colcon_core.package_identification:_identify(mars_website/node_modules/mongodb/src/cmap/auth) by extension 'ignore'
[15.704s] Level 1:colcon.colcon_core.package_identification:_identify(mars_website/node_modules/mongodb/src/cmap/auth) by extension 'ignore_ament_install'
[15.704s] Level 1:colcon.colcon_core.package_identification:_identify(mars_website/node_modules/mongodb/src/cmap/auth) by extensions ['colcon_pkg']
[15.704s] Level 1:colcon.colcon_core.package_identification:_identify(mars_website/node_modules/mongodb/src/cmap/auth) by extension 'colcon_pkg'
[15.704s] Level 1:colcon.colcon_core.package_identification:_identify(mars_website/node_modules/mongodb/src/cmap/auth) by extensions ['colcon_meta']
[15.704s] Level 1:colcon.colcon_core.package_identification:_identify(mars_website/node_modules/mongodb/src/cmap/auth) by extension 'colcon_meta'
[15.704s] Level 1:colcon.colcon_core.package_identification:_identify(mars_website/node_modules/mongodb/src/cmap/auth) by extensions ['ros']
[15.704s] Level 1:colcon.colcon_core.package_identification:_identify(mars_website/node_modules/mongodb/src/cmap/auth) by extension 'ros'
[15.704s] Level 1:colcon.colcon_core.package_identification:_identify(mars_website/node_modules/mongodb/src/cmap/auth) by extensions ['cmake', 'python']
[15.704s] Level 1:colcon.colcon_core.package_identification:_identify(mars_website/node_modules/mongodb/src/cmap/auth) by extension 'cmake'
[15.704s] Level 1:colcon.colcon_core.package_identification:_identify(mars_website/node_modules/mongodb/src/cmap/auth) by extension 'python'
[15.704s] Level 1:colcon.colcon_core.package_identification:_identify(mars_website/node_modules/mongodb/src/cmap/auth) by extensions ['python_setup_py']
[15.704s] Level 1:colcon.colcon_core.package_identification:_identify(mars_website/node_modules/mongodb/src/cmap/auth) by extension 'python_setup_py'
[15.704s] Level 1:colcon.colcon_core.package_identification:_identify(mars_website/node_modules/mongodb/src/cmap/auth/mongodb_oidc) by extensions ['ignore', 'ignore_ament_install']
[15.704s] Level 1:colcon.colcon_core.package_identification:_identify(mars_website/node_modules/mongodb/src/cmap/auth/mongodb_oidc) by extension 'ignore'
[15.704s] Level 1:colcon.colcon_core.package_identification:_identify(mars_website/node_modules/mongodb/src/cmap/auth/mongodb_oidc) by extension 'ignore_ament_install'
[15.704s] Level 1:colcon.colcon_core.package_identification:_identify(mars_website/node_modules/mongodb/src/cmap/auth/mongodb_oidc) by extensions ['colcon_pkg']
[15.704s] Level 1:colcon.colcon_core.package_identification:_identify(mars_website/node_modules/mongodb/src/cmap/auth/mongodb_oidc) by extension 'colcon_pkg'
[15.704s] Level 1:colcon.colcon_core.package_identification:_identify(mars_website/node_modules/mongodb/src/cmap/auth/mongodb_oidc) by extensions ['colcon_meta']
[15.704s] Level 1:colcon.colcon_core.package_identification:_identify(mars_website/node_modules/mongodb/src/cmap/auth/mongodb_oidc) by extension 'colcon_meta'
[15.704s] Level 1:colcon.colcon_core.package_identification:_identify(mars_website/node_modules/mongodb/src/cmap/auth/mongodb_oidc) by extensions ['ros']
[15.704s] Level 1:colcon.colcon_core.package_identification:_identify(mars_website/node_modules/mongodb/src/cmap/auth/mongodb_oidc) by extension 'ros'
[15.704s] Level 1:colcon.colcon_core.package_identification:_identify(mars_website/node_modules/mongodb/src/cmap/auth/mongodb_oidc) by extensions ['cmake', 'python']
[15.705s] Level 1:colcon.colcon_core.package_identification:_identify(mars_website/node_modules/mongodb/src/cmap/auth/mongodb_oidc) by extension 'cmake'
[15.705s] Level 1:colcon.colcon_core.package_identification:_identify(mars_website/node_modules/mongodb/src/cmap/auth/mongodb_oidc) by extension 'python'
[15.705s] Level 1:colcon.colcon_core.package_identification:_identify(mars_website/node_modules/mongodb/src/cmap/auth/mongodb_oidc) by extensions ['python_setup_py']
[15.705s] Level 1:colcon.colcon_core.package_identification:_identify(mars_website/node_modules/mongodb/src/cmap/auth/mongodb_oidc) by extension 'python_setup_py'
[15.705s] Level 1:colcon.colcon_core.package_identification:_identify(mars_website/node_modules/mongodb/src/cmap/handshake) by extensions ['ignore', 'ignore_ament_install']
[15.705s] Level 1:colcon.colcon_core.package_identification:_identify(mars_website/node_modules/mongodb/src/cmap/handshake) by extension 'ignore'
[15.705s] Level 1:colcon.colcon_core.package_identification:_identify(mars_website/node_modules/mongodb/src/cmap/handshake) by extension 'ignore_ament_install'
[15.705s] Level 1:colcon.colcon_core.package_identification:_identify(mars_website/node_modules/mongodb/src/cmap/handshake) by extensions ['colcon_pkg']
[15.706s] Level 1:colcon.colcon_core.package_identification:_identify(mars_website/node_modules/mongodb/src/cmap/handshake) by extension 'colcon_pkg'
[15.706s] Level 1:colcon.colcon_core.package_identification:_identify(mars_website/node_modules/mongodb/src/cmap/handshake) by extensions ['colcon_meta']
[15.706s] Level 1:colcon.colcon_core.package_identification:_identify(mars_website/node_modules/mongodb/src/cmap/handshake) by extension 'colcon_meta'
[15.706s] Level 1:colcon.colcon_core.package_identification:_identify(mars_website/node_modules/mongodb/src/cmap/handshake) by extensions ['ros']
[15.706s] Level 1:colcon.colcon_core.package_identification:_identify(mars_website/node_modules/mongodb/src/cmap/handshake) by extension 'ros'
[15.706s] Level 1:colcon.colcon_core.package_identification:_identify(mars_website/node_modules/mongodb/src/cmap/handshake) by extensions ['cmake', 'python']
[15.706s] Level 1:colcon.colcon_core.package_identification:_identify(mars_website/node_modules/mongodb/src/cmap/handshake) by extension 'cmake'
[15.706s] Level 1:colcon.colcon_core.package_identification:_identify(mars_website/node_modules/mongodb/src/cmap/handshake) by extension 'python'
[15.706s] Level 1:colcon.colcon_core.package_identification:_identify(mars_website/node_modules/mongodb/src/cmap/handshake) by extensions ['python_setup_py']
[15.706s] Level 1:colcon.colcon_core.package_identification:_identify(mars_website/node_modules/mongodb/src/cmap/handshake) by extension 'python_setup_py'
[15.706s] Level 1:colcon.colcon_core.package_identification:_identify(mars_website/node_modules/mongodb/src/cmap/wire_protocol) by extensions ['ignore', 'ignore_ament_install']
[15.706s] Level 1:colcon.colcon_core.package_identification:_identify(mars_website/node_modules/mongodb/src/cmap/wire_protocol) by extension 'ignore'
[15.706s] Level 1:colcon.colcon_core.package_identification:_identify(mars_website/node_modules/mongodb/src/cmap/wire_protocol) by extension 'ignore_ament_install'
[15.706s] Level 1:colcon.colcon_core.package_identification:_identify(mars_website/node_modules/mongodb/src/cmap/wire_protocol) by extensions ['colcon_pkg']
[15.706s] Level 1:colcon.colcon_core.package_identification:_identify(mars_website/node_modules/mongodb/src/cmap/wire_protocol) by extension 'colcon_pkg'
[15.706s] Level 1:colcon.colcon_core.package_identification:_identify(mars_website/node_modules/mongodb/src/cmap/wire_protocol) by extensions ['colcon_meta']
[15.706s] Level 1:colcon.colcon_core.package_identification:_identify(mars_website/node_modules/mongodb/src/cmap/wire_protocol) by extension 'colcon_meta'
[15.706s] Level 1:colcon.colcon_core.package_identification:_identify(mars_website/node_modules/mongodb/src/cmap/wire_protocol) by extensions ['ros']
[15.706s] Level 1:colcon.colcon_core.package_identification:_identify(mars_website/node_modules/mongodb/src/cmap/wire_protocol) by extension 'ros'
[15.706s] Level 1:colcon.colcon_core.package_identification:_identify(mars_website/node_modules/mongodb/src/cmap/wire_protocol) by extensions ['cmake', 'python']
[15.706s] Level 1:colcon.colcon_core.package_identification:_identify(mars_website/node_modules/mongodb/src/cmap/wire_protocol) by extension 'cmake'
[15.706s] Level 1:colcon.colcon_core.package_identification:_identify(mars_website/node_modules/mongodb/src/cmap/wire_protocol) by extension 'python'
[15.706s] Level 1:colcon.colcon_core.package_identification:_identify(mars_website/node_modules/mongodb/src/cmap/wire_protocol) by extensions ['python_setup_py']
[15.706s] Level 1:colcon.colcon_core.package_identification:_identify(mars_website/node_modules/mongodb/src/cmap/wire_protocol) by extension 'python_setup_py'
[15.707s] Level 1:colcon.colcon_core.package_identification:_identify(mars_website/node_modules/mongodb/src/cmap/wire_protocol/on_demand) by extensions ['ignore', 'ignore_ament_install']
[15.707s] Level 1:colcon.colcon_core.package_identification:_identify(mars_website/node_modules/mongodb/src/cmap/wire_protocol/on_demand) by extension 'ignore'
[15.707s] Level 1:colcon.colcon_core.package_identification:_identify(mars_website/node_modules/mongodb/src/cmap/wire_protocol/on_demand) by extension 'ignore_ament_install'
[15.707s] Level 1:colcon.colcon_core.package_identification:_identify(mars_website/node_modules/mongodb/src/cmap/wire_protocol/on_demand) by extensions ['colcon_pkg']
[15.707s] Level 1:colcon.colcon_core.package_identification:_identify(mars_website/node_modules/mongodb/src/cmap/wire_protocol/on_demand) by extension 'colcon_pkg'
[15.707s] Level 1:colcon.colcon_core.package_identification:_identify(mars_website/node_modules/mongodb/src/cmap/wire_protocol/on_demand) by extensions ['colcon_meta']
[15.707s] Level 1:colcon.colcon_core.package_identification:_identify(mars_website/node_modules/mongodb/src/cmap/wire_protocol/on_demand) by extension 'colcon_meta'
[15.707s] Level 1:colcon.colcon_core.package_identification:_identify(mars_website/node_modules/mongodb/src/cmap/wire_protocol/on_demand) by extensions ['ros']
[15.707s] Level 1:colcon.colcon_core.package_identification:_identify(mars_website/node_modules/mongodb/src/cmap/wire_protocol/on_demand) by extension 'ros'
[15.707s] Level 1:colcon.colcon_core.package_identification:_identify(mars_website/node_modules/mongodb/src/cmap/wire_protocol/on_demand) by extensions ['cmake', 'python']
[15.707s] Level 1:colcon.colcon_core.package_identification:_identify(mars_website/node_modules/mongodb/src/cmap/wire_protocol/on_demand) by extension 'cmake'
[15.707s] Level 1:colcon.colcon_core.package_identification:_identify(mars_website/node_modules/mongodb/src/cmap/wire_protocol/on_demand) by extension 'python'
[15.707s] Level 1:colcon.colcon_core.package_identification:_identify(mars_website/node_modules/mongodb/src/cmap/wire_protocol/on_demand) by extensions ['python_setup_py']
[15.707s] Level 1:colcon.colcon_core.package_identification:_identify(mars_website/node_modules/mongodb/src/cmap/wire_protocol/on_demand) by extension 'python_setup_py'
[15.708s] Level 1:colcon.colcon_core.package_identification:_identify(mars_website/node_modules/mongodb/src/cursor) by extensions ['ignore', 'ignore_ament_install']
[15.708s] Level 1:colcon.colcon_core.package_identification:_identify(mars_website/node_modules/mongodb/src/cursor) by extension 'ignore'
[15.708s] Level 1:colcon.colcon_core.package_identification:_identify(mars_website/node_modules/mongodb/src/cursor) by extension 'ignore_ament_install'
[15.708s] Level 1:colcon.colcon_core.package_identification:_identify(mars_website/node_modules/mongodb/src/cursor) by extensions ['colcon_pkg']
[15.708s] Level 1:colcon.colcon_core.package_identification:_identify(mars_website/node_modules/mongodb/src/cursor) by extension 'colcon_pkg'
[15.708s] Level 1:colcon.colcon_core.package_identification:_identify(mars_website/node_modules/mongodb/src/cursor) by extensions ['colcon_meta']
[15.708s] Level 1:colcon.colcon_core.package_identification:_identify(mars_website/node_modules/mongodb/src/cursor) by extension 'colcon_meta'
[15.708s] Level 1:colcon.colcon_core.package_identification:_identify(mars_website/node_modules/mongodb/src/cursor) by extensions ['ros']
[15.708s] Level 1:colcon.colcon_core.package_identification:_identify(mars_website/node_modules/mongodb/src/cursor) by extension 'ros'
[15.708s] Level 1:colcon.colcon_core.package_identification:_identify(mars_website/node_modules/mongodb/src/cursor) by extensions ['cmake', 'python']
[15.708s] Level 1:colcon.colcon_core.package_identification:_identify(mars_website/node_modules/mongodb/src/cursor) by extension 'cmake'
[15.708s] Level 1:colcon.colcon_core.package_identification:_identify(mars_website/node_modules/mongodb/src/cursor) by extension 'python'
[15.708s] Level 1:colcon.colcon_core.package_identification:_identify(mars_website/node_modules/mongodb/src/cursor) by extensions ['python_setup_py']
[15.708s] Level 1:colcon.colcon_core.package_identification:_identify(mars_website/node_modules/mongodb/src/cursor) by extension 'python_setup_py'
[15.708s] Level 1:colcon.colcon_core.package_identification:_identify(mars_website/node_modules/mongodb/src/gridfs) by extensions ['ignore', 'ignore_ament_install']
[15.708s] Level 1:colcon.colcon_core.package_identification:_identify(mars_website/node_modules/mongodb/src/gridfs) by extension 'ignore'
[15.708s] Level 1:colcon.colcon_core.package_identification:_identify(mars_website/node_modules/mongodb/src/gridfs) by extension 'ignore_ament_install'
[15.708s] Level 1:colcon.colcon_core.package_identification:_identify(mars_website/node_modules/mongodb/src/gridfs) by extensions ['colcon_pkg']
[15.708s] Level 1:colcon.colcon_core.package_identification:_identify(mars_website/node_modules/mongodb/src/gridfs) by extension 'colcon_pkg'
[15.708s] Level 1:colcon.colcon_core.package_identification:_identify(mars_website/node_modules/mongodb/src/gridfs) by extensions ['colcon_meta']
[15.708s] Level 1:colcon.colcon_core.package_identification:_identify(mars_website/node_modules/mongodb/src/gridfs) by extension 'colcon_meta'
[15.708s] Level 1:colcon.colcon_core.package_identification:_identify(mars_website/node_modules/mongodb/src/gridfs) by extensions ['ros']
[15.708s] Level 1:colcon.colcon_core.package_identification:_identify(mars_website/node_modules/mongodb/src/gridfs) by extension 'ros'
[15.708s] Level 1:colcon.colcon_core.package_identification:_identify(mars_website/node_modules/mongodb/src/gridfs) by extensions ['cmake', 'python']
[15.708s] Level 1:colcon.colcon_core.package_identification:_identify(mars_website/node_modules/mongodb/src/gridfs) by extension 'cmake'
[15.708s] Level 1:colcon.colcon_core.package_identification:_identify(mars_website/node_modules/mongodb/src/gridfs) by extension 'python'
[15.708s] Level 1:colcon.colcon_core.package_identification:_identify(mars_website/node_modules/mongodb/src/gridfs) by extensions ['python_setup_py']
[15.708s] Level 1:colcon.colcon_core.package_identification:_identify(mars_website/node_modules/mongodb/src/gridfs) by extension 'python_setup_py'
[15.709s] Level 1:colcon.colcon_core.package_identification:_identify(mars_website/node_modules/mongodb/src/operations) by extensions ['ignore', 'ignore_ament_install']
[15.709s] Level 1:colcon.colcon_core.package_identification:_identify(mars_website/node_modules/mongodb/src/operations) by extension 'ignore'
[15.709s] Level 1:colcon.colcon_core.package_identification:_identify(mars_website/node_modules/mongodb/src/operations) by extension 'ignore_ament_install'
[15.709s] Level 1:colcon.colcon_core.package_identification:_identify(mars_website/node_modules/mongodb/src/operations) by extensions ['colcon_pkg']
[15.709s] Level 1:colcon.colcon_core.package_identification:_identify(mars_website/node_modules/mongodb/src/operations) by extension 'colcon_pkg'
[15.709s] Level 1:colcon.colcon_core.package_identification:_identify(mars_website/node_modules/mongodb/src/operations) by extensions ['colcon_meta']
[15.709s] Level 1:colcon.colcon_core.package_identification:_identify(mars_website/node_modules/mongodb/src/operations) by extension 'colcon_meta'
[15.709s] Level 1:colcon.colcon_core.package_identification:_identify(mars_website/node_modules/mongodb/src/operations) by extensions ['ros']
[15.709s] Level 1:colcon.colcon_core.package_identification:_identify(mars_website/node_modules/mongodb/src/operations) by extension 'ros'
[15.709s] Level 1:colcon.colcon_core.package_identification:_identify(mars_website/node_modules/mongodb/src/operations) by extensions ['cmake', 'python']
[15.709s] Level 1:colcon.colcon_core.package_identification:_identify(mars_website/node_modules/mongodb/src/operations) by extension 'cmake'
[15.709s] Level 1:colcon.colcon_core.package_identification:_identify(mars_website/node_modules/mongodb/src/operations) by extension 'python'
[15.709s] Level 1:colcon.colcon_core.package_identification:_identify(mars_website/node_modules/mongodb/src/operations) by extensions ['python_setup_py']
[15.709s] Level 1:colcon.colcon_core.package_identification:_identify(mars_website/node_modules/mongodb/src/operations) by extension 'python_setup_py'
[15.709s] Level 1:colcon.colcon_core.package_identification:_identify(mars_website/node_modules/mongodb/src/operations/client_bulk_write) by extensions ['ignore', 'ignore_ament_install']
[15.709s] Level 1:colcon.colcon_core.package_identification:_identify(mars_website/node_modules/mongodb/src/operations/client_bulk_write) by extension 'ignore'
[15.709s] Level 1:colcon.colcon_core.package_identification:_identify(mars_website/node_modules/mongodb/src/operations/client_bulk_write) by extension 'ignore_ament_install'
[15.709s] Level 1:colcon.colcon_core.package_identification:_identify(mars_website/node_modules/mongodb/src/operations/client_bulk_write) by extensions ['colcon_pkg']
[15.709s] Level 1:colcon.colcon_core.package_identification:_identify(mars_website/node_modules/mongodb/src/operations/client_bulk_write) by extension 'colcon_pkg'
[15.709s] Level 1:colcon.colcon_core.package_identification:_identify(mars_website/node_modules/mongodb/src/operations/client_bulk_write) by extensions ['colcon_meta']
[15.709s] Level 1:colcon.colcon_core.package_identification:_identify(mars_website/node_modules/mongodb/src/operations/client_bulk_write) by extension 'colcon_meta'
[15.709s] Level 1:colcon.colcon_core.package_identification:_identify(mars_website/node_modules/mongodb/src/operations/client_bulk_write) by extensions ['ros']
[15.709s] Level 1:colcon.colcon_core.package_identification:_identify(mars_website/node_modules/mongodb/src/operations/client_bulk_write) by extension 'ros'
[15.710s] Level 1:colcon.colcon_core.package_identification:_identify(mars_website/node_modules/mongodb/src/operations/client_bulk_write) by extensions ['cmake', 'python']
[15.710s] Level 1:colcon.colcon_core.package_identification:_identify(mars_website/node_modules/mongodb/src/operations/client_bulk_write) by extension 'cmake'
[15.710s] Level 1:colcon.colcon_core.package_identification:_identify(mars_website/node_modules/mongodb/src/operations/client_bulk_write) by extension 'python'
[15.710s] Level 1:colcon.colcon_core.package_identification:_identify(mars_website/node_modules/mongodb/src/operations/client_bulk_write) by extensions ['python_setup_py']
[15.710s] Level 1:colcon.colcon_core.package_identification:_identify(mars_website/node_modules/mongodb/src/operations/client_bulk_write) by extension 'python_setup_py'
[15.710s] Level 1:colcon.colcon_core.package_identification:_identify(mars_website/node_modules/mongodb/src/operations/search_indexes) by extensions ['ignore', 'ignore_ament_install']
[15.710s] Level 1:colcon.colcon_core.package_identification:_identify(mars_website/node_modules/mongodb/src/operations/search_indexes) by extension 'ignore'
[15.710s] Level 1:colcon.colcon_core.package_identification:_identify(mars_website/node_modules/mongodb/src/operations/search_indexes) by extension 'ignore_ament_install'
[15.710s] Level 1:colcon.colcon_core.package_identification:_identify(mars_website/node_modules/mongodb/src/operations/search_indexes) by extensions ['colcon_pkg']
[15.710s] Level 1:colcon.colcon_core.package_identification:_identify(mars_website/node_modules/mongodb/src/operations/search_indexes) by extension 'colcon_pkg'
[15.710s] Level 1:colcon.colcon_core.package_identification:_identify(mars_website/node_modules/mongodb/src/operations/search_indexes) by extensions ['colcon_meta']
[15.710s] Level 1:colcon.colcon_core.package_identification:_identify(mars_website/node_modules/mongodb/src/operations/search_indexes) by extension 'colcon_meta'
[15.710s] Level 1:colcon.colcon_core.package_identification:_identify(mars_website/node_modules/mongodb/src/operations/search_indexes) by extensions ['ros']
[15.710s] Level 1:colcon.colcon_core.package_identification:_identify(mars_website/node_modules/mongodb/src/operations/search_indexes) by extension 'ros'
[15.710s] Level 1:colcon.colcon_core.package_identification:_identify(mars_website/node_modules/mongodb/src/operations/search_indexes) by extensions ['cmake', 'python']
[15.710s] Level 1:colcon.colcon_core.package_identification:_identify(mars_website/node_modules/mongodb/src/operations/search_indexes) by extension 'cmake'
[15.710s] Level 1:colcon.colcon_core.package_identification:_identify(mars_website/node_modules/mongodb/src/operations/search_indexes) by extension 'python'
[15.710s] Level 1:colcon.colcon_core.package_identification:_identify(mars_website/node_modules/mongodb/src/operations/search_indexes) by extensions ['python_setup_py']
[15.710s] Level 1:colcon.colcon_core.package_identification:_identify(mars_website/node_modules/mongodb/src/operations/search_indexes) by extension 'python_setup_py'
[15.710s] Level 1:colcon.colcon_core.package_identification:_identify(mars_website/node_modules/mongodb/src/sdam) by extensions ['ignore', 'ignore_ament_install']
[15.710s] Level 1:colcon.colcon_core.package_identification:_identify(mars_website/node_modules/mongodb/src/sdam) by extension 'ignore'
[15.710s] Level 1:colcon.colcon_core.package_identification:_identify(mars_website/node_modules/mongodb/src/sdam) by extension 'ignore_ament_install'
[15.710s] Level 1:colcon.colcon_core.package_identification:_identify(mars_website/node_modules/mongodb/src/sdam) by extensions ['colcon_pkg']
[15.710s] Level 1:colcon.colcon_core.package_identification:_identify(mars_website/node_modules/mongodb/src/sdam) by extension 'colcon_pkg'
[15.710s] Level 1:colcon.colcon_core.package_identification:_identify(mars_website/node_modules/mongodb/src/sdam) by extensions ['colcon_meta']
[15.710s] Level 1:colcon.colcon_core.package_identification:_identify(mars_website/node_modules/mongodb/src/sdam) by extension 'colcon_meta'
[15.710s] Level 1:colcon.colcon_core.package_identification:_identify(mars_website/node_modules/mongodb/src/sdam) by extensions ['ros']
[15.710s] Level 1:colcon.colcon_core.package_identification:_identify(mars_website/node_modules/mongodb/src/sdam) by extension 'ros'
[15.711s] Level 1:colcon.colcon_core.package_identification:_identify(mars_website/node_modules/mongodb/src/sdam) by extensions ['cmake', 'python']
[15.711s] Level 1:colcon.colcon_core.package_identification:_identify(mars_website/node_modules/mongodb/src/sdam) by extension 'cmake'
[15.711s] Level 1:colcon.colcon_core.package_identification:_identify(mars_website/node_modules/mongodb/src/sdam) by extension 'python'
[15.711s] Level 1:colcon.colcon_core.package_identification:_identify(mars_website/node_modules/mongodb/src/sdam) by extensions ['python_setup_py']
[15.711s] Level 1:colcon.colcon_core.package_identification:_identify(mars_website/node_modules/mongodb/src/sdam) by extension 'python_setup_py'
[15.711s] Level 1:colcon.colcon_core.package_identification:_identify(mars_website/node_modules/mongodb-connection-string-url) by extensions ['ignore', 'ignore_ament_install']
[15.711s] Level 1:colcon.colcon_core.package_identification:_identify(mars_website/node_modules/mongodb-connection-string-url) by extension 'ignore'
[15.711s] Level 1:colcon.colcon_core.package_identification:_identify(mars_website/node_modules/mongodb-connection-string-url) by extension 'ignore_ament_install'
[15.711s] Level 1:colcon.colcon_core.package_identification:_identify(mars_website/node_modules/mongodb-connection-string-url) by extensions ['colcon_pkg']
[15.711s] Level 1:colcon.colcon_core.package_identification:_identify(mars_website/node_modules/mongodb-connection-string-url) by extension 'colcon_pkg'
[15.711s] Level 1:colcon.colcon_core.package_identification:_identify(mars_website/node_modules/mongodb-connection-string-url) by extensions ['colcon_meta']
[15.711s] Level 1:colcon.colcon_core.package_identification:_identify(mars_website/node_modules/mongodb-connection-string-url) by extension 'colcon_meta'
[15.711s] Level 1:colcon.colcon_core.package_identification:_identify(mars_website/node_modules/mongodb-connection-string-url) by extensions ['ros']
[15.711s] Level 1:colcon.colcon_core.package_identification:_identify(mars_website/node_modules/mongodb-connection-string-url) by extension 'ros'
[15.711s] Level 1:colcon.colcon_core.package_identification:_identify(mars_website/node_modules/mongodb-connection-string-url) by extensions ['cmake', 'python']
[15.711s] Level 1:colcon.colcon_core.package_identification:_identify(mars_website/node_modules/mongodb-connection-string-url) by extension 'cmake'
[15.711s] Level 1:colcon.colcon_core.package_identification:_identify(mars_website/node_modules/mongodb-connection-string-url) by extension 'python'
[15.711s] Level 1:colcon.colcon_core.package_identification:_identify(mars_website/node_modules/mongodb-connection-string-url) by extensions ['python_setup_py']
[15.711s] Level 1:colcon.colcon_core.package_identification:_identify(mars_website/node_modules/mongodb-connection-string-url) by extension 'python_setup_py'
[15.711s] Level 1:colcon.colcon_core.package_identification:_identify(mars_website/node_modules/mongodb-connection-string-url/lib) by extensions ['ignore', 'ignore_ament_install']
[15.711s] Level 1:colcon.colcon_core.package_identification:_identify(mars_website/node_modules/mongodb-connection-string-url/lib) by extension 'ignore'
[15.711s] Level 1:colcon.colcon_core.package_identification:_identify(mars_website/node_modules/mongodb-connection-string-url/lib) by extension 'ignore_ament_install'
[15.712s] Level 1:colcon.colcon_core.package_identification:_identify(mars_website/node_modules/mongodb-connection-string-url/lib) by extensions ['colcon_pkg']
[15.712s] Level 1:colcon.colcon_core.package_identification:_identify(mars_website/node_modules/mongodb-connection-string-url/lib) by extension 'colcon_pkg'
[15.712s] Level 1:colcon.colcon_core.package_identification:_identify(mars_website/node_modules/mongodb-connection-string-url/lib) by extensions ['colcon_meta']
[15.712s] Level 1:colcon.colcon_core.package_identification:_identify(mars_website/node_modules/mongodb-connection-string-url/lib) by extension 'colcon_meta'
[15.712s] Level 1:colcon.colcon_core.package_identification:_identify(mars_website/node_modules/mongodb-connection-string-url/lib) by extensions ['ros']
[15.712s] Level 1:colcon.colcon_core.package_identification:_identify(mars_website/node_modules/mongodb-connection-string-url/lib) by extension 'ros'
[15.712s] Level 1:colcon.colcon_core.package_identification:_identify(mars_website/node_modules/mongodb-connection-string-url/lib) by extensions ['cmake', 'python']
[15.712s] Level 1:colcon.colcon_core.package_identification:_identify(mars_website/node_modules/mongodb-connection-string-url/lib) by extension 'cmake'
[15.712s] Level 1:colcon.colcon_core.package_identification:_identify(mars_website/node_modules/mongodb-connection-string-url/lib) by extension 'python'
[15.712s] Level 1:colcon.colcon_core.package_identification:_identify(mars_website/node_modules/mongodb-connection-string-url/lib) by extensions ['python_setup_py']
[15.712s] Level 1:colcon.colcon_core.package_identification:_identify(mars_website/node_modules/mongodb-connection-string-url/lib) by extension 'python_setup_py'
[15.712s] Level 1:colcon.colcon_core.package_identification:_identify(mars_website/node_modules/punycode) by extensions ['ignore', 'ignore_ament_install']
[15.712s] Level 1:colcon.colcon_core.package_identification:_identify(mars_website/node_modules/punycode) by extension 'ignore'
[15.712s] Level 1:colcon.colcon_core.package_identification:_identify(mars_website/node_modules/punycode) by extension 'ignore_ament_install'
[15.712s] Level 1:colcon.colcon_core.package_identification:_identify(mars_website/node_modules/punycode) by extensions ['colcon_pkg']
[15.712s] Level 1:colcon.colcon_core.package_identification:_identify(mars_website/node_modules/punycode) by extension 'colcon_pkg'
[15.712s] Level 1:colcon.colcon_core.package_identification:_identify(mars_website/node_modules/punycode) by extensions ['colcon_meta']
[15.712s] Level 1:colcon.colcon_core.package_identification:_identify(mars_website/node_modules/punycode) by extension 'colcon_meta'
[15.712s] Level 1:colcon.colcon_core.package_identification:_identify(mars_website/node_modules/punycode) by extensions ['ros']
[15.712s] Level 1:colcon.colcon_core.package_identification:_identify(mars_website/node_modules/punycode) by extension 'ros'
[15.712s] Level 1:colcon.colcon_core.package_identification:_identify(mars_website/node_modules/punycode) by extensions ['cmake', 'python']
[15.712s] Level 1:colcon.colcon_core.package_identification:_identify(mars_website/node_modules/punycode) by extension 'cmake'
[15.712s] Level 1:colcon.colcon_core.package_identification:_identify(mars_website/node_modules/punycode) by extension 'python'
[15.712s] Level 1:colcon.colcon_core.package_identification:_identify(mars_website/node_modules/punycode) by extensions ['python_setup_py']
[15.712s] Level 1:colcon.colcon_core.package_identification:_identify(mars_website/node_modules/punycode) by extension 'python_setup_py'
[15.713s] Level 1:colcon.colcon_core.package_identification:_identify(mars_website/node_modules/sparse-bitfield) by extensions ['ignore', 'ignore_ament_install']
[15.713s] Level 1:colcon.colcon_core.package_identification:_identify(mars_website/node_modules/sparse-bitfield) by extension 'ignore'
[15.713s] Level 1:colcon.colcon_core.package_identification:_identify(mars_website/node_modules/sparse-bitfield) by extension 'ignore_ament_install'
[15.713s] Level 1:colcon.colcon_core.package_identification:_identify(mars_website/node_modules/sparse-bitfield) by extensions ['colcon_pkg']
[15.713s] Level 1:colcon.colcon_core.package_identification:_identify(mars_website/node_modules/sparse-bitfield) by extension 'colcon_pkg'
[15.713s] Level 1:colcon.colcon_core.package_identification:_identify(mars_website/node_modules/sparse-bitfield) by extensions ['colcon_meta']
[15.713s] Level 1:colcon.colcon_core.package_identification:_identify(mars_website/node_modules/sparse-bitfield) by extension 'colcon_meta'
[15.713s] Level 1:colcon.colcon_core.package_identification:_identify(mars_website/node_modules/sparse-bitfield) by extensions ['ros']
[15.713s] Level 1:colcon.colcon_core.package_identification:_identify(mars_website/node_modules/sparse-bitfield) by extension 'ros'
[15.713s] Level 1:colcon.colcon_core.package_identification:_identify(mars_website/node_modules/sparse-bitfield) by extensions ['cmake', 'python']
[15.713s] Level 1:colcon.colcon_core.package_identification:_identify(mars_website/node_modules/sparse-bitfield) by extension 'cmake'
[15.713s] Level 1:colcon.colcon_core.package_identification:_identify(mars_website/node_modules/sparse-bitfield) by extension 'python'
[15.713s] Level 1:colcon.colcon_core.package_identification:_identify(mars_website/node_modules/sparse-bitfield) by extensions ['python_setup_py']
[15.713s] Level 1:colcon.colcon_core.package_identification:_identify(mars_website/node_modules/sparse-bitfield) by extension 'python_setup_py'
[15.713s] Level 1:colcon.colcon_core.package_identification:_identify(mars_website/node_modules/tr46) by extensions ['ignore', 'ignore_ament_install']
[15.713s] Level 1:colcon.colcon_core.package_identification:_identify(mars_website/node_modules/tr46) by extension 'ignore'
[15.713s] Level 1:colcon.colcon_core.package_identification:_identify(mars_website/node_modules/tr46) by extension 'ignore_ament_install'
[15.713s] Level 1:colcon.colcon_core.package_identification:_identify(mars_website/node_modules/tr46) by extensions ['colcon_pkg']
[15.713s] Level 1:colcon.colcon_core.package_identification:_identify(mars_website/node_modules/tr46) by extension 'colcon_pkg'
[15.713s] Level 1:colcon.colcon_core.package_identification:_identify(mars_website/node_modules/tr46) by extensions ['colcon_meta']
[15.713s] Level 1:colcon.colcon_core.package_identification:_identify(mars_website/node_modules/tr46) by extension 'colcon_meta'
[15.713s] Level 1:colcon.colcon_core.package_identification:_identify(mars_website/node_modules/tr46) by extensions ['ros']
[15.713s] Level 1:colcon.colcon_core.package_identification:_identify(mars_website/node_modules/tr46) by extension 'ros'
[15.713s] Level 1:colcon.colcon_core.package_identification:_identify(mars_website/node_modules/tr46) by extensions ['cmake', 'python']
[15.713s] Level 1:colcon.colcon_core.package_identification:_identify(mars_website/node_modules/tr46) by extension 'cmake'
[15.713s] Level 1:colcon.colcon_core.package_identification:_identify(mars_website/node_modules/tr46) by extension 'python'
[15.713s] Level 1:colcon.colcon_core.package_identification:_identify(mars_website/node_modules/tr46) by extensions ['python_setup_py']
[15.713s] Level 1:colcon.colcon_core.package_identification:_identify(mars_website/node_modules/tr46) by extension 'python_setup_py'
[15.714s] Level 1:colcon.colcon_core.package_identification:_identify(mars_website/node_modules/tr46/lib) by extensions ['ignore', 'ignore_ament_install']
[15.714s] Level 1:colcon.colcon_core.package_identification:_identify(mars_website/node_modules/tr46/lib) by extension 'ignore'
[15.714s] Level 1:colcon.colcon_core.package_identification:_identify(mars_website/node_modules/tr46/lib) by extension 'ignore_ament_install'
[15.714s] Level 1:colcon.colcon_core.package_identification:_identify(mars_website/node_modules/tr46/lib) by extensions ['colcon_pkg']
[15.714s] Level 1:colcon.colcon_core.package_identification:_identify(mars_website/node_modules/tr46/lib) by extension 'colcon_pkg'
[15.714s] Level 1:colcon.colcon_core.package_identification:_identify(mars_website/node_modules/tr46/lib) by extensions ['colcon_meta']
[15.714s] Level 1:colcon.colcon_core.package_identification:_identify(mars_website/node_modules/tr46/lib) by extension 'colcon_meta'
[15.714s] Level 1:colcon.colcon_core.package_identification:_identify(mars_website/node_modules/tr46/lib) by extensions ['ros']
[15.714s] Level 1:colcon.colcon_core.package_identification:_identify(mars_website/node_modules/tr46/lib) by extension 'ros'
[15.714s] Level 1:colcon.colcon_core.package_identification:_identify(mars_website/node_modules/tr46/lib) by extensions ['cmake', 'python']
[15.714s] Level 1:colcon.colcon_core.package_identification:_identify(mars_website/node_modules/tr46/lib) by extension 'cmake'
[15.714s] Level 1:colcon.colcon_core.package_identification:_identify(mars_website/node_modules/tr46/lib) by extension 'python'
[15.714s] Level 1:colcon.colcon_core.package_identification:_identify(mars_website/node_modules/tr46/lib) by extensions ['python_setup_py']
[15.714s] Level 1:colcon.colcon_core.package_identification:_identify(mars_website/node_modules/tr46/lib) by extension 'python_setup_py'
[15.715s] Level 1:colcon.colcon_core.package_identification:_identify(mars_website/node_modules/webidl-conversions) by extensions ['ignore', 'ignore_ament_install']
[15.715s] Level 1:colcon.colcon_core.package_identification:_identify(mars_website/node_modules/webidl-conversions) by extension 'ignore'
[15.715s] Level 1:colcon.colcon_core.package_identification:_identify(mars_website/node_modules/webidl-conversions) by extension 'ignore_ament_install'
[15.715s] Level 1:colcon.colcon_core.package_identification:_identify(mars_website/node_modules/webidl-conversions) by extensions ['colcon_pkg']
[15.715s] Level 1:colcon.colcon_core.package_identification:_identify(mars_website/node_modules/webidl-conversions) by extension 'colcon_pkg'
[15.715s] Level 1:colcon.colcon_core.package_identification:_identify(mars_website/node_modules/webidl-conversions) by extensions ['colcon_meta']
[15.715s] Level 1:colcon.colcon_core.package_identification:_identify(mars_website/node_modules/webidl-conversions) by extension 'colcon_meta'
[15.715s] Level 1:colcon.colcon_core.package_identification:_identify(mars_website/node_modules/webidl-conversions) by extensions ['ros']
[15.715s] Level 1:colcon.colcon_core.package_identification:_identify(mars_website/node_modules/webidl-conversions) by extension 'ros'
[15.715s] Level 1:colcon.colcon_core.package_identification:_identify(mars_website/node_modules/webidl-conversions) by extensions ['cmake', 'python']
[15.715s] Level 1:colcon.colcon_core.package_identification:_identify(mars_website/node_modules/webidl-conversions) by extension 'cmake'
[15.715s] Level 1:colcon.colcon_core.package_identification:_identify(mars_website/node_modules/webidl-conversions) by extension 'python'
[15.715s] Level 1:colcon.colcon_core.package_identification:_identify(mars_website/node_modules/webidl-conversions) by extensions ['python_setup_py']
[15.715s] Level 1:colcon.colcon_core.package_identification:_identify(mars_website/node_modules/webidl-conversions) by extension 'python_setup_py'
[15.715s] Level 1:colcon.colcon_core.package_identification:_identify(mars_website/node_modules/webidl-conversions/lib) by extensions ['ignore', 'ignore_ament_install']
[15.715s] Level 1:colcon.colcon_core.package_identification:_identify(mars_website/node_modules/webidl-conversions/lib) by extension 'ignore'
[15.715s] Level 1:colcon.colcon_core.package_identification:_identify(mars_website/node_modules/webidl-conversions/lib) by extension 'ignore_ament_install'
[15.715s] Level 1:colcon.colcon_core.package_identification:_identify(mars_website/node_modules/webidl-conversions/lib) by extensions ['colcon_pkg']
[15.715s] Level 1:colcon.colcon_core.package_identification:_identify(mars_website/node_modules/webidl-conversions/lib) by extension 'colcon_pkg'
[15.715s] Level 1:colcon.colcon_core.package_identification:_identify(mars_website/node_modules/webidl-conversions/lib) by extensions ['colcon_meta']
[15.715s] Level 1:colcon.colcon_core.package_identification:_identify(mars_website/node_modules/webidl-conversions/lib) by extension 'colcon_meta'
[15.715s] Level 1:colcon.colcon_core.package_identification:_identify(mars_website/node_modules/webidl-conversions/lib) by extensions ['ros']
[15.715s] Level 1:colcon.colcon_core.package_identification:_identify(mars_website/node_modules/webidl-conversions/lib) by extension 'ros'
[15.715s] Level 1:colcon.colcon_core.package_identification:_identify(mars_website/node_modules/webidl-conversions/lib) by extensions ['cmake', 'python']
[15.715s] Level 1:colcon.colcon_core.package_identification:_identify(mars_website/node_modules/webidl-conversions/lib) by extension 'cmake'
[15.715s] Level 1:colcon.colcon_core.package_identification:_identify(mars_website/node_modules/webidl-conversions/lib) by extension 'python'
[15.716s] Level 1:colcon.colcon_core.package_identification:_identify(mars_website/node_modules/webidl-conversions/lib) by extensions ['python_setup_py']
[15.716s] Level 1:colcon.colcon_core.package_identification:_identify(mars_website/node_modules/webidl-conversions/lib) by extension 'python_setup_py'
[15.716s] Level 1:colcon.colcon_core.package_identification:_identify(mars_website/node_modules/whatwg-url) by extensions ['ignore', 'ignore_ament_install']
[15.716s] Level 1:colcon.colcon_core.package_identification:_identify(mars_website/node_modules/whatwg-url) by extension 'ignore'
[15.716s] Level 1:colcon.colcon_core.package_identification:_identify(mars_website/node_modules/whatwg-url) by extension 'ignore_ament_install'
[15.716s] Level 1:colcon.colcon_core.package_identification:_identify(mars_website/node_modules/whatwg-url) by extensions ['colcon_pkg']
[15.716s] Level 1:colcon.colcon_core.package_identification:_identify(mars_website/node_modules/whatwg-url) by extension 'colcon_pkg'
[15.716s] Level 1:colcon.colcon_core.package_identification:_identify(mars_website/node_modules/whatwg-url) by extensions ['colcon_meta']
[15.716s] Level 1:colcon.colcon_core.package_identification:_identify(mars_website/node_modules/whatwg-url) by extension 'colcon_meta'
[15.716s] Level 1:colcon.colcon_core.package_identification:_identify(mars_website/node_modules/whatwg-url) by extensions ['ros']
[15.716s] Level 1:colcon.colcon_core.package_identification:_identify(mars_website/node_modules/whatwg-url) by extension 'ros'
[15.716s] Level 1:colcon.colcon_core.package_identification:_identify(mars_website/node_modules/whatwg-url) by extensions ['cmake', 'python']
[15.716s] Level 1:colcon.colcon_core.package_identification:_identify(mars_website/node_modules/whatwg-url) by extension 'cmake'
[15.716s] Level 1:colcon.colcon_core.package_identification:_identify(mars_website/node_modules/whatwg-url) by extension 'python'
[15.716s] Level 1:colcon.colcon_core.package_identification:_identify(mars_website/node_modules/whatwg-url) by extensions ['python_setup_py']
[15.716s] Level 1:colcon.colcon_core.package_identification:_identify(mars_website/node_modules/whatwg-url) by extension 'python_setup_py'
[15.717s] Level 1:colcon.colcon_core.package_identification:_identify(mars_website/node_modules/whatwg-url/lib) by extensions ['ignore', 'ignore_ament_install']
[15.717s] Level 1:colcon.colcon_core.package_identification:_identify(mars_website/node_modules/whatwg-url/lib) by extension 'ignore'
[15.717s] Level 1:colcon.colcon_core.package_identification:_identify(mars_website/node_modules/whatwg-url/lib) by extension 'ignore_ament_install'
[15.717s] Level 1:colcon.colcon_core.package_identification:_identify(mars_website/node_modules/whatwg-url/lib) by extensions ['colcon_pkg']
[15.717s] Level 1:colcon.colcon_core.package_identification:_identify(mars_website/node_modules/whatwg-url/lib) by extension 'colcon_pkg'
[15.717s] Level 1:colcon.colcon_core.package_identification:_identify(mars_website/node_modules/whatwg-url/lib) by extensions ['colcon_meta']
[15.717s] Level 1:colcon.colcon_core.package_identification:_identify(mars_website/node_modules/whatwg-url/lib) by extension 'colcon_meta'
[15.717s] Level 1:colcon.colcon_core.package_identification:_identify(mars_website/node_modules/whatwg-url/lib) by extensions ['ros']
[15.717s] Level 1:colcon.colcon_core.package_identification:_identify(mars_website/node_modules/whatwg-url/lib) by extension 'ros'
[15.717s] Level 1:colcon.colcon_core.package_identification:_identify(mars_website/node_modules/whatwg-url/lib) by extensions ['cmake', 'python']
[15.717s] Level 1:colcon.colcon_core.package_identification:_identify(mars_website/node_modules/whatwg-url/lib) by extension 'cmake'
[15.717s] Level 1:colcon.colcon_core.package_identification:_identify(mars_website/node_modules/whatwg-url/lib) by extension 'python'
[15.717s] Level 1:colcon.colcon_core.package_identification:_identify(mars_website/node_modules/whatwg-url/lib) by extensions ['python_setup_py']
[15.717s] Level 1:colcon.colcon_core.package_identification:_identify(mars_website/node_modules/whatwg-url/lib) by extension 'python_setup_py'
[15.717s] Level 1:colcon.colcon_core.package_identification:_identify(src) by extensions ['ignore', 'ignore_ament_install']
[15.717s] Level 1:colcon.colcon_core.package_identification:_identify(src) by extension 'ignore'
[15.717s] Level 1:colcon.colcon_core.package_identification:_identify(src) by extension 'ignore_ament_install'
[15.717s] Level 1:colcon.colcon_core.package_identification:_identify(src) by extensions ['colcon_pkg']
[15.717s] Level 1:colcon.colcon_core.package_identification:_identify(src) by extension 'colcon_pkg'
[15.717s] Level 1:colcon.colcon_core.package_identification:_identify(src) by extensions ['colcon_meta']
[15.717s] Level 1:colcon.colcon_core.package_identification:_identify(src) by extension 'colcon_meta'
[15.718s] Level 1:colcon.colcon_core.package_identification:_identify(src) by extensions ['ros']
[15.718s] Level 1:colcon.colcon_core.package_identification:_identify(src) by extension 'ros'
[15.718s] Level 1:colcon.colcon_core.package_identification:_identify(src) by extensions ['cmake', 'python']
[15.718s] Level 1:colcon.colcon_core.package_identification:_identify(src) by extension 'cmake'
[15.718s] Level 1:colcon.colcon_core.package_identification:_identify(src) by extension 'python'
[15.718s] Level 1:colcon.colcon_core.package_identification:_identify(src) by extensions ['python_setup_py']
[15.718s] Level 1:colcon.colcon_core.package_identification:_identify(src) by extension 'python_setup_py'
[15.718s] Level 1:colcon.colcon_core.package_identification:_identify(src/mars) by extensions ['ignore', 'ignore_ament_install']
[15.718s] Level 1:colcon.colcon_core.package_identification:_identify(src/mars) by extension 'ignore'
[15.718s] Level 1:colcon.colcon_core.package_identification:_identify(src/mars) by extension 'ignore_ament_install'
[15.718s] Level 1:colcon.colcon_core.package_identification:_identify(src/mars) by extensions ['colcon_pkg']
[15.718s] Level 1:colcon.colcon_core.package_identification:_identify(src/mars) by extension 'colcon_pkg'
[15.718s] Level 1:colcon.colcon_core.package_identification:_identify(src/mars) by extensions ['colcon_meta']
[15.718s] Level 1:colcon.colcon_core.package_identification:_identify(src/mars) by extension 'colcon_meta'
[15.718s] Level 1:colcon.colcon_core.package_identification:_identify(src/mars) by extensions ['ros']
[15.718s] Level 1:colcon.colcon_core.package_identification:_identify(src/mars) by extension 'ros'
[15.913s] DEBUG:colcon.colcon_core.package_identification:Package 'src/mars' with type 'ros.ament_cmake' and name 'mars'
[15.914s] Level 1:colcon.colcon_core.package_identification:_identify(src/mars_orders) by extensions ['ignore', 'ignore_ament_install']
[15.914s] Level 1:colcon.colcon_core.package_identification:_identify(src/mars_orders) by extension 'ignore'
[15.914s] Level 1:colcon.colcon_core.package_identification:_identify(src/mars_orders) by extension 'ignore_ament_install'
[15.914s] Level 1:colcon.colcon_core.package_identification:_identify(src/mars_orders) by extensions ['colcon_pkg']
[15.914s] Level 1:colcon.colcon_core.package_identification:_identify(src/mars_orders) by extension 'colcon_pkg'
[15.914s] Level 1:colcon.colcon_core.package_identification:_identify(src/mars_orders) by extensions ['colcon_meta']
[15.914s] Level 1:colcon.colcon_core.package_identification:_identify(src/mars_orders) by extension 'colcon_meta'
[15.914s] Level 1:colcon.colcon_core.package_identification:_identify(src/mars_orders) by extensions ['ros']
[15.914s] Level 1:colcon.colcon_core.package_identification:_identify(src/mars_orders) by extension 'ros'
[15.915s] DEBUG:colcon.colcon_core.package_identification:Package 'src/mars_orders' with type 'ros.ament_python' and name 'mars_orders'
[15.915s] Level 1:colcon.colcon_core.package_discovery:discover_packages(recursive) using defaults
[15.915s] Level 1:colcon.colcon_core.package_discovery:discover_packages(ignore) discover
[15.915s] Level 1:colcon.colcon_core.package_discovery:discover_packages(ignore) using defaults
[15.915s] Level 1:colcon.colcon_core.package_discovery:discover_packages(path) discover
[15.915s] Level 1:colcon.colcon_core.package_discovery:discover_packages(path) using defaults
[17.096s] INFO:colcon.colcon_core.package_selection:Skipping not selected package 'mars_orders' in 'src/mars_orders'
[17.183s] Level 1:colcon.colcon_core.package_discovery:discover_packages(prefix_path) check parameters
[17.183s] Level 1:colcon.colcon_core.package_discovery:discover_packages(prefix_path) discover
[17.273s] DEBUG:colcon.colcon_installed_package_information.package_discovery:Found 390 installed packages in /opt/ros/jazzy
[17.275s] Level 1:colcon.colcon_core.package_discovery:discover_packages(prefix_path) using defaults
[17.383s] Level 5:colcon.colcon_core.verb:set package 'mars' build argument 'cmake_args' from command line to 'None'
[17.383s] Level 5:colcon.colcon_core.verb:set package 'mars' build argument 'cmake_target' from command line to 'None'
[17.383s] Level 5:colcon.colcon_core.verb:set package 'mars' build argument 'cmake_target_skip_unavailable' from command line to 'False'
[17.383s] Level 5:colcon.colcon_core.verb:set package 'mars' build argument 'cmake_clean_cache' from command line to 'False'
[17.383s] Level 5:colcon.colcon_core.verb:set package 'mars' build argument 'cmake_clean_first' from command line to 'False'
[17.383s] Level 5:colcon.colcon_core.verb:set package 'mars' build argument 'cmake_force_configure' from command line to 'False'
[17.383s] Level 5:colcon.colcon_core.verb:set package 'mars' build argument 'ament_cmake_args' from command line to 'None'
[17.383s] Level 5:colcon.colcon_core.verb:set package 'mars' build argument 'catkin_cmake_args' from command line to 'None'
[17.383s] Level 5:colcon.colcon_core.verb:set package 'mars' build argument 'catkin_skip_building_tests' from command line to 'False'
[17.383s] DEBUG:colcon.colcon_core.verb:Building package 'mars' with the following arguments: {'ament_cmake_args': None, 'build_base': '/home/harsh/ros2_ws/build/mars', 'catkin_cmake_args': None, 'catkin_skip_building_tests': False, 'cmake_args': None, 'cmake_clean_cache': False, 'cmake_clean_first': False, 'cmake_force_configure': False, 'cmake_target': None, 'cmake_target_skip_unavailable': False, 'install_base': '/home/harsh/ros2_ws/install/mars', 'merge_install': False, 'path': '/home/harsh/ros2_ws/src/mars', 'symlink_install': False, 'test_result_base': None}
[17.383s] INFO:colcon.colcon_core.executor:Executing jobs using 'parallel' executor
[17.384s] DEBUG:colcon.colcon_parallel_executor.executor.parallel:run_until_complete
[17.385s] INFO:colcon.colcon_ros.task.ament_cmake.build:Building ROS package in '/home/harsh/ros2_ws/src/mars' with build type 'ament_cmake'
[17.385s] INFO:colcon.colcon_cmake.task.cmake.build:Building CMake package in '/home/harsh/ros2_ws/src/mars'
[17.767s] INFO:colcon.colcon_core.plugin_system:Skipping extension 'colcon_core.shell.bat': Not used on non-Windows systems
[17.768s] INFO:colcon.colcon_core.shell:Skip shell extension 'powershell' for command environment: Not usable outside of PowerShell
[17.768s] DEBUG:colcon.colcon_core.shell:Skip shell extension 'dsv' for command environment
[17.890s] DEBUG:colcon.colcon_core.event_handler.log_command:Invoking command in '/home/harsh/ros2_ws/build/mars': CMAKE_PREFIX_PATH=${CMAKE_PREFIX_PATH}:/opt/ros/jazzy DEBUGINFOD_URLS=https://debuginfod.ubuntu.com /usr/bin/cmake --build /home/harsh/ros2_ws/build/mars -- -j12 -l12
[20.136s] DEBUG:colcon.colcon_core.event_handler.log_command:Invoked command in '/home/harsh/ros2_ws/build/mars' returned '0': CMAKE_PREFIX_PATH=${CMAKE_PREFIX_PATH}:/opt/ros/jazzy DEBUGINFOD_URLS=https://debuginfod.ubuntu.com /usr/bin/cmake --build /home/harsh/ros2_ws/build/mars -- -j12 -l12
[20.238s] DEBUG:colcon.colcon_core.event_handler.log_command:Invoking command in '/home/harsh/ros2_ws/build/mars': CMAKE_PREFIX_PATH=${CMAKE_PREFIX_PATH}:/opt/ros/jazzy DEBUGINFOD_URLS=https://debuginfod.ubuntu.com /usr/bin/cmake --install /home/harsh/ros2_ws/build/mars
[20.579s] Level 1:colcon.colcon_core.environment:create_environment_scripts_only(mars)
[20.579s] DEBUG:colcon.colcon_core.event_handler.log_command:Invoked command in '/home/harsh/ros2_ws/build/mars' returned '0': CMAKE_PREFIX_PATH=${CMAKE_PREFIX_PATH}:/opt/ros/jazzy DEBUGINFOD_URLS=https://debuginfod.ubuntu.com /usr/bin/cmake --install /home/harsh/ros2_ws/build/mars
[20.655s] Level 1:colcon.colcon_core.environment:checking '/home/harsh/ros2_ws/install/mars' for CMake module files
[20.656s] Level 1:colcon.colcon_core.environment:checking '/home/harsh/ros2_ws/install/mars' for CMake config files
[20.657s] Level 1:colcon.colcon_core.shell:create_environment_hook('mars', 'cmake_prefix_path')
[20.657s] INFO:colcon.colcon_core.shell:Creating environment hook '/home/harsh/ros2_ws/install/mars/share/mars/hook/cmake_prefix_path.ps1'
[20.678s] INFO:colcon.colcon_core.shell:Creating environment descriptor '/home/harsh/ros2_ws/install/mars/share/mars/hook/cmake_prefix_path.dsv'
[20.695s] INFO:colcon.colcon_core.shell:Creating environment hook '/home/harsh/ros2_ws/install/mars/share/mars/hook/cmake_prefix_path.sh'
[20.698s] Level 1:colcon.colcon_core.environment:checking '/home/harsh/ros2_ws/install/mars/bin'
[20.698s] Level 1:colcon.colcon_core.environment:checking '/home/harsh/ros2_ws/install/mars/lib/pkgconfig/mars.pc'
[20.698s] Level 1:colcon.colcon_core.environment:checking '/home/harsh/ros2_ws/install/mars/lib/python3.12/site-packages'
[20.698s] Level 1:colcon.colcon_core.environment:checking '/home/harsh/ros2_ws/install/mars/bin'
[20.698s] INFO:colcon.colcon_core.shell:Creating package script '/home/harsh/ros2_ws/install/mars/share/mars/package.ps1'
[20.700s] INFO:colcon.colcon_core.shell:Creating package descriptor '/home/harsh/ros2_ws/install/mars/share/mars/package.dsv'
[20.700s] INFO:colcon.colcon_core.shell:Creating package script '/home/harsh/ros2_ws/install/mars/share/mars/package.sh'
[20.701s] INFO:colcon.colcon_core.shell:Creating package script '/home/harsh/ros2_ws/install/mars/share/mars/package.bash'
[20.707s] INFO:colcon.colcon_core.shell:Creating package script '/home/harsh/ros2_ws/install/mars/share/mars/package.zsh'
[20.725s] Level 1:colcon.colcon_core.environment:create_file_with_runtime_dependencies(/home/harsh/ros2_ws/install/mars/share/colcon-core/packages/mars)
[20.726s] Level 1:colcon.colcon_core.environment:create_environment_scripts_only(mars)
[20.727s] Level 1:colcon.colcon_core.environment:checking '/home/harsh/ros2_ws/install/mars' for CMake module files
[20.727s] Level 1:colcon.colcon_core.environment:checking '/home/harsh/ros2_ws/install/mars' for CMake config files
[20.727s] Level 1:colcon.colcon_core.shell:create_environment_hook('mars', 'cmake_prefix_path')
[20.728s] INFO:colcon.colcon_core.shell:Creating environment hook '/home/harsh/ros2_ws/install/mars/share/mars/hook/cmake_prefix_path.ps1'
[20.728s] INFO:colcon.colcon_core.shell:Creating environment descriptor '/home/harsh/ros2_ws/install/mars/share/mars/hook/cmake_prefix_path.dsv'
[20.728s] INFO:colcon.colcon_core.shell:Creating environment hook '/home/harsh/ros2_ws/install/mars/share/mars/hook/cmake_prefix_path.sh'
[20.728s] Level 1:colcon.colcon_core.environment:checking '/home/harsh/ros2_ws/install/mars/bin'
[20.728s] Level 1:colcon.colcon_core.environment:checking '/home/harsh/ros2_ws/install/mars/lib/pkgconfig/mars.pc'
[20.729s] Level 1:colcon.colcon_core.environment:checking '/home/harsh/ros2_ws/install/mars/lib/python3.12/site-packages'
[20.729s] Level 1:colcon.colcon_core.environment:checking '/home/harsh/ros2_ws/install/mars/bin'
[20.729s] INFO:colcon.colcon_core.shell:Creating package script '/home/harsh/ros2_ws/install/mars/share/mars/package.ps1'
[20.729s] INFO:colcon.colcon_core.shell:Creating package descriptor '/home/harsh/ros2_ws/install/mars/share/mars/package.dsv'
[20.729s] INFO:colcon.colcon_core.shell:Creating package script '/home/harsh/ros2_ws/install/mars/share/mars/package.sh'
[20.730s] INFO:colcon.colcon_core.shell:Creating package script '/home/harsh/ros2_ws/install/mars/share/mars/package.bash'
[20.730s] INFO:colcon.colcon_core.shell:Creating package script '/home/harsh/ros2_ws/install/mars/share/mars/package.zsh'
[20.730s] Level 1:colcon.colcon_core.environment:create_file_with_runtime_dependencies(/home/harsh/ros2_ws/install/mars/share/colcon-core/packages/mars)
[20.730s] DEBUG:colcon.colcon_parallel_executor.executor.parallel:closing loop
[20.731s] DEBUG:colcon.colcon_parallel_executor.executor.parallel:loop closed
[20.731s] DEBUG:colcon.colcon_parallel_executor.executor.parallel:run_until_complete finished with '0'
[20.731s] DEBUG:colcon.colcon_core.event_reactor:joining thread
[20.753s] INFO:colcon.colcon_core.plugin_system:Skipping extension 'colcon_notification.desktop_notification.terminal_notifier': Not used on non-Darwin systems
[20.753s] INFO:colcon.colcon_core.plugin_system:Skipping extension 'colcon_notification.desktop_notification.win32': Not used on non-Windows systems
[20.753s] INFO:colcon.colcon_notification.desktop_notification:Sending desktop notification using 'notify2'
[20.772s] DEBUG:colcon.colcon_core.event_reactor:joined thread
[20.773s] INFO:colcon.colcon_core.shell:Creating prefix script '/home/harsh/ros2_ws/install/local_setup.ps1'
[20.773s] INFO:colcon.colcon_core.shell:Creating prefix util module '/home/harsh/ros2_ws/install/_local_setup_util_ps1.py'
[20.774s] INFO:colcon.colcon_core.shell:Creating prefix chain script '/home/harsh/ros2_ws/install/setup.ps1'
[20.775s] INFO:colcon.colcon_core.shell:Creating prefix script '/home/harsh/ros2_ws/install/local_setup.sh'
[20.776s] INFO:colcon.colcon_core.shell:Creating prefix util module '/home/harsh/ros2_ws/install/_local_setup_util_sh.py'
[20.776s] INFO:colcon.colcon_core.shell:Creating prefix chain script '/home/harsh/ros2_ws/install/setup.sh'
[20.777s] INFO:colcon.colcon_core.shell:Creating prefix script '/home/harsh/ros2_ws/install/local_setup.bash'
[20.817s] INFO:colcon.colcon_core.shell:Creating prefix chain script '/home/harsh/ros2_ws/install/setup.bash'
[20.818s] INFO:colcon.colcon_core.shell:Creating prefix script '/home/harsh/ros2_ws/install/local_setup.zsh'
[20.819s] INFO:colcon.colcon_core.shell:Creating prefix chain script '/home/harsh/ros2_ws/install/setup.zsh'
