[0.171s] DEBUG:colcon:Command line arguments: ['/usr/bin/colcon', 'build']
[0.171s] DEBUG:colcon:Parsed command line arguments: Namespace(log_base=None, log_level=None, verb_name='build', build_base='build', install_base='install', merge_install=False, symlink_install=False, test_result_base=None, continue_on_error=False, executor='parallel', parallel_workers=12, event_handlers=None, ignore_user_meta=False, metas=['./colcon.meta'], base_paths=['.'], packages_ignore=None, packages_ignore_regex=None, paths=None, packages_up_to=None, packages_up_to_regex=None, packages_above=None, packages_above_and_dependencies=None, packages_above_depth=None, packages_select_by_dep=None, packages_skip_by_dep=None, packages_skip_up_to=None, packages_select_build_failed=False, packages_skip_build_finished=False, packages_select_test_failures=False, packages_skip_test_passed=False, packages_select=None, packages_skip=None, packages_select_regex=None, packages_skip_regex=None, packages_start=None, packages_end=None, allow_overriding=[], cmake_args=None, cmake_target=None, cmake_target_skip_unavailable=False, cmake_clean_cache=False, cmake_clean_first=False, cmake_force_configure=False, ament_cmake_args=None, catkin_cmake_args=None, catkin_skip_building_tests=False, mixin_files=None, mixin=None, verb_parser=<colcon_mixin.mixin.mixin_argument.MixinArgumentDecorator object at 0x7c916b0a93a0>, verb_extension=<colcon_core.verb.build.BuildVerb object at 0x7c916b0a8650>, main=<bound method BuildVerb.main of <colcon_core.verb.build.BuildVerb object at 0x7c916b0a8650>>, mixin_verb=('build',))
[0.235s] Level 1:colcon.colcon_core.package_discovery:discover_packages(colcon_meta) check parameters
[0.235s] Level 1:colcon.colcon_core.package_discovery:discover_packages(recursive) check parameters
[0.235s] Level 1:colcon.colcon_core.package_discovery:discover_packages(ignore) check parameters
[0.235s] Level 1:colcon.colcon_core.package_discovery:discover_packages(path) check parameters
[0.235s] Level 1:colcon.colcon_core.package_discovery:discover_packages(colcon_meta) discover
[0.235s] Level 1:colcon.colcon_core.package_discovery:discover_packages(recursive) discover
[0.235s] INFO:colcon.colcon_core.package_discovery:Crawling recursively for packages in '/home/harsh/ros2_ws'
[0.235s] Level 1:colcon.colcon_core.package_identification:_identify(.) by extensions ['ignore', 'ignore_ament_install']
[0.236s] Level 1:colcon.colcon_core.package_identification:_identify(.) by extension 'ignore'
[0.236s] Level 1:colcon.colcon_core.package_identification:_identify(.) by extension 'ignore_ament_install'
[0.236s] Level 1:colcon.colcon_core.package_identification:_identify(.) by extensions ['colcon_pkg']
[0.236s] Level 1:colcon.colcon_core.package_identification:_identify(.) by extension 'colcon_pkg'
[0.236s] Level 1:colcon.colcon_core.package_identification:_identify(.) by extensions ['colcon_meta']
[0.236s] Level 1:colcon.colcon_core.package_identification:_identify(.) by extension 'colcon_meta'
[0.236s] Level 1:colcon.colcon_core.package_identification:_identify(.) by extensions ['ros']
[0.236s] Level 1:colcon.colcon_core.package_identification:_identify(.) by extension 'ros'
[0.275s] Level 1:colcon.colcon_core.package_identification:_identify(.) by extensions ['cmake', 'python']
[0.275s] Level 1:colcon.colcon_core.package_identification:_identify(.) by extension 'cmake'
[0.275s] Level 1:colcon.colcon_core.package_identification:_identify(.) by extension 'python'
[0.275s] Level 1:colcon.colcon_core.package_identification:_identify(.) by extensions ['python_setup_py']
[0.275s] Level 1:colcon.colcon_core.package_identification:_identify(.) by extension 'python_setup_py'
[0.275s] Level 1:colcon.colcon_core.package_identification:_identify(build) by extensions ['ignore', 'ignore_ament_install']
[0.275s] Level 1:colcon.colcon_core.package_identification:_identify(build) by extension 'ignore'
[0.275s] Level 1:colcon.colcon_core.package_identification:_identify(build) ignored
[0.275s] Level 1:colcon.colcon_core.package_identification:_identify(install) by extensions ['ignore', 'ignore_ament_install']
[0.275s] Level 1:colcon.colcon_core.package_identification:_identify(install) by extension 'ignore'
[0.275s] Level 1:colcon.colcon_core.package_identification:_identify(install) ignored
[0.276s] Level 1:colcon.colcon_core.package_identification:_identify(log) by extensions ['ignore', 'ignore_ament_install']
[0.276s] Level 1:colcon.colcon_core.package_identification:_identify(log) by extension 'ignore'
[0.276s] Level 1:colcon.colcon_core.package_identification:_identify(log) ignored
[0.276s] Level 1:colcon.colcon_core.package_identification:_identify(mars_website) by extensions ['ignore', 'ignore_ament_install']
[0.276s] Level 1:colcon.colcon_core.package_identification:_identify(mars_website) by extension 'ignore'
[0.276s] Level 1:colcon.colcon_core.package_identification:_identify(mars_website) by extension 'ignore_ament_install'
[0.276s] Level 1:colcon.colcon_core.package_identification:_identify(mars_website) by extensions ['colcon_pkg']
[0.276s] Level 1:colcon.colcon_core.package_identification:_identify(mars_website) by extension 'colcon_pkg'
[0.276s] Level 1:colcon.colcon_core.package_identification:_identify(mars_website) by extensions ['colcon_meta']
[0.276s] Level 1:colcon.colcon_core.package_identification:_identify(mars_website) by extension 'colcon_meta'
[0.276s] Level 1:colcon.colcon_core.package_identification:_identify(mars_website) by extensions ['ros']
[0.276s] Level 1:colcon.colcon_core.package_identification:_identify(mars_website) by extension 'ros'
[0.276s] Level 1:colcon.colcon_core.package_identification:_identify(mars_website) by extensions ['cmake', 'python']
[0.276s] Level 1:colcon.colcon_core.package_identification:_identify(mars_website) by extension 'cmake'
[0.276s] Level 1:colcon.colcon_core.package_identification:_identify(mars_website) by extension 'python'
[0.276s] Level 1:colcon.colcon_core.package_identification:_identify(mars_website) by extensions ['python_setup_py']
[0.276s] Level 1:colcon.colcon_core.package_identification:_identify(mars_website) by extension 'python_setup_py'
[0.276s] Level 1:colcon.colcon_core.package_identification:_identify(mars_website/db) by extensions ['ignore', 'ignore_ament_install']
[0.277s] Level 1:colcon.colcon_core.package_identification:_identify(mars_website/db) by extension 'ignore'
[0.277s] Level 1:colcon.colcon_core.package_identification:_identify(mars_website/db) by extension 'ignore_ament_install'
[0.277s] Level 1:colcon.colcon_core.package_identification:_identify(mars_website/db) by extensions ['colcon_pkg']
[0.277s] Level 1:colcon.colcon_core.package_identification:_identify(mars_website/db) by extension 'colcon_pkg'
[0.277s] Level 1:colcon.colcon_core.package_identification:_identify(mars_website/db) by extensions ['colcon_meta']
[0.277s] Level 1:colcon.colcon_core.package_identification:_identify(mars_website/db) by extension 'colcon_meta'
[0.277s] Level 1:colcon.colcon_core.package_identification:_identify(mars_website/db) by extensions ['ros']
[0.277s] Level 1:colcon.colcon_core.package_identification:_identify(mars_website/db) by extension 'ros'
[0.277s] Level 1:colcon.colcon_core.package_identification:_identify(mars_website/db) by extensions ['cmake', 'python']
[0.277s] Level 1:colcon.colcon_core.package_identification:_identify(mars_website/db) by extension 'cmake'
[0.277s] Level 1:colcon.colcon_core.package_identification:_identify(mars_website/db) by extension 'python'
[0.277s] Level 1:colcon.colcon_core.package_identification:_identify(mars_website/db) by extensions ['python_setup_py']
[0.277s] Level 1:colcon.colcon_core.package_identification:_identify(mars_website/db) by extension 'python_setup_py'
[0.277s] Level 1:colcon.colcon_core.package_identification:_identify(mars_website/node_modules) by extensions ['ignore', 'ignore_ament_install']
[0.277s] Level 1:colcon.colcon_core.package_identification:_identify(mars_website/node_modules) by extension 'ignore'
[0.277s] Level 1:colcon.colcon_core.package_identification:_identify(mars_website/node_modules) by extension 'ignore_ament_install'
[0.277s] Level 1:colcon.colcon_core.package_identification:_identify(mars_website/node_modules) by extensions ['colcon_pkg']
[0.277s] Level 1:colcon.colcon_core.package_identification:_identify(mars_website/node_modules) by extension 'colcon_pkg'
[0.277s] Level 1:colcon.colcon_core.package_identification:_identify(mars_website/node_modules) by extensions ['colcon_meta']
[0.277s] Level 1:colcon.colcon_core.package_identification:_identify(mars_website/node_modules) by extension 'colcon_meta'
[0.277s] Level 1:colcon.colcon_core.package_identification:_identify(mars_website/node_modules) by extensions ['ros']
[0.277s] Level 1:colcon.colcon_core.package_identification:_identify(mars_website/node_modules) by extension 'ros'
[0.277s] Level 1:colcon.colcon_core.package_identification:_identify(mars_website/node_modules) by extensions ['cmake', 'python']
[0.277s] Level 1:colcon.colcon_core.package_identification:_identify(mars_website/node_modules) by extension 'cmake'
[0.277s] Level 1:colcon.colcon_core.package_identification:_identify(mars_website/node_modules) by extension 'python'
[0.277s] Level 1:colcon.colcon_core.package_identification:_identify(mars_website/node_modules) by extensions ['python_setup_py']
[0.277s] Level 1:colcon.colcon_core.package_identification:_identify(mars_website/node_modules) by extension 'python_setup_py'
[0.278s] Level 1:colcon.colcon_core.package_identification:_identify(mars_website/node_modules/@mongodb-js) by extensions ['ignore', 'ignore_ament_install']
[0.278s] Level 1:colcon.colcon_core.package_identification:_identify(mars_website/node_modules/@mongodb-js) by extension 'ignore'
[0.278s] Level 1:colcon.colcon_core.package_identification:_identify(mars_website/node_modules/@mongodb-js) by extension 'ignore_ament_install'
[0.278s] Level 1:colcon.colcon_core.package_identification:_identify(mars_website/node_modules/@mongodb-js) by extensions ['colcon_pkg']
[0.278s] Level 1:colcon.colcon_core.package_identification:_identify(mars_website/node_modules/@mongodb-js) by extension 'colcon_pkg'
[0.278s] Level 1:colcon.colcon_core.package_identification:_identify(mars_website/node_modules/@mongodb-js) by extensions ['colcon_meta']
[0.278s] Level 1:colcon.colcon_core.package_identification:_identify(mars_website/node_modules/@mongodb-js) by extension 'colcon_meta'
[0.278s] Level 1:colcon.colcon_core.package_identification:_identify(mars_website/node_modules/@mongodb-js) by extensions ['ros']
[0.278s] Level 1:colcon.colcon_core.package_identification:_identify(mars_website/node_modules/@mongodb-js) by extension 'ros'
[0.278s] Level 1:colcon.colcon_core.package_identification:_identify(mars_website/node_modules/@mongodb-js) by extensions ['cmake', 'python']
[0.278s] Level 1:colcon.colcon_core.package_identification:_identify(mars_website/node_modules/@mongodb-js) by extension 'cmake'
[0.278s] Level 1:colcon.colcon_core.package_identification:_identify(mars_website/node_modules/@mongodb-js) by extension 'python'
[0.278s] Level 1:colcon.colcon_core.package_identification:_identify(mars_website/node_modules/@mongodb-js) by extensions ['python_setup_py']
[0.278s] Level 1:colcon.colcon_core.package_identification:_identify(mars_website/node_modules/@mongodb-js) by extension 'python_setup_py'
[0.278s] Level 1:colcon.colcon_core.package_identification:_identify(mars_website/node_modules/@mongodb-js/saslprep) by extensions ['ignore', 'ignore_ament_install']
[0.278s] Level 1:colcon.colcon_core.package_identification:_identify(mars_website/node_modules/@mongodb-js/saslprep) by extension 'ignore'
[0.278s] Level 1:colcon.colcon_core.package_identification:_identify(mars_website/node_modules/@mongodb-js/saslprep) by extension 'ignore_ament_install'
[0.278s] Level 1:colcon.colcon_core.package_identification:_identify(mars_website/node_modules/@mongodb-js/saslprep) by extensions ['colcon_pkg']
[0.278s] Level 1:colcon.colcon_core.package_identification:_identify(mars_website/node_modules/@mongodb-js/saslprep) by extension 'colcon_pkg'
[0.278s] Level 1:colcon.colcon_core.package_identification:_identify(mars_website/node_modules/@mongodb-js/saslprep) by extensions ['colcon_meta']
[0.278s] Level 1:colcon.colcon_core.package_identification:_identify(mars_website/node_modules/@mongodb-js/saslprep) by extension 'colcon_meta'
[0.278s] Level 1:colcon.colcon_core.package_identification:_identify(mars_website/node_modules/@mongodb-js/saslprep) by extensions ['ros']
[0.278s] Level 1:colcon.colcon_core.package_identification:_identify(mars_website/node_modules/@mongodb-js/saslprep) by extension 'ros'
[0.279s] Level 1:colcon.colcon_core.package_identification:_identify(mars_website/node_modules/@mongodb-js/saslprep) by extensions ['cmake', 'python']
[0.279s] Level 1:colcon.colcon_core.package_identification:_identify(mars_website/node_modules/@mongodb-js/saslprep) by extension 'cmake'
[0.279s] Level 1:colcon.colcon_core.package_identification:_identify(mars_website/node_modules/@mongodb-js/saslprep) by extension 'python'
[0.279s] Level 1:colcon.colcon_core.package_identification:_identify(mars_website/node_modules/@mongodb-js/saslprep) by extensions ['python_setup_py']
[0.279s] Level 1:colcon.colcon_core.package_identification:_identify(mars_website/node_modules/@mongodb-js/saslprep) by extension 'python_setup_py'
[0.279s] Level 1:colcon.colcon_core.package_identification:_identify(mars_website/node_modules/@mongodb-js/saslprep/dist) by extensions ['ignore', 'ignore_ament_install']
[0.279s] Level 1:colcon.colcon_core.package_identification:_identify(mars_website/node_modules/@mongodb-js/saslprep/dist) by extension 'ignore'
[0.279s] Level 1:colcon.colcon_core.package_identification:_identify(mars_website/node_modules/@mongodb-js/saslprep/dist) by extension 'ignore_ament_install'
[0.279s] Level 1:colcon.colcon_core.package_identification:_identify(mars_website/node_modules/@mongodb-js/saslprep/dist) by extensions ['colcon_pkg']
[0.279s] Level 1:colcon.colcon_core.package_identification:_identify(mars_website/node_modules/@mongodb-js/saslprep/dist) by extension 'colcon_pkg'
[0.279s] Level 1:colcon.colcon_core.package_identification:_identify(mars_website/node_modules/@mongodb-js/saslprep/dist) by extensions ['colcon_meta']
[0.279s] Level 1:colcon.colcon_core.package_identification:_identify(mars_website/node_modules/@mongodb-js/saslprep/dist) by extension 'colcon_meta'
[0.279s] Level 1:colcon.colcon_core.package_identification:_identify(mars_website/node_modules/@mongodb-js/saslprep/dist) by extensions ['ros']
[0.279s] Level 1:colcon.colcon_core.package_identification:_identify(mars_website/node_modules/@mongodb-js/saslprep/dist) by extension 'ros'
[0.279s] Level 1:colcon.colcon_core.package_identification:_identify(mars_website/node_modules/@mongodb-js/saslprep/dist) by extensions ['cmake', 'python']
[0.279s] Level 1:colcon.colcon_core.package_identification:_identify(mars_website/node_modules/@mongodb-js/saslprep/dist) by extension 'cmake'
[0.279s] Level 1:colcon.colcon_core.package_identification:_identify(mars_website/node_modules/@mongodb-js/saslprep/dist) by extension 'python'
[0.279s] Level 1:colcon.colcon_core.package_identification:_identify(mars_website/node_modules/@mongodb-js/saslprep/dist) by extensions ['python_setup_py']
[0.279s] Level 1:colcon.colcon_core.package_identification:_identify(mars_website/node_modules/@mongodb-js/saslprep/dist) by extension 'python_setup_py'
[0.279s] Level 1:colcon.colcon_core.package_identification:_identify(mars_website/node_modules/@types) by extensions ['ignore', 'ignore_ament_install']
[0.279s] Level 1:colcon.colcon_core.package_identification:_identify(mars_website/node_modules/@types) by extension 'ignore'
[0.280s] Level 1:colcon.colcon_core.package_identification:_identify(mars_website/node_modules/@types) by extension 'ignore_ament_install'
[0.280s] Level 1:colcon.colcon_core.package_identification:_identify(mars_website/node_modules/@types) by extensions ['colcon_pkg']
[0.280s] Level 1:colcon.colcon_core.package_identification:_identify(mars_website/node_modules/@types) by extension 'colcon_pkg'
[0.280s] Level 1:colcon.colcon_core.package_identification:_identify(mars_website/node_modules/@types) by extensions ['colcon_meta']
[0.280s] Level 1:colcon.colcon_core.package_identification:_identify(mars_website/node_modules/@types) by extension 'colcon_meta'
[0.280s] Level 1:colcon.colcon_core.package_identification:_identify(mars_website/node_modules/@types) by extensions ['ros']
[0.280s] Level 1:colcon.colcon_core.package_identification:_identify(mars_website/node_modules/@types) by extension 'ros'
[0.280s] Level 1:colcon.colcon_core.package_identification:_identify(mars_website/node_modules/@types) by extensions ['cmake', 'python']
[0.280s] Level 1:colcon.colcon_core.package_identification:_identify(mars_website/node_modules/@types) by extension 'cmake'
[0.280s] Level 1:colcon.colcon_core.package_identification:_identify(mars_website/node_modules/@types) by extension 'python'
[0.280s] Level 1:colcon.colcon_core.package_identification:_identify(mars_website/node_modules/@types) by extensions ['python_setup_py']
[0.280s] Level 1:colcon.colcon_core.package_identification:_identify(mars_website/node_modules/@types) by extension 'python_setup_py'
[0.280s] Level 1:colcon.colcon_core.package_identification:_identify(mars_website/node_modules/@types/webidl-conversions) by extensions ['ignore', 'ignore_ament_install']
[0.280s] Level 1:colcon.colcon_core.package_identification:_identify(mars_website/node_modules/@types/webidl-conversions) by extension 'ignore'
[0.280s] Level 1:colcon.colcon_core.package_identification:_identify(mars_website/node_modules/@types/webidl-conversions) by extension 'ignore_ament_install'
[0.280s] Level 1:colcon.colcon_core.package_identification:_identify(mars_website/node_modules/@types/webidl-conversions) by extensions ['colcon_pkg']
[0.280s] Level 1:colcon.colcon_core.package_identification:_identify(mars_website/node_modules/@types/webidl-conversions) by extension 'colcon_pkg'
[0.280s] Level 1:colcon.colcon_core.package_identification:_identify(mars_website/node_modules/@types/webidl-conversions) by extensions ['colcon_meta']
[0.280s] Level 1:colcon.colcon_core.package_identification:_identify(mars_website/node_modules/@types/webidl-conversions) by extension 'colcon_meta'
[0.280s] Level 1:colcon.colcon_core.package_identification:_identify(mars_website/node_modules/@types/webidl-conversions) by extensions ['ros']
[0.280s] Level 1:colcon.colcon_core.package_identification:_identify(mars_website/node_modules/@types/webidl-conversions) by extension 'ros'
[0.280s] Level 1:colcon.colcon_core.package_identification:_identify(mars_website/node_modules/@types/webidl-conversions) by extensions ['cmake', 'python']
[0.280s] Level 1:colcon.colcon_core.package_identification:_identify(mars_website/node_modules/@types/webidl-conversions) by extension 'cmake'
[0.280s] Level 1:colcon.colcon_core.package_identification:_identify(mars_website/node_modules/@types/webidl-conversions) by extension 'python'
[0.280s] Level 1:colcon.colcon_core.package_identification:_identify(mars_website/node_modules/@types/webidl-conversions) by extensions ['python_setup_py']
[0.281s] Level 1:colcon.colcon_core.package_identification:_identify(mars_website/node_modules/@types/webidl-conversions) by extension 'python_setup_py'
[0.281s] Level 1:colcon.colcon_core.package_identification:_identify(mars_website/node_modules/@types/whatwg-url) by extensions ['ignore', 'ignore_ament_install']
[0.281s] Level 1:colcon.colcon_core.package_identification:_identify(mars_website/node_modules/@types/whatwg-url) by extension 'ignore'
[0.281s] Level 1:colcon.colcon_core.package_identification:_identify(mars_website/node_modules/@types/whatwg-url) by extension 'ignore_ament_install'
[0.281s] Level 1:colcon.colcon_core.package_identification:_identify(mars_website/node_modules/@types/whatwg-url) by extensions ['colcon_pkg']
[0.281s] Level 1:colcon.colcon_core.package_identification:_identify(mars_website/node_modules/@types/whatwg-url) by extension 'colcon_pkg'
[0.281s] Level 1:colcon.colcon_core.package_identification:_identify(mars_website/node_modules/@types/whatwg-url) by extensions ['colcon_meta']
[0.281s] Level 1:colcon.colcon_core.package_identification:_identify(mars_website/node_modules/@types/whatwg-url) by extension 'colcon_meta'
[0.281s] Level 1:colcon.colcon_core.package_identification:_identify(mars_website/node_modules/@types/whatwg-url) by extensions ['ros']
[0.281s] Level 1:colcon.colcon_core.package_identification:_identify(mars_website/node_modules/@types/whatwg-url) by extension 'ros'
[0.281s] Level 1:colcon.colcon_core.package_identification:_identify(mars_website/node_modules/@types/whatwg-url) by extensions ['cmake', 'python']
[0.281s] Level 1:colcon.colcon_core.package_identification:_identify(mars_website/node_modules/@types/whatwg-url) by extension 'cmake'
[0.281s] Level 1:colcon.colcon_core.package_identification:_identify(mars_website/node_modules/@types/whatwg-url) by extension 'python'
[0.281s] Level 1:colcon.colcon_core.package_identification:_identify(mars_website/node_modules/@types/whatwg-url) by extensions ['python_setup_py']
[0.281s] Level 1:colcon.colcon_core.package_identification:_identify(mars_website/node_modules/@types/whatwg-url) by extension 'python_setup_py'
[0.281s] Level 1:colcon.colcon_core.package_identification:_identify(mars_website/node_modules/@types/whatwg-url/lib) by extensions ['ignore', 'ignore_ament_install']
[0.281s] Level 1:colcon.colcon_core.package_identification:_identify(mars_website/node_modules/@types/whatwg-url/lib) by extension 'ignore'
[0.281s] Level 1:colcon.colcon_core.package_identification:_identify(mars_website/node_modules/@types/whatwg-url/lib) by extension 'ignore_ament_install'
[0.281s] Level 1:colcon.colcon_core.package_identification:_identify(mars_website/node_modules/@types/whatwg-url/lib) by extensions ['colcon_pkg']
[0.281s] Level 1:colcon.colcon_core.package_identification:_identify(mars_website/node_modules/@types/whatwg-url/lib) by extension 'colcon_pkg'
[0.281s] Level 1:colcon.colcon_core.package_identification:_identify(mars_website/node_modules/@types/whatwg-url/lib) by extensions ['colcon_meta']
[0.281s] Level 1:colcon.colcon_core.package_identification:_identify(mars_website/node_modules/@types/whatwg-url/lib) by extension 'colcon_meta'
[0.281s] Level 1:colcon.colcon_core.package_identification:_identify(mars_website/node_modules/@types/whatwg-url/lib) by extensions ['ros']
[0.282s] Level 1:colcon.colcon_core.package_identification:_identify(mars_website/node_modules/@types/whatwg-url/lib) by extension 'ros'
[0.282s] Level 1:colcon.colcon_core.package_identification:_identify(mars_website/node_modules/@types/whatwg-url/lib) by extensions ['cmake', 'python']
[0.282s] Level 1:colcon.colcon_core.package_identification:_identify(mars_website/node_modules/@types/whatwg-url/lib) by extension 'cmake'
[0.282s] Level 1:colcon.colcon_core.package_identification:_identify(mars_website/node_modules/@types/whatwg-url/lib) by extension 'python'
[0.282s] Level 1:colcon.colcon_core.package_identification:_identify(mars_website/node_modules/@types/whatwg-url/lib) by extensions ['python_setup_py']
[0.282s] Level 1:colcon.colcon_core.package_identification:_identify(mars_website/node_modules/@types/whatwg-url/lib) by extension 'python_setup_py'
[0.282s] Level 1:colcon.colcon_core.package_identification:_identify(mars_website/node_modules/bson) by extensions ['ignore', 'ignore_ament_install']
[0.282s] Level 1:colcon.colcon_core.package_identification:_identify(mars_website/node_modules/bson) by extension 'ignore'
[0.282s] Level 1:colcon.colcon_core.package_identification:_identify(mars_website/node_modules/bson) by extension 'ignore_ament_install'
[0.282s] Level 1:colcon.colcon_core.package_identification:_identify(mars_website/node_modules/bson) by extensions ['colcon_pkg']
[0.282s] Level 1:colcon.colcon_core.package_identification:_identify(mars_website/node_modules/bson) by extension 'colcon_pkg'
[0.282s] Level 1:colcon.colcon_core.package_identification:_identify(mars_website/node_modules/bson) by extensions ['colcon_meta']
[0.282s] Level 1:colcon.colcon_core.package_identification:_identify(mars_website/node_modules/bson) by extension 'colcon_meta'
[0.282s] Level 1:colcon.colcon_core.package_identification:_identify(mars_website/node_modules/bson) by extensions ['ros']
[0.282s] Level 1:colcon.colcon_core.package_identification:_identify(mars_website/node_modules/bson) by extension 'ros'
[0.282s] Level 1:colcon.colcon_core.package_identification:_identify(mars_website/node_modules/bson) by extensions ['cmake', 'python']
[0.282s] Level 1:colcon.colcon_core.package_identification:_identify(mars_website/node_modules/bson) by extension 'cmake'
[0.282s] Level 1:colcon.colcon_core.package_identification:_identify(mars_website/node_modules/bson) by extension 'python'
[0.282s] Level 1:colcon.colcon_core.package_identification:_identify(mars_website/node_modules/bson) by extensions ['python_setup_py']
[0.282s] Level 1:colcon.colcon_core.package_identification:_identify(mars_website/node_modules/bson) by extension 'python_setup_py'
[0.282s] Level 1:colcon.colcon_core.package_identification:_identify(mars_website/node_modules/bson/etc) by extensions ['ignore', 'ignore_ament_install']
[0.282s] Level 1:colcon.colcon_core.package_identification:_identify(mars_website/node_modules/bson/etc) by extension 'ignore'
[0.282s] Level 1:colcon.colcon_core.package_identification:_identify(mars_website/node_modules/bson/etc) by extension 'ignore_ament_install'
[0.282s] Level 1:colcon.colcon_core.package_identification:_identify(mars_website/node_modules/bson/etc) by extensions ['colcon_pkg']
[0.283s] Level 1:colcon.colcon_core.package_identification:_identify(mars_website/node_modules/bson/etc) by extension 'colcon_pkg'
[0.283s] Level 1:colcon.colcon_core.package_identification:_identify(mars_website/node_modules/bson/etc) by extensions ['colcon_meta']
[0.283s] Level 1:colcon.colcon_core.package_identification:_identify(mars_website/node_modules/bson/etc) by extension 'colcon_meta'
[0.283s] Level 1:colcon.colcon_core.package_identification:_identify(mars_website/node_modules/bson/etc) by extensions ['ros']
[0.283s] Level 1:colcon.colcon_core.package_identification:_identify(mars_website/node_modules/bson/etc) by extension 'ros'
[0.283s] Level 1:colcon.colcon_core.package_identification:_identify(mars_website/node_modules/bson/etc) by extensions ['cmake', 'python']
[0.283s] Level 1:colcon.colcon_core.package_identification:_identify(mars_website/node_modules/bson/etc) by extension 'cmake'
[0.283s] Level 1:colcon.colcon_core.package_identification:_identify(mars_website/node_modules/bson/etc) by extension 'python'
[0.283s] Level 1:colcon.colcon_core.package_identification:_identify(mars_website/node_modules/bson/etc) by extensions ['python_setup_py']
[0.283s] Level 1:colcon.colcon_core.package_identification:_identify(mars_website/node_modules/bson/etc) by extension 'python_setup_py'
[0.283s] Level 1:colcon.colcon_core.package_identification:_identify(mars_website/node_modules/bson/lib) by extensions ['ignore', 'ignore_ament_install']
[0.283s] Level 1:colcon.colcon_core.package_identification:_identify(mars_website/node_modules/bson/lib) by extension 'ignore'
[0.283s] Level 1:colcon.colcon_core.package_identification:_identify(mars_website/node_modules/bson/lib) by extension 'ignore_ament_install'
[0.283s] Level 1:colcon.colcon_core.package_identification:_identify(mars_website/node_modules/bson/lib) by extensions ['colcon_pkg']
[0.283s] Level 1:colcon.colcon_core.package_identification:_identify(mars_website/node_modules/bson/lib) by extension 'colcon_pkg'
[0.283s] Level 1:colcon.colcon_core.package_identification:_identify(mars_website/node_modules/bson/lib) by extensions ['colcon_meta']
[0.283s] Level 1:colcon.colcon_core.package_identification:_identify(mars_website/node_modules/bson/lib) by extension 'colcon_meta'
[0.283s] Level 1:colcon.colcon_core.package_identification:_identify(mars_website/node_modules/bson/lib) by extensions ['ros']
[0.283s] Level 1:colcon.colcon_core.package_identification:_identify(mars_website/node_modules/bson/lib) by extension 'ros'
[0.283s] Level 1:colcon.colcon_core.package_identification:_identify(mars_website/node_modules/bson/lib) by extensions ['cmake', 'python']
[0.283s] Level 1:colcon.colcon_core.package_identification:_identify(mars_website/node_modules/bson/lib) by extension 'cmake'
[0.283s] Level 1:colcon.colcon_core.package_identification:_identify(mars_website/node_modules/bson/lib) by extension 'python'
[0.283s] Level 1:colcon.colcon_core.package_identification:_identify(mars_website/node_modules/bson/lib) by extensions ['python_setup_py']
[0.283s] Level 1:colcon.colcon_core.package_identification:_identify(mars_website/node_modules/bson/lib) by extension 'python_setup_py'
[0.283s] Level 1:colcon.colcon_core.package_identification:_identify(mars_website/node_modules/bson/src) by extensions ['ignore', 'ignore_ament_install']
[0.284s] Level 1:colcon.colcon_core.package_identification:_identify(mars_website/node_modules/bson/src) by extension 'ignore'
[0.284s] Level 1:colcon.colcon_core.package_identification:_identify(mars_website/node_modules/bson/src) by extension 'ignore_ament_install'
[0.284s] Level 1:colcon.colcon_core.package_identification:_identify(mars_website/node_modules/bson/src) by extensions ['colcon_pkg']
[0.284s] Level 1:colcon.colcon_core.package_identification:_identify(mars_website/node_modules/bson/src) by extension 'colcon_pkg'
[0.284s] Level 1:colcon.colcon_core.package_identification:_identify(mars_website/node_modules/bson/src) by extensions ['colcon_meta']
[0.284s] Level 1:colcon.colcon_core.package_identification:_identify(mars_website/node_modules/bson/src) by extension 'colcon_meta'
[0.284s] Level 1:colcon.colcon_core.package_identification:_identify(mars_website/node_modules/bson/src) by extensions ['ros']
[0.284s] Level 1:colcon.colcon_core.package_identification:_identify(mars_website/node_modules/bson/src) by extension 'ros'
[0.284s] Level 1:colcon.colcon_core.package_identification:_identify(mars_website/node_modules/bson/src) by extensions ['cmake', 'python']
[0.284s] Level 1:colcon.colcon_core.package_identification:_identify(mars_website/node_modules/bson/src) by extension 'cmake'
[0.284s] Level 1:colcon.colcon_core.package_identification:_identify(mars_website/node_modules/bson/src) by extension 'python'
[0.284s] Level 1:colcon.colcon_core.package_identification:_identify(mars_website/node_modules/bson/src) by extensions ['python_setup_py']
[0.284s] Level 1:colcon.colcon_core.package_identification:_identify(mars_website/node_modules/bson/src) by extension 'python_setup_py'
[0.284s] Level 1:colcon.colcon_core.package_identification:_identify(mars_website/node_modules/bson/src/parser) by extensions ['ignore', 'ignore_ament_install']
[0.284s] Level 1:colcon.colcon_core.package_identification:_identify(mars_website/node_modules/bson/src/parser) by extension 'ignore'
[0.284s] Level 1:colcon.colcon_core.package_identification:_identify(mars_website/node_modules/bson/src/parser) by extension 'ignore_ament_install'
[0.284s] Level 1:colcon.colcon_core.package_identification:_identify(mars_website/node_modules/bson/src/parser) by extensions ['colcon_pkg']
[0.284s] Level 1:colcon.colcon_core.package_identification:_identify(mars_website/node_modules/bson/src/parser) by extension 'colcon_pkg'
[0.284s] Level 1:colcon.colcon_core.package_identification:_identify(mars_website/node_modules/bson/src/parser) by extensions ['colcon_meta']
[0.284s] Level 1:colcon.colcon_core.package_identification:_identify(mars_website/node_modules/bson/src/parser) by extension 'colcon_meta'
[0.284s] Level 1:colcon.colcon_core.package_identification:_identify(mars_website/node_modules/bson/src/parser) by extensions ['ros']
[0.284s] Level 1:colcon.colcon_core.package_identification:_identify(mars_website/node_modules/bson/src/parser) by extension 'ros'
[0.284s] Level 1:colcon.colcon_core.package_identification:_identify(mars_website/node_modules/bson/src/parser) by extensions ['cmake', 'python']
[0.284s] Level 1:colcon.colcon_core.package_identification:_identify(mars_website/node_modules/bson/src/parser) by extension 'cmake'
[0.285s] Level 1:colcon.colcon_core.package_identification:_identify(mars_website/node_modules/bson/src/parser) by extension 'python'
[0.285s] Level 1:colcon.colcon_core.package_identification:_identify(mars_website/node_modules/bson/src/parser) by extensions ['python_setup_py']
[0.285s] Level 1:colcon.colcon_core.package_identification:_identify(mars_website/node_modules/bson/src/parser) by extension 'python_setup_py'
[0.285s] Level 1:colcon.colcon_core.package_identification:_identify(mars_website/node_modules/bson/src/parser/on_demand) by extensions ['ignore', 'ignore_ament_install']
[0.285s] Level 1:colcon.colcon_core.package_identification:_identify(mars_website/node_modules/bson/src/parser/on_demand) by extension 'ignore'
[0.285s] Level 1:colcon.colcon_core.package_identification:_identify(mars_website/node_modules/bson/src/parser/on_demand) by extension 'ignore_ament_install'
[0.285s] Level 1:colcon.colcon_core.package_identification:_identify(mars_website/node_modules/bson/src/parser/on_demand) by extensions ['colcon_pkg']
[0.285s] Level 1:colcon.colcon_core.package_identification:_identify(mars_website/node_modules/bson/src/parser/on_demand) by extension 'colcon_pkg'
[0.285s] Level 1:colcon.colcon_core.package_identification:_identify(mars_website/node_modules/bson/src/parser/on_demand) by extensions ['colcon_meta']
[0.285s] Level 1:colcon.colcon_core.package_identification:_identify(mars_website/node_modules/bson/src/parser/on_demand) by extension 'colcon_meta'
[0.285s] Level 1:colcon.colcon_core.package_identification:_identify(mars_website/node_modules/bson/src/parser/on_demand) by extensions ['ros']
[0.285s] Level 1:colcon.colcon_core.package_identification:_identify(mars_website/node_modules/bson/src/parser/on_demand) by extension 'ros'
[0.285s] Level 1:colcon.colcon_core.package_identification:_identify(mars_website/node_modules/bson/src/parser/on_demand) by extensions ['cmake', 'python']
[0.285s] Level 1:colcon.colcon_core.package_identification:_identify(mars_website/node_modules/bson/src/parser/on_demand) by extension 'cmake'
[0.285s] Level 1:colcon.colcon_core.package_identification:_identify(mars_website/node_modules/bson/src/parser/on_demand) by extension 'python'
[0.285s] Level 1:colcon.colcon_core.package_identification:_identify(mars_website/node_modules/bson/src/parser/on_demand) by extensions ['python_setup_py']
[0.285s] Level 1:colcon.colcon_core.package_identification:_identify(mars_website/node_modules/bson/src/parser/on_demand) by extension 'python_setup_py'
[0.285s] Level 1:colcon.colcon_core.package_identification:_identify(mars_website/node_modules/bson/src/utils) by extensions ['ignore', 'ignore_ament_install']
[0.285s] Level 1:colcon.colcon_core.package_identification:_identify(mars_website/node_modules/bson/src/utils) by extension 'ignore'
[0.285s] Level 1:colcon.colcon_core.package_identification:_identify(mars_website/node_modules/bson/src/utils) by extension 'ignore_ament_install'
[0.285s] Level 1:colcon.colcon_core.package_identification:_identify(mars_website/node_modules/bson/src/utils) by extensions ['colcon_pkg']
[0.285s] Level 1:colcon.colcon_core.package_identification:_identify(mars_website/node_modules/bson/src/utils) by extension 'colcon_pkg'
[0.286s] Level 1:colcon.colcon_core.package_identification:_identify(mars_website/node_modules/bson/src/utils) by extensions ['colcon_meta']
[0.286s] Level 1:colcon.colcon_core.package_identification:_identify(mars_website/node_modules/bson/src/utils) by extension 'colcon_meta'
[0.286s] Level 1:colcon.colcon_core.package_identification:_identify(mars_website/node_modules/bson/src/utils) by extensions ['ros']
[0.286s] Level 1:colcon.colcon_core.package_identification:_identify(mars_website/node_modules/bson/src/utils) by extension 'ros'
[0.286s] Level 1:colcon.colcon_core.package_identification:_identify(mars_website/node_modules/bson/src/utils) by extensions ['cmake', 'python']
[0.286s] Level 1:colcon.colcon_core.package_identification:_identify(mars_website/node_modules/bson/src/utils) by extension 'cmake'
[0.286s] Level 1:colcon.colcon_core.package_identification:_identify(mars_website/node_modules/bson/src/utils) by extension 'python'
[0.286s] Level 1:colcon.colcon_core.package_identification:_identify(mars_website/node_modules/bson/src/utils) by extensions ['python_setup_py']
[0.286s] Level 1:colcon.colcon_core.package_identification:_identify(mars_website/node_modules/bson/src/utils) by extension 'python_setup_py'
[0.286s] Level 1:colcon.colcon_core.package_identification:_identify(mars_website/node_modules/memory-pager) by extensions ['ignore', 'ignore_ament_install']
[0.286s] Level 1:colcon.colcon_core.package_identification:_identify(mars_website/node_modules/memory-pager) by extension 'ignore'
[0.286s] Level 1:colcon.colcon_core.package_identification:_identify(mars_website/node_modules/memory-pager) by extension 'ignore_ament_install'
[0.286s] Level 1:colcon.colcon_core.package_identification:_identify(mars_website/node_modules/memory-pager) by extensions ['colcon_pkg']
[0.286s] Level 1:colcon.colcon_core.package_identification:_identify(mars_website/node_modules/memory-pager) by extension 'colcon_pkg'
[0.286s] Level 1:colcon.colcon_core.package_identification:_identify(mars_website/node_modules/memory-pager) by extensions ['colcon_meta']
[0.286s] Level 1:colcon.colcon_core.package_identification:_identify(mars_website/node_modules/memory-pager) by extension 'colcon_meta'
[0.286s] Level 1:colcon.colcon_core.package_identification:_identify(mars_website/node_modules/memory-pager) by extensions ['ros']
[0.286s] Level 1:colcon.colcon_core.package_identification:_identify(mars_website/node_modules/memory-pager) by extension 'ros'
[0.286s] Level 1:colcon.colcon_core.package_identification:_identify(mars_website/node_modules/memory-pager) by extensions ['cmake', 'python']
[0.286s] Level 1:colcon.colcon_core.package_identification:_identify(mars_website/node_modules/memory-pager) by extension 'cmake'
[0.286s] Level 1:colcon.colcon_core.package_identification:_identify(mars_website/node_modules/memory-pager) by extension 'python'
[0.286s] Level 1:colcon.colcon_core.package_identification:_identify(mars_website/node_modules/memory-pager) by extensions ['python_setup_py']
[0.286s] Level 1:colcon.colcon_core.package_identification:_identify(mars_website/node_modules/memory-pager) by extension 'python_setup_py'
[0.286s] Level 1:colcon.colcon_core.package_identification:_identify(mars_website/node_modules/mongodb) by extensions ['ignore', 'ignore_ament_install']
[0.287s] Level 1:colcon.colcon_core.package_identification:_identify(mars_website/node_modules/mongodb) by extension 'ignore'
[0.287s] Level 1:colcon.colcon_core.package_identification:_identify(mars_website/node_modules/mongodb) by extension 'ignore_ament_install'
[0.287s] Level 1:colcon.colcon_core.package_identification:_identify(mars_website/node_modules/mongodb) by extensions ['colcon_pkg']
[0.287s] Level 1:colcon.colcon_core.package_identification:_identify(mars_website/node_modules/mongodb) by extension 'colcon_pkg'
[0.287s] Level 1:colcon.colcon_core.package_identification:_identify(mars_website/node_modules/mongodb) by extensions ['colcon_meta']
[0.287s] Level 1:colcon.colcon_core.package_identification:_identify(mars_website/node_modules/mongodb) by extension 'colcon_meta'
[0.287s] Level 1:colcon.colcon_core.package_identification:_identify(mars_website/node_modules/mongodb) by extensions ['ros']
[0.287s] Level 1:colcon.colcon_core.package_identification:_identify(mars_website/node_modules/mongodb) by extension 'ros'
[0.287s] Level 1:colcon.colcon_core.package_identification:_identify(mars_website/node_modules/mongodb) by extensions ['cmake', 'python']
[0.287s] Level 1:colcon.colcon_core.package_identification:_identify(mars_website/node_modules/mongodb) by extension 'cmake'
[0.287s] Level 1:colcon.colcon_core.package_identification:_identify(mars_website/node_modules/mongodb) by extension 'python'
[0.287s] Level 1:colcon.colcon_core.package_identification:_identify(mars_website/node_modules/mongodb) by extensions ['python_setup_py']
[0.287s] Level 1:colcon.colcon_core.package_identification:_identify(mars_website/node_modules/mongodb) by extension 'python_setup_py'
[0.287s] Level 1:colcon.colcon_core.package_identification:_identify(mars_website/node_modules/mongodb/etc) by extensions ['ignore', 'ignore_ament_install']
[0.287s] Level 1:colcon.colcon_core.package_identification:_identify(mars_website/node_modules/mongodb/etc) by extension 'ignore'
[0.287s] Level 1:colcon.colcon_core.package_identification:_identify(mars_website/node_modules/mongodb/etc) by extension 'ignore_ament_install'
[0.287s] Level 1:colcon.colcon_core.package_identification:_identify(mars_website/node_modules/mongodb/etc) by extensions ['colcon_pkg']
[0.287s] Level 1:colcon.colcon_core.package_identification:_identify(mars_website/node_modules/mongodb/etc) by extension 'colcon_pkg'
[0.287s] Level 1:colcon.colcon_core.package_identification:_identify(mars_website/node_modules/mongodb/etc) by extensions ['colcon_meta']
[0.287s] Level 1:colcon.colcon_core.package_identification:_identify(mars_website/node_modules/mongodb/etc) by extension 'colcon_meta'
[0.287s] Level 1:colcon.colcon_core.package_identification:_identify(mars_website/node_modules/mongodb/etc) by extensions ['ros']
[0.287s] Level 1:colcon.colcon_core.package_identification:_identify(mars_website/node_modules/mongodb/etc) by extension 'ros'
[0.287s] Level 1:colcon.colcon_core.package_identification:_identify(mars_website/node_modules/mongodb/etc) by extensions ['cmake', 'python']
[0.287s] Level 1:colcon.colcon_core.package_identification:_identify(mars_website/node_modules/mongodb/etc) by extension 'cmake'
[0.287s] Level 1:colcon.colcon_core.package_identification:_identify(mars_website/node_modules/mongodb/etc) by extension 'python'
[0.287s] Level 1:colcon.colcon_core.package_identification:_identify(mars_website/node_modules/mongodb/etc) by extensions ['python_setup_py']
[0.287s] Level 1:colcon.colcon_core.package_identification:_identify(mars_website/node_modules/mongodb/etc) by extension 'python_setup_py'
[0.288s] Level 1:colcon.colcon_core.package_identification:_identify(mars_website/node_modules/mongodb/lib) by extensions ['ignore', 'ignore_ament_install']
[0.288s] Level 1:colcon.colcon_core.package_identification:_identify(mars_website/node_modules/mongodb/lib) by extension 'ignore'
[0.288s] Level 1:colcon.colcon_core.package_identification:_identify(mars_website/node_modules/mongodb/lib) by extension 'ignore_ament_install'
[0.288s] Level 1:colcon.colcon_core.package_identification:_identify(mars_website/node_modules/mongodb/lib) by extensions ['colcon_pkg']
[0.288s] Level 1:colcon.colcon_core.package_identification:_identify(mars_website/node_modules/mongodb/lib) by extension 'colcon_pkg'
[0.288s] Level 1:colcon.colcon_core.package_identification:_identify(mars_website/node_modules/mongodb/lib) by extensions ['colcon_meta']
[0.288s] Level 1:colcon.colcon_core.package_identification:_identify(mars_website/node_modules/mongodb/lib) by extension 'colcon_meta'
[0.288s] Level 1:colcon.colcon_core.package_identification:_identify(mars_website/node_modules/mongodb/lib) by extensions ['ros']
[0.288s] Level 1:colcon.colcon_core.package_identification:_identify(mars_website/node_modules/mongodb/lib) by extension 'ros'
[0.288s] Level 1:colcon.colcon_core.package_identification:_identify(mars_website/node_modules/mongodb/lib) by extensions ['cmake', 'python']
[0.288s] Level 1:colcon.colcon_core.package_identification:_identify(mars_website/node_modules/mongodb/lib) by extension 'cmake'
[0.288s] Level 1:colcon.colcon_core.package_identification:_identify(mars_website/node_modules/mongodb/lib) by extension 'python'
[0.288s] Level 1:colcon.colcon_core.package_identification:_identify(mars_website/node_modules/mongodb/lib) by extensions ['python_setup_py']
[0.288s] Level 1:colcon.colcon_core.package_identification:_identify(mars_website/node_modules/mongodb/lib) by extension 'python_setup_py'
[0.288s] Level 1:colcon.colcon_core.package_identification:_identify(mars_website/node_modules/mongodb/lib/bulk) by extensions ['ignore', 'ignore_ament_install']
[0.288s] Level 1:colcon.colcon_core.package_identification:_identify(mars_website/node_modules/mongodb/lib/bulk) by extension 'ignore'
[0.288s] Level 1:colcon.colcon_core.package_identification:_identify(mars_website/node_modules/mongodb/lib/bulk) by extension 'ignore_ament_install'
[0.288s] Level 1:colcon.colcon_core.package_identification:_identify(mars_website/node_modules/mongodb/lib/bulk) by extensions ['colcon_pkg']
[0.288s] Level 1:colcon.colcon_core.package_identification:_identify(mars_website/node_modules/mongodb/lib/bulk) by extension 'colcon_pkg'
[0.288s] Level 1:colcon.colcon_core.package_identification:_identify(mars_website/node_modules/mongodb/lib/bulk) by extensions ['colcon_meta']
[0.288s] Level 1:colcon.colcon_core.package_identification:_identify(mars_website/node_modules/mongodb/lib/bulk) by extension 'colcon_meta'
[0.288s] Level 1:colcon.colcon_core.package_identification:_identify(mars_website/node_modules/mongodb/lib/bulk) by extensions ['ros']
[0.289s] Level 1:colcon.colcon_core.package_identification:_identify(mars_website/node_modules/mongodb/lib/bulk) by extension 'ros'
[0.289s] Level 1:colcon.colcon_core.package_identification:_identify(mars_website/node_modules/mongodb/lib/bulk) by extensions ['cmake', 'python']
[0.289s] Level 1:colcon.colcon_core.package_identification:_identify(mars_website/node_modules/mongodb/lib/bulk) by extension 'cmake'
[0.289s] Level 1:colcon.colcon_core.package_identification:_identify(mars_website/node_modules/mongodb/lib/bulk) by extension 'python'
[0.289s] Level 1:colcon.colcon_core.package_identification:_identify(mars_website/node_modules/mongodb/lib/bulk) by extensions ['python_setup_py']
[0.289s] Level 1:colcon.colcon_core.package_identification:_identify(mars_website/node_modules/mongodb/lib/bulk) by extension 'python_setup_py'
[0.289s] Level 1:colcon.colcon_core.package_identification:_identify(mars_website/node_modules/mongodb/lib/client-side-encryption) by extensions ['ignore', 'ignore_ament_install']
[0.289s] Level 1:colcon.colcon_core.package_identification:_identify(mars_website/node_modules/mongodb/lib/client-side-encryption) by extension 'ignore'
[0.289s] Level 1:colcon.colcon_core.package_identification:_identify(mars_website/node_modules/mongodb/lib/client-side-encryption) by extension 'ignore_ament_install'
[0.289s] Level 1:colcon.colcon_core.package_identification:_identify(mars_website/node_modules/mongodb/lib/client-side-encryption) by extensions ['colcon_pkg']
[0.289s] Level 1:colcon.colcon_core.package_identification:_identify(mars_website/node_modules/mongodb/lib/client-side-encryption) by extension 'colcon_pkg'
[0.289s] Level 1:colcon.colcon_core.package_identification:_identify(mars_website/node_modules/mongodb/lib/client-side-encryption) by extensions ['colcon_meta']
[0.289s] Level 1:colcon.colcon_core.package_identification:_identify(mars_website/node_modules/mongodb/lib/client-side-encryption) by extension 'colcon_meta'
[0.289s] Level 1:colcon.colcon_core.package_identification:_identify(mars_website/node_modules/mongodb/lib/client-side-encryption) by extensions ['ros']
[0.289s] Level 1:colcon.colcon_core.package_identification:_identify(mars_website/node_modules/mongodb/lib/client-side-encryption) by extension 'ros'
[0.289s] Level 1:colcon.colcon_core.package_identification:_identify(mars_website/node_modules/mongodb/lib/client-side-encryption) by extensions ['cmake', 'python']
[0.289s] Level 1:colcon.colcon_core.package_identification:_identify(mars_website/node_modules/mongodb/lib/client-side-encryption) by extension 'cmake'
[0.289s] Level 1:colcon.colcon_core.package_identification:_identify(mars_website/node_modules/mongodb/lib/client-side-encryption) by extension 'python'
[0.289s] Level 1:colcon.colcon_core.package_identification:_identify(mars_website/node_modules/mongodb/lib/client-side-encryption) by extensions ['python_setup_py']
[0.289s] Level 1:colcon.colcon_core.package_identification:_identify(mars_website/node_modules/mongodb/lib/client-side-encryption) by extension 'python_setup_py'
[0.289s] Level 1:colcon.colcon_core.package_identification:_identify(mars_website/node_modules/mongodb/lib/client-side-encryption/providers) by extensions ['ignore', 'ignore_ament_install']
[0.289s] Level 1:colcon.colcon_core.package_identification:_identify(mars_website/node_modules/mongodb/lib/client-side-encryption/providers) by extension 'ignore'
[0.289s] Level 1:colcon.colcon_core.package_identification:_identify(mars_website/node_modules/mongodb/lib/client-side-encryption/providers) by extension 'ignore_ament_install'
[0.290s] Level 1:colcon.colcon_core.package_identification:_identify(mars_website/node_modules/mongodb/lib/client-side-encryption/providers) by extensions ['colcon_pkg']
[0.290s] Level 1:colcon.colcon_core.package_identification:_identify(mars_website/node_modules/mongodb/lib/client-side-encryption/providers) by extension 'colcon_pkg'
[0.290s] Level 1:colcon.colcon_core.package_identification:_identify(mars_website/node_modules/mongodb/lib/client-side-encryption/providers) by extensions ['colcon_meta']
[0.290s] Level 1:colcon.colcon_core.package_identification:_identify(mars_website/node_modules/mongodb/lib/client-side-encryption/providers) by extension 'colcon_meta'
[0.290s] Level 1:colcon.colcon_core.package_identification:_identify(mars_website/node_modules/mongodb/lib/client-side-encryption/providers) by extensions ['ros']
[0.290s] Level 1:colcon.colcon_core.package_identification:_identify(mars_website/node_modules/mongodb/lib/client-side-encryption/providers) by extension 'ros'
[0.290s] Level 1:colcon.colcon_core.package_identification:_identify(mars_website/node_modules/mongodb/lib/client-side-encryption/providers) by extensions ['cmake', 'python']
[0.290s] Level 1:colcon.colcon_core.package_identification:_identify(mars_website/node_modules/mongodb/lib/client-side-encryption/providers) by extension 'cmake'
[0.290s] Level 1:colcon.colcon_core.package_identification:_identify(mars_website/node_modules/mongodb/lib/client-side-encryption/providers) by extension 'python'
[0.290s] Level 1:colcon.colcon_core.package_identification:_identify(mars_website/node_modules/mongodb/lib/client-side-encryption/providers) by extensions ['python_setup_py']
[0.290s] Level 1:colcon.colcon_core.package_identification:_identify(mars_website/node_modules/mongodb/lib/client-side-encryption/providers) by extension 'python_setup_py'
[0.290s] Level 1:colcon.colcon_core.package_identification:_identify(mars_website/node_modules/mongodb/lib/cmap) by extensions ['ignore', 'ignore_ament_install']
[0.290s] Level 1:colcon.colcon_core.package_identification:_identify(mars_website/node_modules/mongodb/lib/cmap) by extension 'ignore'
[0.290s] Level 1:colcon.colcon_core.package_identification:_identify(mars_website/node_modules/mongodb/lib/cmap) by extension 'ignore_ament_install'
[0.290s] Level 1:colcon.colcon_core.package_identification:_identify(mars_website/node_modules/mongodb/lib/cmap) by extensions ['colcon_pkg']
[0.290s] Level 1:colcon.colcon_core.package_identification:_identify(mars_website/node_modules/mongodb/lib/cmap) by extension 'colcon_pkg'
[0.290s] Level 1:colcon.colcon_core.package_identification:_identify(mars_website/node_modules/mongodb/lib/cmap) by extensions ['colcon_meta']
[0.290s] Level 1:colcon.colcon_core.package_identification:_identify(mars_website/node_modules/mongodb/lib/cmap) by extension 'colcon_meta'
[0.290s] Level 1:colcon.colcon_core.package_identification:_identify(mars_website/node_modules/mongodb/lib/cmap) by extensions ['ros']
[0.290s] Level 1:colcon.colcon_core.package_identification:_identify(mars_website/node_modules/mongodb/lib/cmap) by extension 'ros'
[0.290s] Level 1:colcon.colcon_core.package_identification:_identify(mars_website/node_modules/mongodb/lib/cmap) by extensions ['cmake', 'python']
[0.290s] Level 1:colcon.colcon_core.package_identification:_identify(mars_website/node_modules/mongodb/lib/cmap) by extension 'cmake'
[0.290s] Level 1:colcon.colcon_core.package_identification:_identify(mars_website/node_modules/mongodb/lib/cmap) by extension 'python'
[0.290s] Level 1:colcon.colcon_core.package_identification:_identify(mars_website/node_modules/mongodb/lib/cmap) by extensions ['python_setup_py']
[0.290s] Level 1:colcon.colcon_core.package_identification:_identify(mars_website/node_modules/mongodb/lib/cmap) by extension 'python_setup_py'
[0.291s] Level 1:colcon.colcon_core.package_identification:_identify(mars_website/node_modules/mongodb/lib/cmap/auth) by extensions ['ignore', 'ignore_ament_install']
[0.291s] Level 1:colcon.colcon_core.package_identification:_identify(mars_website/node_modules/mongodb/lib/cmap/auth) by extension 'ignore'
[0.291s] Level 1:colcon.colcon_core.package_identification:_identify(mars_website/node_modules/mongodb/lib/cmap/auth) by extension 'ignore_ament_install'
[0.291s] Level 1:colcon.colcon_core.package_identification:_identify(mars_website/node_modules/mongodb/lib/cmap/auth) by extensions ['colcon_pkg']
[0.291s] Level 1:colcon.colcon_core.package_identification:_identify(mars_website/node_modules/mongodb/lib/cmap/auth) by extension 'colcon_pkg'
[0.291s] Level 1:colcon.colcon_core.package_identification:_identify(mars_website/node_modules/mongodb/lib/cmap/auth) by extensions ['colcon_meta']
[0.291s] Level 1:colcon.colcon_core.package_identification:_identify(mars_website/node_modules/mongodb/lib/cmap/auth) by extension 'colcon_meta'
[0.291s] Level 1:colcon.colcon_core.package_identification:_identify(mars_website/node_modules/mongodb/lib/cmap/auth) by extensions ['ros']
[0.291s] Level 1:colcon.colcon_core.package_identification:_identify(mars_website/node_modules/mongodb/lib/cmap/auth) by extension 'ros'
[0.291s] Level 1:colcon.colcon_core.package_identification:_identify(mars_website/node_modules/mongodb/lib/cmap/auth) by extensions ['cmake', 'python']
[0.291s] Level 1:colcon.colcon_core.package_identification:_identify(mars_website/node_modules/mongodb/lib/cmap/auth) by extension 'cmake'
[0.291s] Level 1:colcon.colcon_core.package_identification:_identify(mars_website/node_modules/mongodb/lib/cmap/auth) by extension 'python'
[0.291s] Level 1:colcon.colcon_core.package_identification:_identify(mars_website/node_modules/mongodb/lib/cmap/auth) by extensions ['python_setup_py']
[0.291s] Level 1:colcon.colcon_core.package_identification:_identify(mars_website/node_modules/mongodb/lib/cmap/auth) by extension 'python_setup_py'
[0.291s] Level 1:colcon.colcon_core.package_identification:_identify(mars_website/node_modules/mongodb/lib/cmap/auth/mongodb_oidc) by extensions ['ignore', 'ignore_ament_install']
[0.291s] Level 1:colcon.colcon_core.package_identification:_identify(mars_website/node_modules/mongodb/lib/cmap/auth/mongodb_oidc) by extension 'ignore'
[0.291s] Level 1:colcon.colcon_core.package_identification:_identify(mars_website/node_modules/mongodb/lib/cmap/auth/mongodb_oidc) by extension 'ignore_ament_install'
[0.291s] Level 1:colcon.colcon_core.package_identification:_identify(mars_website/node_modules/mongodb/lib/cmap/auth/mongodb_oidc) by extensions ['colcon_pkg']
[0.291s] Level 1:colcon.colcon_core.package_identification:_identify(mars_website/node_modules/mongodb/lib/cmap/auth/mongodb_oidc) by extension 'colcon_pkg'
[0.291s] Level 1:colcon.colcon_core.package_identification:_identify(mars_website/node_modules/mongodb/lib/cmap/auth/mongodb_oidc) by extensions ['colcon_meta']
[0.291s] Level 1:colcon.colcon_core.package_identification:_identify(mars_website/node_modules/mongodb/lib/cmap/auth/mongodb_oidc) by extension 'colcon_meta'
[0.292s] Level 1:colcon.colcon_core.package_identification:_identify(mars_website/node_modules/mongodb/lib/cmap/auth/mongodb_oidc) by extensions ['ros']
[0.292s] Level 1:colcon.colcon_core.package_identification:_identify(mars_website/node_modules/mongodb/lib/cmap/auth/mongodb_oidc) by extension 'ros'
[0.292s] Level 1:colcon.colcon_core.package_identification:_identify(mars_website/node_modules/mongodb/lib/cmap/auth/mongodb_oidc) by extensions ['cmake', 'python']
[0.292s] Level 1:colcon.colcon_core.package_identification:_identify(mars_website/node_modules/mongodb/lib/cmap/auth/mongodb_oidc) by extension 'cmake'
[0.292s] Level 1:colcon.colcon_core.package_identification:_identify(mars_website/node_modules/mongodb/lib/cmap/auth/mongodb_oidc) by extension 'python'
[0.292s] Level 1:colcon.colcon_core.package_identification:_identify(mars_website/node_modules/mongodb/lib/cmap/auth/mongodb_oidc) by extensions ['python_setup_py']
[0.292s] Level 1:colcon.colcon_core.package_identification:_identify(mars_website/node_modules/mongodb/lib/cmap/auth/mongodb_oidc) by extension 'python_setup_py'
[0.292s] Level 1:colcon.colcon_core.package_identification:_identify(mars_website/node_modules/mongodb/lib/cmap/handshake) by extensions ['ignore', 'ignore_ament_install']
[0.292s] Level 1:colcon.colcon_core.package_identification:_identify(mars_website/node_modules/mongodb/lib/cmap/handshake) by extension 'ignore'
[0.292s] Level 1:colcon.colcon_core.package_identification:_identify(mars_website/node_modules/mongodb/lib/cmap/handshake) by extension 'ignore_ament_install'
[0.292s] Level 1:colcon.colcon_core.package_identification:_identify(mars_website/node_modules/mongodb/lib/cmap/handshake) by extensions ['colcon_pkg']
[0.292s] Level 1:colcon.colcon_core.package_identification:_identify(mars_website/node_modules/mongodb/lib/cmap/handshake) by extension 'colcon_pkg'
[0.292s] Level 1:colcon.colcon_core.package_identification:_identify(mars_website/node_modules/mongodb/lib/cmap/handshake) by extensions ['colcon_meta']
[0.292s] Level 1:colcon.colcon_core.package_identification:_identify(mars_website/node_modules/mongodb/lib/cmap/handshake) by extension 'colcon_meta'
[0.292s] Level 1:colcon.colcon_core.package_identification:_identify(mars_website/node_modules/mongodb/lib/cmap/handshake) by extensions ['ros']
[0.292s] Level 1:colcon.colcon_core.package_identification:_identify(mars_website/node_modules/mongodb/lib/cmap/handshake) by extension 'ros'
[0.292s] Level 1:colcon.colcon_core.package_identification:_identify(mars_website/node_modules/mongodb/lib/cmap/handshake) by extensions ['cmake', 'python']
[0.292s] Level 1:colcon.colcon_core.package_identification:_identify(mars_website/node_modules/mongodb/lib/cmap/handshake) by extension 'cmake'
[0.292s] Level 1:colcon.colcon_core.package_identification:_identify(mars_website/node_modules/mongodb/lib/cmap/handshake) by extension 'python'
[0.292s] Level 1:colcon.colcon_core.package_identification:_identify(mars_website/node_modules/mongodb/lib/cmap/handshake) by extensions ['python_setup_py']
[0.292s] Level 1:colcon.colcon_core.package_identification:_identify(mars_website/node_modules/mongodb/lib/cmap/handshake) by extension 'python_setup_py'
[0.292s] Level 1:colcon.colcon_core.package_identification:_identify(mars_website/node_modules/mongodb/lib/cmap/wire_protocol) by extensions ['ignore', 'ignore_ament_install']
[0.292s] Level 1:colcon.colcon_core.package_identification:_identify(mars_website/node_modules/mongodb/lib/cmap/wire_protocol) by extension 'ignore'
[0.293s] Level 1:colcon.colcon_core.package_identification:_identify(mars_website/node_modules/mongodb/lib/cmap/wire_protocol) by extension 'ignore_ament_install'
[0.293s] Level 1:colcon.colcon_core.package_identification:_identify(mars_website/node_modules/mongodb/lib/cmap/wire_protocol) by extensions ['colcon_pkg']
[0.293s] Level 1:colcon.colcon_core.package_identification:_identify(mars_website/node_modules/mongodb/lib/cmap/wire_protocol) by extension 'colcon_pkg'
[0.293s] Level 1:colcon.colcon_core.package_identification:_identify(mars_website/node_modules/mongodb/lib/cmap/wire_protocol) by extensions ['colcon_meta']
[0.293s] Level 1:colcon.colcon_core.package_identification:_identify(mars_website/node_modules/mongodb/lib/cmap/wire_protocol) by extension 'colcon_meta'
[0.293s] Level 1:colcon.colcon_core.package_identification:_identify(mars_website/node_modules/mongodb/lib/cmap/wire_protocol) by extensions ['ros']
[0.293s] Level 1:colcon.colcon_core.package_identification:_identify(mars_website/node_modules/mongodb/lib/cmap/wire_protocol) by extension 'ros'
[0.293s] Level 1:colcon.colcon_core.package_identification:_identify(mars_website/node_modules/mongodb/lib/cmap/wire_protocol) by extensions ['cmake', 'python']
[0.293s] Level 1:colcon.colcon_core.package_identification:_identify(mars_website/node_modules/mongodb/lib/cmap/wire_protocol) by extension 'cmake'
[0.293s] Level 1:colcon.colcon_core.package_identification:_identify(mars_website/node_modules/mongodb/lib/cmap/wire_protocol) by extension 'python'
[0.293s] Level 1:colcon.colcon_core.package_identification:_identify(mars_website/node_modules/mongodb/lib/cmap/wire_protocol) by extensions ['python_setup_py']
[0.293s] Level 1:colcon.colcon_core.package_identification:_identify(mars_website/node_modules/mongodb/lib/cmap/wire_protocol) by extension 'python_setup_py'
[0.293s] Level 1:colcon.colcon_core.package_identification:_identify(mars_website/node_modules/mongodb/lib/cmap/wire_protocol/on_demand) by extensions ['ignore', 'ignore_ament_install']
[0.293s] Level 1:colcon.colcon_core.package_identification:_identify(mars_website/node_modules/mongodb/lib/cmap/wire_protocol/on_demand) by extension 'ignore'
[0.293s] Level 1:colcon.colcon_core.package_identification:_identify(mars_website/node_modules/mongodb/lib/cmap/wire_protocol/on_demand) by extension 'ignore_ament_install'
[0.293s] Level 1:colcon.colcon_core.package_identification:_identify(mars_website/node_modules/mongodb/lib/cmap/wire_protocol/on_demand) by extensions ['colcon_pkg']
[0.293s] Level 1:colcon.colcon_core.package_identification:_identify(mars_website/node_modules/mongodb/lib/cmap/wire_protocol/on_demand) by extension 'colcon_pkg'
[0.293s] Level 1:colcon.colcon_core.package_identification:_identify(mars_website/node_modules/mongodb/lib/cmap/wire_protocol/on_demand) by extensions ['colcon_meta']
[0.293s] Level 1:colcon.colcon_core.package_identification:_identify(mars_website/node_modules/mongodb/lib/cmap/wire_protocol/on_demand) by extension 'colcon_meta'
[0.293s] Level 1:colcon.colcon_core.package_identification:_identify(mars_website/node_modules/mongodb/lib/cmap/wire_protocol/on_demand) by extensions ['ros']
[0.293s] Level 1:colcon.colcon_core.package_identification:_identify(mars_website/node_modules/mongodb/lib/cmap/wire_protocol/on_demand) by extension 'ros'
[0.293s] Level 1:colcon.colcon_core.package_identification:_identify(mars_website/node_modules/mongodb/lib/cmap/wire_protocol/on_demand) by extensions ['cmake', 'python']
[0.293s] Level 1:colcon.colcon_core.package_identification:_identify(mars_website/node_modules/mongodb/lib/cmap/wire_protocol/on_demand) by extension 'cmake'
[0.293s] Level 1:colcon.colcon_core.package_identification:_identify(mars_website/node_modules/mongodb/lib/cmap/wire_protocol/on_demand) by extension 'python'
[0.293s] Level 1:colcon.colcon_core.package_identification:_identify(mars_website/node_modules/mongodb/lib/cmap/wire_protocol/on_demand) by extensions ['python_setup_py']
[0.294s] Level 1:colcon.colcon_core.package_identification:_identify(mars_website/node_modules/mongodb/lib/cmap/wire_protocol/on_demand) by extension 'python_setup_py'
[0.294s] Level 1:colcon.colcon_core.package_identification:_identify(mars_website/node_modules/mongodb/lib/cursor) by extensions ['ignore', 'ignore_ament_install']
[0.294s] Level 1:colcon.colcon_core.package_identification:_identify(mars_website/node_modules/mongodb/lib/cursor) by extension 'ignore'
[0.294s] Level 1:colcon.colcon_core.package_identification:_identify(mars_website/node_modules/mongodb/lib/cursor) by extension 'ignore_ament_install'
[0.294s] Level 1:colcon.colcon_core.package_identification:_identify(mars_website/node_modules/mongodb/lib/cursor) by extensions ['colcon_pkg']
[0.294s] Level 1:colcon.colcon_core.package_identification:_identify(mars_website/node_modules/mongodb/lib/cursor) by extension 'colcon_pkg'
[0.294s] Level 1:colcon.colcon_core.package_identification:_identify(mars_website/node_modules/mongodb/lib/cursor) by extensions ['colcon_meta']
[0.294s] Level 1:colcon.colcon_core.package_identification:_identify(mars_website/node_modules/mongodb/lib/cursor) by extension 'colcon_meta'
[0.294s] Level 1:colcon.colcon_core.package_identification:_identify(mars_website/node_modules/mongodb/lib/cursor) by extensions ['ros']
[0.294s] Level 1:colcon.colcon_core.package_identification:_identify(mars_website/node_modules/mongodb/lib/cursor) by extension 'ros'
[0.294s] Level 1:colcon.colcon_core.package_identification:_identify(mars_website/node_modules/mongodb/lib/cursor) by extensions ['cmake', 'python']
[0.294s] Level 1:colcon.colcon_core.package_identification:_identify(mars_website/node_modules/mongodb/lib/cursor) by extension 'cmake'
[0.294s] Level 1:colcon.colcon_core.package_identification:_identify(mars_website/node_modules/mongodb/lib/cursor) by extension 'python'
[0.294s] Level 1:colcon.colcon_core.package_identification:_identify(mars_website/node_modules/mongodb/lib/cursor) by extensions ['python_setup_py']
[0.294s] Level 1:colcon.colcon_core.package_identification:_identify(mars_website/node_modules/mongodb/lib/cursor) by extension 'python_setup_py'
[0.294s] Level 1:colcon.colcon_core.package_identification:_identify(mars_website/node_modules/mongodb/lib/gridfs) by extensions ['ignore', 'ignore_ament_install']
[0.294s] Level 1:colcon.colcon_core.package_identification:_identify(mars_website/node_modules/mongodb/lib/gridfs) by extension 'ignore'
[0.294s] Level 1:colcon.colcon_core.package_identification:_identify(mars_website/node_modules/mongodb/lib/gridfs) by extension 'ignore_ament_install'
[0.294s] Level 1:colcon.colcon_core.package_identification:_identify(mars_website/node_modules/mongodb/lib/gridfs) by extensions ['colcon_pkg']
[0.294s] Level 1:colcon.colcon_core.package_identification:_identify(mars_website/node_modules/mongodb/lib/gridfs) by extension 'colcon_pkg'
[0.294s] Level 1:colcon.colcon_core.package_identification:_identify(mars_website/node_modules/mongodb/lib/gridfs) by extensions ['colcon_meta']
[0.294s] Level 1:colcon.colcon_core.package_identification:_identify(mars_website/node_modules/mongodb/lib/gridfs) by extension 'colcon_meta'
[0.294s] Level 1:colcon.colcon_core.package_identification:_identify(mars_website/node_modules/mongodb/lib/gridfs) by extensions ['ros']
[0.295s] Level 1:colcon.colcon_core.package_identification:_identify(mars_website/node_modules/mongodb/lib/gridfs) by extension 'ros'
[0.295s] Level 1:colcon.colcon_core.package_identification:_identify(mars_website/node_modules/mongodb/lib/gridfs) by extensions ['cmake', 'python']
[0.295s] Level 1:colcon.colcon_core.package_identification:_identify(mars_website/node_modules/mongodb/lib/gridfs) by extension 'cmake'
[0.295s] Level 1:colcon.colcon_core.package_identification:_identify(mars_website/node_modules/mongodb/lib/gridfs) by extension 'python'
[0.295s] Level 1:colcon.colcon_core.package_identification:_identify(mars_website/node_modules/mongodb/lib/gridfs) by extensions ['python_setup_py']
[0.295s] Level 1:colcon.colcon_core.package_identification:_identify(mars_website/node_modules/mongodb/lib/gridfs) by extension 'python_setup_py'
[0.295s] Level 1:colcon.colcon_core.package_identification:_identify(mars_website/node_modules/mongodb/lib/operations) by extensions ['ignore', 'ignore_ament_install']
[0.295s] Level 1:colcon.colcon_core.package_identification:_identify(mars_website/node_modules/mongodb/lib/operations) by extension 'ignore'
[0.295s] Level 1:colcon.colcon_core.package_identification:_identify(mars_website/node_modules/mongodb/lib/operations) by extension 'ignore_ament_install'
[0.295s] Level 1:colcon.colcon_core.package_identification:_identify(mars_website/node_modules/mongodb/lib/operations) by extensions ['colcon_pkg']
[0.295s] Level 1:colcon.colcon_core.package_identification:_identify(mars_website/node_modules/mongodb/lib/operations) by extension 'colcon_pkg'
[0.295s] Level 1:colcon.colcon_core.package_identification:_identify(mars_website/node_modules/mongodb/lib/operations) by extensions ['colcon_meta']
[0.295s] Level 1:colcon.colcon_core.package_identification:_identify(mars_website/node_modules/mongodb/lib/operations) by extension 'colcon_meta'
[0.295s] Level 1:colcon.colcon_core.package_identification:_identify(mars_website/node_modules/mongodb/lib/operations) by extensions ['ros']
[0.295s] Level 1:colcon.colcon_core.package_identification:_identify(mars_website/node_modules/mongodb/lib/operations) by extension 'ros'
[0.295s] Level 1:colcon.colcon_core.package_identification:_identify(mars_website/node_modules/mongodb/lib/operations) by extensions ['cmake', 'python']
[0.295s] Level 1:colcon.colcon_core.package_identification:_identify(mars_website/node_modules/mongodb/lib/operations) by extension 'cmake'
[0.295s] Level 1:colcon.colcon_core.package_identification:_identify(mars_website/node_modules/mongodb/lib/operations) by extension 'python'
[0.295s] Level 1:colcon.colcon_core.package_identification:_identify(mars_website/node_modules/mongodb/lib/operations) by extensions ['python_setup_py']
[0.295s] Level 1:colcon.colcon_core.package_identification:_identify(mars_website/node_modules/mongodb/lib/operations) by extension 'python_setup_py'
[0.295s] Level 1:colcon.colcon_core.package_identification:_identify(mars_website/node_modules/mongodb/lib/operations/client_bulk_write) by extensions ['ignore', 'ignore_ament_install']
[0.296s] Level 1:colcon.colcon_core.package_identification:_identify(mars_website/node_modules/mongodb/lib/operations/client_bulk_write) by extension 'ignore'
[0.296s] Level 1:colcon.colcon_core.package_identification:_identify(mars_website/node_modules/mongodb/lib/operations/client_bulk_write) by extension 'ignore_ament_install'
[0.296s] Level 1:colcon.colcon_core.package_identification:_identify(mars_website/node_modules/mongodb/lib/operations/client_bulk_write) by extensions ['colcon_pkg']
[0.296s] Level 1:colcon.colcon_core.package_identification:_identify(mars_website/node_modules/mongodb/lib/operations/client_bulk_write) by extension 'colcon_pkg'
[0.296s] Level 1:colcon.colcon_core.package_identification:_identify(mars_website/node_modules/mongodb/lib/operations/client_bulk_write) by extensions ['colcon_meta']
[0.296s] Level 1:colcon.colcon_core.package_identification:_identify(mars_website/node_modules/mongodb/lib/operations/client_bulk_write) by extension 'colcon_meta'
[0.296s] Level 1:colcon.colcon_core.package_identification:_identify(mars_website/node_modules/mongodb/lib/operations/client_bulk_write) by extensions ['ros']
[0.296s] Level 1:colcon.colcon_core.package_identification:_identify(mars_website/node_modules/mongodb/lib/operations/client_bulk_write) by extension 'ros'
[0.296s] Level 1:colcon.colcon_core.package_identification:_identify(mars_website/node_modules/mongodb/lib/operations/client_bulk_write) by extensions ['cmake', 'python']
[0.296s] Level 1:colcon.colcon_core.package_identification:_identify(mars_website/node_modules/mongodb/lib/operations/client_bulk_write) by extension 'cmake'
[0.296s] Level 1:colcon.colcon_core.package_identification:_identify(mars_website/node_modules/mongodb/lib/operations/client_bulk_write) by extension 'python'
[0.296s] Level 1:colcon.colcon_core.package_identification:_identify(mars_website/node_modules/mongodb/lib/operations/client_bulk_write) by extensions ['python_setup_py']
[0.296s] Level 1:colcon.colcon_core.package_identification:_identify(mars_website/node_modules/mongodb/lib/operations/client_bulk_write) by extension 'python_setup_py'
[0.296s] Level 1:colcon.colcon_core.package_identification:_identify(mars_website/node_modules/mongodb/lib/operations/search_indexes) by extensions ['ignore', 'ignore_ament_install']
[0.296s] Level 1:colcon.colcon_core.package_identification:_identify(mars_website/node_modules/mongodb/lib/operations/search_indexes) by extension 'ignore'
[0.296s] Level 1:colcon.colcon_core.package_identification:_identify(mars_website/node_modules/mongodb/lib/operations/search_indexes) by extension 'ignore_ament_install'
[0.296s] Level 1:colcon.colcon_core.package_identification:_identify(mars_website/node_modules/mongodb/lib/operations/search_indexes) by extensions ['colcon_pkg']
[0.296s] Level 1:colcon.colcon_core.package_identification:_identify(mars_website/node_modules/mongodb/lib/operations/search_indexes) by extension 'colcon_pkg'
[0.296s] Level 1:colcon.colcon_core.package_identification:_identify(mars_website/node_modules/mongodb/lib/operations/search_indexes) by extensions ['colcon_meta']
[0.296s] Level 1:colcon.colcon_core.package_identification:_identify(mars_website/node_modules/mongodb/lib/operations/search_indexes) by extension 'colcon_meta'
[0.296s] Level 1:colcon.colcon_core.package_identification:_identify(mars_website/node_modules/mongodb/lib/operations/search_indexes) by extensions ['ros']
[0.296s] Level 1:colcon.colcon_core.package_identification:_identify(mars_website/node_modules/mongodb/lib/operations/search_indexes) by extension 'ros'
[0.296s] Level 1:colcon.colcon_core.package_identification:_identify(mars_website/node_modules/mongodb/lib/operations/search_indexes) by extensions ['cmake', 'python']
[0.296s] Level 1:colcon.colcon_core.package_identification:_identify(mars_website/node_modules/mongodb/lib/operations/search_indexes) by extension 'cmake'
[0.296s] Level 1:colcon.colcon_core.package_identification:_identify(mars_website/node_modules/mongodb/lib/operations/search_indexes) by extension 'python'
[0.297s] Level 1:colcon.colcon_core.package_identification:_identify(mars_website/node_modules/mongodb/lib/operations/search_indexes) by extensions ['python_setup_py']
[0.297s] Level 1:colcon.colcon_core.package_identification:_identify(mars_website/node_modules/mongodb/lib/operations/search_indexes) by extension 'python_setup_py'
[0.297s] Level 1:colcon.colcon_core.package_identification:_identify(mars_website/node_modules/mongodb/lib/sdam) by extensions ['ignore', 'ignore_ament_install']
[0.297s] Level 1:colcon.colcon_core.package_identification:_identify(mars_website/node_modules/mongodb/lib/sdam) by extension 'ignore'
[0.297s] Level 1:colcon.colcon_core.package_identification:_identify(mars_website/node_modules/mongodb/lib/sdam) by extension 'ignore_ament_install'
[0.297s] Level 1:colcon.colcon_core.package_identification:_identify(mars_website/node_modules/mongodb/lib/sdam) by extensions ['colcon_pkg']
[0.297s] Level 1:colcon.colcon_core.package_identification:_identify(mars_website/node_modules/mongodb/lib/sdam) by extension 'colcon_pkg'
[0.297s] Level 1:colcon.colcon_core.package_identification:_identify(mars_website/node_modules/mongodb/lib/sdam) by extensions ['colcon_meta']
[0.297s] Level 1:colcon.colcon_core.package_identification:_identify(mars_website/node_modules/mongodb/lib/sdam) by extension 'colcon_meta'
[0.297s] Level 1:colcon.colcon_core.package_identification:_identify(mars_website/node_modules/mongodb/lib/sdam) by extensions ['ros']
[0.297s] Level 1:colcon.colcon_core.package_identification:_identify(mars_website/node_modules/mongodb/lib/sdam) by extension 'ros'
[0.297s] Level 1:colcon.colcon_core.package_identification:_identify(mars_website/node_modules/mongodb/lib/sdam) by extensions ['cmake', 'python']
[0.297s] Level 1:colcon.colcon_core.package_identification:_identify(mars_website/node_modules/mongodb/lib/sdam) by extension 'cmake'
[0.297s] Level 1:colcon.colcon_core.package_identification:_identify(mars_website/node_modules/mongodb/lib/sdam) by extension 'python'
[0.297s] Level 1:colcon.colcon_core.package_identification:_identify(mars_website/node_modules/mongodb/lib/sdam) by extensions ['python_setup_py']
[0.297s] Level 1:colcon.colcon_core.package_identification:_identify(mars_website/node_modules/mongodb/lib/sdam) by extension 'python_setup_py'
[0.297s] Level 1:colcon.colcon_core.package_identification:_identify(mars_website/node_modules/mongodb/src) by extensions ['ignore', 'ignore_ament_install']
[0.297s] Level 1:colcon.colcon_core.package_identification:_identify(mars_website/node_modules/mongodb/src) by extension 'ignore'
[0.297s] Level 1:colcon.colcon_core.package_identification:_identify(mars_website/node_modules/mongodb/src) by extension 'ignore_ament_install'
[0.297s] Level 1:colcon.colcon_core.package_identification:_identify(mars_website/node_modules/mongodb/src) by extensions ['colcon_pkg']
[0.297s] Level 1:colcon.colcon_core.package_identification:_identify(mars_website/node_modules/mongodb/src) by extension 'colcon_pkg'
[0.298s] Level 1:colcon.colcon_core.package_identification:_identify(mars_website/node_modules/mongodb/src) by extensions ['colcon_meta']
[0.298s] Level 1:colcon.colcon_core.package_identification:_identify(mars_website/node_modules/mongodb/src) by extension 'colcon_meta'
[0.298s] Level 1:colcon.colcon_core.package_identification:_identify(mars_website/node_modules/mongodb/src) by extensions ['ros']
[0.298s] Level 1:colcon.colcon_core.package_identification:_identify(mars_website/node_modules/mongodb/src) by extension 'ros'
[0.298s] Level 1:colcon.colcon_core.package_identification:_identify(mars_website/node_modules/mongodb/src) by extensions ['cmake', 'python']
[0.298s] Level 1:colcon.colcon_core.package_identification:_identify(mars_website/node_modules/mongodb/src) by extension 'cmake'
[0.298s] Level 1:colcon.colcon_core.package_identification:_identify(mars_website/node_modules/mongodb/src) by extension 'python'
[0.298s] Level 1:colcon.colcon_core.package_identification:_identify(mars_website/node_modules/mongodb/src) by extensions ['python_setup_py']
[0.298s] Level 1:colcon.colcon_core.package_identification:_identify(mars_website/node_modules/mongodb/src) by extension 'python_setup_py'
[0.298s] Level 1:colcon.colcon_core.package_identification:_identify(mars_website/node_modules/mongodb/src/bulk) by extensions ['ignore', 'ignore_ament_install']
[0.298s] Level 1:colcon.colcon_core.package_identification:_identify(mars_website/node_modules/mongodb/src/bulk) by extension 'ignore'
[0.298s] Level 1:colcon.colcon_core.package_identification:_identify(mars_website/node_modules/mongodb/src/bulk) by extension 'ignore_ament_install'
[0.298s] Level 1:colcon.colcon_core.package_identification:_identify(mars_website/node_modules/mongodb/src/bulk) by extensions ['colcon_pkg']
[0.298s] Level 1:colcon.colcon_core.package_identification:_identify(mars_website/node_modules/mongodb/src/bulk) by extension 'colcon_pkg'
[0.298s] Level 1:colcon.colcon_core.package_identification:_identify(mars_website/node_modules/mongodb/src/bulk) by extensions ['colcon_meta']
[0.298s] Level 1:colcon.colcon_core.package_identification:_identify(mars_website/node_modules/mongodb/src/bulk) by extension 'colcon_meta'
[0.298s] Level 1:colcon.colcon_core.package_identification:_identify(mars_website/node_modules/mongodb/src/bulk) by extensions ['ros']
[0.298s] Level 1:colcon.colcon_core.package_identification:_identify(mars_website/node_modules/mongodb/src/bulk) by extension 'ros'
[0.298s] Level 1:colcon.colcon_core.package_identification:_identify(mars_website/node_modules/mongodb/src/bulk) by extensions ['cmake', 'python']
[0.298s] Level 1:colcon.colcon_core.package_identification:_identify(mars_website/node_modules/mongodb/src/bulk) by extension 'cmake'
[0.298s] Level 1:colcon.colcon_core.package_identification:_identify(mars_website/node_modules/mongodb/src/bulk) by extension 'python'
[0.298s] Level 1:colcon.colcon_core.package_identification:_identify(mars_website/node_modules/mongodb/src/bulk) by extensions ['python_setup_py']
[0.298s] Level 1:colcon.colcon_core.package_identification:_identify(mars_website/node_modules/mongodb/src/bulk) by extension 'python_setup_py'
[0.298s] Level 1:colcon.colcon_core.package_identification:_identify(mars_website/node_modules/mongodb/src/client-side-encryption) by extensions ['ignore', 'ignore_ament_install']
[0.299s] Level 1:colcon.colcon_core.package_identification:_identify(mars_website/node_modules/mongodb/src/client-side-encryption) by extension 'ignore'
[0.299s] Level 1:colcon.colcon_core.package_identification:_identify(mars_website/node_modules/mongodb/src/client-side-encryption) by extension 'ignore_ament_install'
[0.299s] Level 1:colcon.colcon_core.package_identification:_identify(mars_website/node_modules/mongodb/src/client-side-encryption) by extensions ['colcon_pkg']
[0.299s] Level 1:colcon.colcon_core.package_identification:_identify(mars_website/node_modules/mongodb/src/client-side-encryption) by extension 'colcon_pkg'
[0.299s] Level 1:colcon.colcon_core.package_identification:_identify(mars_website/node_modules/mongodb/src/client-side-encryption) by extensions ['colcon_meta']
[0.299s] Level 1:colcon.colcon_core.package_identification:_identify(mars_website/node_modules/mongodb/src/client-side-encryption) by extension 'colcon_meta'
[0.299s] Level 1:colcon.colcon_core.package_identification:_identify(mars_website/node_modules/mongodb/src/client-side-encryption) by extensions ['ros']
[0.299s] Level 1:colcon.colcon_core.package_identification:_identify(mars_website/node_modules/mongodb/src/client-side-encryption) by extension 'ros'
[0.299s] Level 1:colcon.colcon_core.package_identification:_identify(mars_website/node_modules/mongodb/src/client-side-encryption) by extensions ['cmake', 'python']
[0.299s] Level 1:colcon.colcon_core.package_identification:_identify(mars_website/node_modules/mongodb/src/client-side-encryption) by extension 'cmake'
[0.299s] Level 1:colcon.colcon_core.package_identification:_identify(mars_website/node_modules/mongodb/src/client-side-encryption) by extension 'python'
[0.299s] Level 1:colcon.colcon_core.package_identification:_identify(mars_website/node_modules/mongodb/src/client-side-encryption) by extensions ['python_setup_py']
[0.299s] Level 1:colcon.colcon_core.package_identification:_identify(mars_website/node_modules/mongodb/src/client-side-encryption) by extension 'python_setup_py'
[0.299s] Level 1:colcon.colcon_core.package_identification:_identify(mars_website/node_modules/mongodb/src/client-side-encryption/providers) by extensions ['ignore', 'ignore_ament_install']
[0.299s] Level 1:colcon.colcon_core.package_identification:_identify(mars_website/node_modules/mongodb/src/client-side-encryption/providers) by extension 'ignore'
[0.299s] Level 1:colcon.colcon_core.package_identification:_identify(mars_website/node_modules/mongodb/src/client-side-encryption/providers) by extension 'ignore_ament_install'
[0.299s] Level 1:colcon.colcon_core.package_identification:_identify(mars_website/node_modules/mongodb/src/client-side-encryption/providers) by extensions ['colcon_pkg']
[0.299s] Level 1:colcon.colcon_core.package_identification:_identify(mars_website/node_modules/mongodb/src/client-side-encryption/providers) by extension 'colcon_pkg'
[0.299s] Level 1:colcon.colcon_core.package_identification:_identify(mars_website/node_modules/mongodb/src/client-side-encryption/providers) by extensions ['colcon_meta']
[0.299s] Level 1:colcon.colcon_core.package_identification:_identify(mars_website/node_modules/mongodb/src/client-side-encryption/providers) by extension 'colcon_meta'
[0.299s] Level 1:colcon.colcon_core.package_identification:_identify(mars_website/node_modules/mongodb/src/client-side-encryption/providers) by extensions ['ros']
[0.299s] Level 1:colcon.colcon_core.package_identification:_identify(mars_website/node_modules/mongodb/src/client-side-encryption/providers) by extension 'ros'
[0.299s] Level 1:colcon.colcon_core.package_identification:_identify(mars_website/node_modules/mongodb/src/client-side-encryption/providers) by extensions ['cmake', 'python']
[0.299s] Level 1:colcon.colcon_core.package_identification:_identify(mars_website/node_modules/mongodb/src/client-side-encryption/providers) by extension 'cmake'
[0.299s] Level 1:colcon.colcon_core.package_identification:_identify(mars_website/node_modules/mongodb/src/client-side-encryption/providers) by extension 'python'
[0.300s] Level 1:colcon.colcon_core.package_identification:_identify(mars_website/node_modules/mongodb/src/client-side-encryption/providers) by extensions ['python_setup_py']
[0.300s] Level 1:colcon.colcon_core.package_identification:_identify(mars_website/node_modules/mongodb/src/client-side-encryption/providers) by extension 'python_setup_py'
[0.300s] Level 1:colcon.colcon_core.package_identification:_identify(mars_website/node_modules/mongodb/src/cmap) by extensions ['ignore', 'ignore_ament_install']
[0.300s] Level 1:colcon.colcon_core.package_identification:_identify(mars_website/node_modules/mongodb/src/cmap) by extension 'ignore'
[0.300s] Level 1:colcon.colcon_core.package_identification:_identify(mars_website/node_modules/mongodb/src/cmap) by extension 'ignore_ament_install'
[0.300s] Level 1:colcon.colcon_core.package_identification:_identify(mars_website/node_modules/mongodb/src/cmap) by extensions ['colcon_pkg']
[0.300s] Level 1:colcon.colcon_core.package_identification:_identify(mars_website/node_modules/mongodb/src/cmap) by extension 'colcon_pkg'
[0.300s] Level 1:colcon.colcon_core.package_identification:_identify(mars_website/node_modules/mongodb/src/cmap) by extensions ['colcon_meta']
[0.300s] Level 1:colcon.colcon_core.package_identification:_identify(mars_website/node_modules/mongodb/src/cmap) by extension 'colcon_meta'
[0.300s] Level 1:colcon.colcon_core.package_identification:_identify(mars_website/node_modules/mongodb/src/cmap) by extensions ['ros']
[0.300s] Level 1:colcon.colcon_core.package_identification:_identify(mars_website/node_modules/mongodb/src/cmap) by extension 'ros'
[0.300s] Level 1:colcon.colcon_core.package_identification:_identify(mars_website/node_modules/mongodb/src/cmap) by extensions ['cmake', 'python']
[0.300s] Level 1:colcon.colcon_core.package_identification:_identify(mars_website/node_modules/mongodb/src/cmap) by extension 'cmake'
[0.300s] Level 1:colcon.colcon_core.package_identification:_identify(mars_website/node_modules/mongodb/src/cmap) by extension 'python'
[0.300s] Level 1:colcon.colcon_core.package_identification:_identify(mars_website/node_modules/mongodb/src/cmap) by extensions ['python_setup_py']
[0.300s] Level 1:colcon.colcon_core.package_identification:_identify(mars_website/node_modules/mongodb/src/cmap) by extension 'python_setup_py'
[0.300s] Level 1:colcon.colcon_core.package_identification:_identify(mars_website/node_modules/mongodb/src/cmap/auth) by extensions ['ignore', 'ignore_ament_install']
[0.300s] Level 1:colcon.colcon_core.package_identification:_identify(mars_website/node_modules/mongodb/src/cmap/auth) by extension 'ignore'
[0.300s] Level 1:colcon.colcon_core.package_identification:_identify(mars_website/node_modules/mongodb/src/cmap/auth) by extension 'ignore_ament_install'
[0.300s] Level 1:colcon.colcon_core.package_identification:_identify(mars_website/node_modules/mongodb/src/cmap/auth) by extensions ['colcon_pkg']
[0.300s] Level 1:colcon.colcon_core.package_identification:_identify(mars_website/node_modules/mongodb/src/cmap/auth) by extension 'colcon_pkg'
[0.300s] Level 1:colcon.colcon_core.package_identification:_identify(mars_website/node_modules/mongodb/src/cmap/auth) by extensions ['colcon_meta']
[0.300s] Level 1:colcon.colcon_core.package_identification:_identify(mars_website/node_modules/mongodb/src/cmap/auth) by extension 'colcon_meta'
[0.301s] Level 1:colcon.colcon_core.package_identification:_identify(mars_website/node_modules/mongodb/src/cmap/auth) by extensions ['ros']
[0.301s] Level 1:colcon.colcon_core.package_identification:_identify(mars_website/node_modules/mongodb/src/cmap/auth) by extension 'ros'
[0.301s] Level 1:colcon.colcon_core.package_identification:_identify(mars_website/node_modules/mongodb/src/cmap/auth) by extensions ['cmake', 'python']
[0.301s] Level 1:colcon.colcon_core.package_identification:_identify(mars_website/node_modules/mongodb/src/cmap/auth) by extension 'cmake'
[0.301s] Level 1:colcon.colcon_core.package_identification:_identify(mars_website/node_modules/mongodb/src/cmap/auth) by extension 'python'
[0.301s] Level 1:colcon.colcon_core.package_identification:_identify(mars_website/node_modules/mongodb/src/cmap/auth) by extensions ['python_setup_py']
[0.301s] Level 1:colcon.colcon_core.package_identification:_identify(mars_website/node_modules/mongodb/src/cmap/auth) by extension 'python_setup_py'
[0.301s] Level 1:colcon.colcon_core.package_identification:_identify(mars_website/node_modules/mongodb/src/cmap/auth/mongodb_oidc) by extensions ['ignore', 'ignore_ament_install']
[0.301s] Level 1:colcon.colcon_core.package_identification:_identify(mars_website/node_modules/mongodb/src/cmap/auth/mongodb_oidc) by extension 'ignore'
[0.301s] Level 1:colcon.colcon_core.package_identification:_identify(mars_website/node_modules/mongodb/src/cmap/auth/mongodb_oidc) by extension 'ignore_ament_install'
[0.301s] Level 1:colcon.colcon_core.package_identification:_identify(mars_website/node_modules/mongodb/src/cmap/auth/mongodb_oidc) by extensions ['colcon_pkg']
[0.301s] Level 1:colcon.colcon_core.package_identification:_identify(mars_website/node_modules/mongodb/src/cmap/auth/mongodb_oidc) by extension 'colcon_pkg'
[0.301s] Level 1:colcon.colcon_core.package_identification:_identify(mars_website/node_modules/mongodb/src/cmap/auth/mongodb_oidc) by extensions ['colcon_meta']
[0.301s] Level 1:colcon.colcon_core.package_identification:_identify(mars_website/node_modules/mongodb/src/cmap/auth/mongodb_oidc) by extension 'colcon_meta'
[0.301s] Level 1:colcon.colcon_core.package_identification:_identify(mars_website/node_modules/mongodb/src/cmap/auth/mongodb_oidc) by extensions ['ros']
[0.301s] Level 1:colcon.colcon_core.package_identification:_identify(mars_website/node_modules/mongodb/src/cmap/auth/mongodb_oidc) by extension 'ros'
[0.301s] Level 1:colcon.colcon_core.package_identification:_identify(mars_website/node_modules/mongodb/src/cmap/auth/mongodb_oidc) by extensions ['cmake', 'python']
[0.301s] Level 1:colcon.colcon_core.package_identification:_identify(mars_website/node_modules/mongodb/src/cmap/auth/mongodb_oidc) by extension 'cmake'
[0.301s] Level 1:colcon.colcon_core.package_identification:_identify(mars_website/node_modules/mongodb/src/cmap/auth/mongodb_oidc) by extension 'python'
[0.301s] Level 1:colcon.colcon_core.package_identification:_identify(mars_website/node_modules/mongodb/src/cmap/auth/mongodb_oidc) by extensions ['python_setup_py']
[0.301s] Level 1:colcon.colcon_core.package_identification:_identify(mars_website/node_modules/mongodb/src/cmap/auth/mongodb_oidc) by extension 'python_setup_py'
[0.301s] Level 1:colcon.colcon_core.package_identification:_identify(mars_website/node_modules/mongodb/src/cmap/handshake) by extensions ['ignore', 'ignore_ament_install']
[0.301s] Level 1:colcon.colcon_core.package_identification:_identify(mars_website/node_modules/mongodb/src/cmap/handshake) by extension 'ignore'
[0.302s] Level 1:colcon.colcon_core.package_identification:_identify(mars_website/node_modules/mongodb/src/cmap/handshake) by extension 'ignore_ament_install'
[0.302s] Level 1:colcon.colcon_core.package_identification:_identify(mars_website/node_modules/mongodb/src/cmap/handshake) by extensions ['colcon_pkg']
[0.302s] Level 1:colcon.colcon_core.package_identification:_identify(mars_website/node_modules/mongodb/src/cmap/handshake) by extension 'colcon_pkg'
[0.302s] Level 1:colcon.colcon_core.package_identification:_identify(mars_website/node_modules/mongodb/src/cmap/handshake) by extensions ['colcon_meta']
[0.302s] Level 1:colcon.colcon_core.package_identification:_identify(mars_website/node_modules/mongodb/src/cmap/handshake) by extension 'colcon_meta'
[0.302s] Level 1:colcon.colcon_core.package_identification:_identify(mars_website/node_modules/mongodb/src/cmap/handshake) by extensions ['ros']
[0.302s] Level 1:colcon.colcon_core.package_identification:_identify(mars_website/node_modules/mongodb/src/cmap/handshake) by extension 'ros'
[0.302s] Level 1:colcon.colcon_core.package_identification:_identify(mars_website/node_modules/mongodb/src/cmap/handshake) by extensions ['cmake', 'python']
[0.302s] Level 1:colcon.colcon_core.package_identification:_identify(mars_website/node_modules/mongodb/src/cmap/handshake) by extension 'cmake'
[0.302s] Level 1:colcon.colcon_core.package_identification:_identify(mars_website/node_modules/mongodb/src/cmap/handshake) by extension 'python'
[0.302s] Level 1:colcon.colcon_core.package_identification:_identify(mars_website/node_modules/mongodb/src/cmap/handshake) by extensions ['python_setup_py']
[0.302s] Level 1:colcon.colcon_core.package_identification:_identify(mars_website/node_modules/mongodb/src/cmap/handshake) by extension 'python_setup_py'
[0.302s] Level 1:colcon.colcon_core.package_identification:_identify(mars_website/node_modules/mongodb/src/cmap/wire_protocol) by extensions ['ignore', 'ignore_ament_install']
[0.302s] Level 1:colcon.colcon_core.package_identification:_identify(mars_website/node_modules/mongodb/src/cmap/wire_protocol) by extension 'ignore'
[0.302s] Level 1:colcon.colcon_core.package_identification:_identify(mars_website/node_modules/mongodb/src/cmap/wire_protocol) by extension 'ignore_ament_install'
[0.302s] Level 1:colcon.colcon_core.package_identification:_identify(mars_website/node_modules/mongodb/src/cmap/wire_protocol) by extensions ['colcon_pkg']
[0.302s] Level 1:colcon.colcon_core.package_identification:_identify(mars_website/node_modules/mongodb/src/cmap/wire_protocol) by extension 'colcon_pkg'
[0.302s] Level 1:colcon.colcon_core.package_identification:_identify(mars_website/node_modules/mongodb/src/cmap/wire_protocol) by extensions ['colcon_meta']
[0.302s] Level 1:colcon.colcon_core.package_identification:_identify(mars_website/node_modules/mongodb/src/cmap/wire_protocol) by extension 'colcon_meta'
[0.302s] Level 1:colcon.colcon_core.package_identification:_identify(mars_website/node_modules/mongodb/src/cmap/wire_protocol) by extensions ['ros']
[0.302s] Level 1:colcon.colcon_core.package_identification:_identify(mars_website/node_modules/mongodb/src/cmap/wire_protocol) by extension 'ros'
[0.302s] Level 1:colcon.colcon_core.package_identification:_identify(mars_website/node_modules/mongodb/src/cmap/wire_protocol) by extensions ['cmake', 'python']
[0.302s] Level 1:colcon.colcon_core.package_identification:_identify(mars_website/node_modules/mongodb/src/cmap/wire_protocol) by extension 'cmake'
[0.302s] Level 1:colcon.colcon_core.package_identification:_identify(mars_website/node_modules/mongodb/src/cmap/wire_protocol) by extension 'python'
[0.302s] Level 1:colcon.colcon_core.package_identification:_identify(mars_website/node_modules/mongodb/src/cmap/wire_protocol) by extensions ['python_setup_py']
[0.303s] Level 1:colcon.colcon_core.package_identification:_identify(mars_website/node_modules/mongodb/src/cmap/wire_protocol) by extension 'python_setup_py'
[0.303s] Level 1:colcon.colcon_core.package_identification:_identify(mars_website/node_modules/mongodb/src/cmap/wire_protocol/on_demand) by extensions ['ignore', 'ignore_ament_install']
[0.303s] Level 1:colcon.colcon_core.package_identification:_identify(mars_website/node_modules/mongodb/src/cmap/wire_protocol/on_demand) by extension 'ignore'
[0.303s] Level 1:colcon.colcon_core.package_identification:_identify(mars_website/node_modules/mongodb/src/cmap/wire_protocol/on_demand) by extension 'ignore_ament_install'
[0.303s] Level 1:colcon.colcon_core.package_identification:_identify(mars_website/node_modules/mongodb/src/cmap/wire_protocol/on_demand) by extensions ['colcon_pkg']
[0.303s] Level 1:colcon.colcon_core.package_identification:_identify(mars_website/node_modules/mongodb/src/cmap/wire_protocol/on_demand) by extension 'colcon_pkg'
[0.303s] Level 1:colcon.colcon_core.package_identification:_identify(mars_website/node_modules/mongodb/src/cmap/wire_protocol/on_demand) by extensions ['colcon_meta']
[0.303s] Level 1:colcon.colcon_core.package_identification:_identify(mars_website/node_modules/mongodb/src/cmap/wire_protocol/on_demand) by extension 'colcon_meta'
[0.303s] Level 1:colcon.colcon_core.package_identification:_identify(mars_website/node_modules/mongodb/src/cmap/wire_protocol/on_demand) by extensions ['ros']
[0.303s] Level 1:colcon.colcon_core.package_identification:_identify(mars_website/node_modules/mongodb/src/cmap/wire_protocol/on_demand) by extension 'ros'
[0.303s] Level 1:colcon.colcon_core.package_identification:_identify(mars_website/node_modules/mongodb/src/cmap/wire_protocol/on_demand) by extensions ['cmake', 'python']
[0.303s] Level 1:colcon.colcon_core.package_identification:_identify(mars_website/node_modules/mongodb/src/cmap/wire_protocol/on_demand) by extension 'cmake'
[0.303s] Level 1:colcon.colcon_core.package_identification:_identify(mars_website/node_modules/mongodb/src/cmap/wire_protocol/on_demand) by extension 'python'
[0.303s] Level 1:colcon.colcon_core.package_identification:_identify(mars_website/node_modules/mongodb/src/cmap/wire_protocol/on_demand) by extensions ['python_setup_py']
[0.303s] Level 1:colcon.colcon_core.package_identification:_identify(mars_website/node_modules/mongodb/src/cmap/wire_protocol/on_demand) by extension 'python_setup_py'
[0.303s] Level 1:colcon.colcon_core.package_identification:_identify(mars_website/node_modules/mongodb/src/cursor) by extensions ['ignore', 'ignore_ament_install']
[0.303s] Level 1:colcon.colcon_core.package_identification:_identify(mars_website/node_modules/mongodb/src/cursor) by extension 'ignore'
[0.303s] Level 1:colcon.colcon_core.package_identification:_identify(mars_website/node_modules/mongodb/src/cursor) by extension 'ignore_ament_install'
[0.303s] Level 1:colcon.colcon_core.package_identification:_identify(mars_website/node_modules/mongodb/src/cursor) by extensions ['colcon_pkg']
[0.304s] Level 1:colcon.colcon_core.package_identification:_identify(mars_website/node_modules/mongodb/src/cursor) by extension 'colcon_pkg'
[0.304s] Level 1:colcon.colcon_core.package_identification:_identify(mars_website/node_modules/mongodb/src/cursor) by extensions ['colcon_meta']
[0.304s] Level 1:colcon.colcon_core.package_identification:_identify(mars_website/node_modules/mongodb/src/cursor) by extension 'colcon_meta'
[0.304s] Level 1:colcon.colcon_core.package_identification:_identify(mars_website/node_modules/mongodb/src/cursor) by extensions ['ros']
[0.304s] Level 1:colcon.colcon_core.package_identification:_identify(mars_website/node_modules/mongodb/src/cursor) by extension 'ros'
[0.304s] Level 1:colcon.colcon_core.package_identification:_identify(mars_website/node_modules/mongodb/src/cursor) by extensions ['cmake', 'python']
[0.304s] Level 1:colcon.colcon_core.package_identification:_identify(mars_website/node_modules/mongodb/src/cursor) by extension 'cmake'
[0.304s] Level 1:colcon.colcon_core.package_identification:_identify(mars_website/node_modules/mongodb/src/cursor) by extension 'python'
[0.304s] Level 1:colcon.colcon_core.package_identification:_identify(mars_website/node_modules/mongodb/src/cursor) by extensions ['python_setup_py']
[0.304s] Level 1:colcon.colcon_core.package_identification:_identify(mars_website/node_modules/mongodb/src/cursor) by extension 'python_setup_py'
[0.304s] Level 1:colcon.colcon_core.package_identification:_identify(mars_website/node_modules/mongodb/src/gridfs) by extensions ['ignore', 'ignore_ament_install']
[0.304s] Level 1:colcon.colcon_core.package_identification:_identify(mars_website/node_modules/mongodb/src/gridfs) by extension 'ignore'
[0.304s] Level 1:colcon.colcon_core.package_identification:_identify(mars_website/node_modules/mongodb/src/gridfs) by extension 'ignore_ament_install'
[0.304s] Level 1:colcon.colcon_core.package_identification:_identify(mars_website/node_modules/mongodb/src/gridfs) by extensions ['colcon_pkg']
[0.304s] Level 1:colcon.colcon_core.package_identification:_identify(mars_website/node_modules/mongodb/src/gridfs) by extension 'colcon_pkg'
[0.304s] Level 1:colcon.colcon_core.package_identification:_identify(mars_website/node_modules/mongodb/src/gridfs) by extensions ['colcon_meta']
[0.304s] Level 1:colcon.colcon_core.package_identification:_identify(mars_website/node_modules/mongodb/src/gridfs) by extension 'colcon_meta'
[0.304s] Level 1:colcon.colcon_core.package_identification:_identify(mars_website/node_modules/mongodb/src/gridfs) by extensions ['ros']
[0.304s] Level 1:colcon.colcon_core.package_identification:_identify(mars_website/node_modules/mongodb/src/gridfs) by extension 'ros'
[0.304s] Level 1:colcon.colcon_core.package_identification:_identify(mars_website/node_modules/mongodb/src/gridfs) by extensions ['cmake', 'python']
[0.304s] Level 1:colcon.colcon_core.package_identification:_identify(mars_website/node_modules/mongodb/src/gridfs) by extension 'cmake'
[0.304s] Level 1:colcon.colcon_core.package_identification:_identify(mars_website/node_modules/mongodb/src/gridfs) by extension 'python'
[0.304s] Level 1:colcon.colcon_core.package_identification:_identify(mars_website/node_modules/mongodb/src/gridfs) by extensions ['python_setup_py']
[0.304s] Level 1:colcon.colcon_core.package_identification:_identify(mars_website/node_modules/mongodb/src/gridfs) by extension 'python_setup_py'
[0.305s] Level 1:colcon.colcon_core.package_identification:_identify(mars_website/node_modules/mongodb/src/operations) by extensions ['ignore', 'ignore_ament_install']
[0.305s] Level 1:colcon.colcon_core.package_identification:_identify(mars_website/node_modules/mongodb/src/operations) by extension 'ignore'
[0.305s] Level 1:colcon.colcon_core.package_identification:_identify(mars_website/node_modules/mongodb/src/operations) by extension 'ignore_ament_install'
[0.305s] Level 1:colcon.colcon_core.package_identification:_identify(mars_website/node_modules/mongodb/src/operations) by extensions ['colcon_pkg']
[0.305s] Level 1:colcon.colcon_core.package_identification:_identify(mars_website/node_modules/mongodb/src/operations) by extension 'colcon_pkg'
[0.305s] Level 1:colcon.colcon_core.package_identification:_identify(mars_website/node_modules/mongodb/src/operations) by extensions ['colcon_meta']
[0.305s] Level 1:colcon.colcon_core.package_identification:_identify(mars_website/node_modules/mongodb/src/operations) by extension 'colcon_meta'
[0.305s] Level 1:colcon.colcon_core.package_identification:_identify(mars_website/node_modules/mongodb/src/operations) by extensions ['ros']
[0.305s] Level 1:colcon.colcon_core.package_identification:_identify(mars_website/node_modules/mongodb/src/operations) by extension 'ros'
[0.305s] Level 1:colcon.colcon_core.package_identification:_identify(mars_website/node_modules/mongodb/src/operations) by extensions ['cmake', 'python']
[0.305s] Level 1:colcon.colcon_core.package_identification:_identify(mars_website/node_modules/mongodb/src/operations) by extension 'cmake'
[0.305s] Level 1:colcon.colcon_core.package_identification:_identify(mars_website/node_modules/mongodb/src/operations) by extension 'python'
[0.305s] Level 1:colcon.colcon_core.package_identification:_identify(mars_website/node_modules/mongodb/src/operations) by extensions ['python_setup_py']
[0.305s] Level 1:colcon.colcon_core.package_identification:_identify(mars_website/node_modules/mongodb/src/operations) by extension 'python_setup_py'
[0.305s] Level 1:colcon.colcon_core.package_identification:_identify(mars_website/node_modules/mongodb/src/operations/client_bulk_write) by extensions ['ignore', 'ignore_ament_install']
[0.305s] Level 1:colcon.colcon_core.package_identification:_identify(mars_website/node_modules/mongodb/src/operations/client_bulk_write) by extension 'ignore'
[0.305s] Level 1:colcon.colcon_core.package_identification:_identify(mars_website/node_modules/mongodb/src/operations/client_bulk_write) by extension 'ignore_ament_install'
[0.305s] Level 1:colcon.colcon_core.package_identification:_identify(mars_website/node_modules/mongodb/src/operations/client_bulk_write) by extensions ['colcon_pkg']
[0.305s] Level 1:colcon.colcon_core.package_identification:_identify(mars_website/node_modules/mongodb/src/operations/client_bulk_write) by extension 'colcon_pkg'
[0.305s] Level 1:colcon.colcon_core.package_identification:_identify(mars_website/node_modules/mongodb/src/operations/client_bulk_write) by extensions ['colcon_meta']
[0.305s] Level 1:colcon.colcon_core.package_identification:_identify(mars_website/node_modules/mongodb/src/operations/client_bulk_write) by extension 'colcon_meta'
[0.305s] Level 1:colcon.colcon_core.package_identification:_identify(mars_website/node_modules/mongodb/src/operations/client_bulk_write) by extensions ['ros']
[0.305s] Level 1:colcon.colcon_core.package_identification:_identify(mars_website/node_modules/mongodb/src/operations/client_bulk_write) by extension 'ros'
[0.306s] Level 1:colcon.colcon_core.package_identification:_identify(mars_website/node_modules/mongodb/src/operations/client_bulk_write) by extensions ['cmake', 'python']
[0.306s] Level 1:colcon.colcon_core.package_identification:_identify(mars_website/node_modules/mongodb/src/operations/client_bulk_write) by extension 'cmake'
[0.306s] Level 1:colcon.colcon_core.package_identification:_identify(mars_website/node_modules/mongodb/src/operations/client_bulk_write) by extension 'python'
[0.306s] Level 1:colcon.colcon_core.package_identification:_identify(mars_website/node_modules/mongodb/src/operations/client_bulk_write) by extensions ['python_setup_py']
[0.306s] Level 1:colcon.colcon_core.package_identification:_identify(mars_website/node_modules/mongodb/src/operations/client_bulk_write) by extension 'python_setup_py'
[0.306s] Level 1:colcon.colcon_core.package_identification:_identify(mars_website/node_modules/mongodb/src/operations/search_indexes) by extensions ['ignore', 'ignore_ament_install']
[0.306s] Level 1:colcon.colcon_core.package_identification:_identify(mars_website/node_modules/mongodb/src/operations/search_indexes) by extension 'ignore'
[0.306s] Level 1:colcon.colcon_core.package_identification:_identify(mars_website/node_modules/mongodb/src/operations/search_indexes) by extension 'ignore_ament_install'
[0.306s] Level 1:colcon.colcon_core.package_identification:_identify(mars_website/node_modules/mongodb/src/operations/search_indexes) by extensions ['colcon_pkg']
[0.306s] Level 1:colcon.colcon_core.package_identification:_identify(mars_website/node_modules/mongodb/src/operations/search_indexes) by extension 'colcon_pkg'
[0.306s] Level 1:colcon.colcon_core.package_identification:_identify(mars_website/node_modules/mongodb/src/operations/search_indexes) by extensions ['colcon_meta']
[0.306s] Level 1:colcon.colcon_core.package_identification:_identify(mars_website/node_modules/mongodb/src/operations/search_indexes) by extension 'colcon_meta'
[0.306s] Level 1:colcon.colcon_core.package_identification:_identify(mars_website/node_modules/mongodb/src/operations/search_indexes) by extensions ['ros']
[0.306s] Level 1:colcon.colcon_core.package_identification:_identify(mars_website/node_modules/mongodb/src/operations/search_indexes) by extension 'ros'
[0.306s] Level 1:colcon.colcon_core.package_identification:_identify(mars_website/node_modules/mongodb/src/operations/search_indexes) by extensions ['cmake', 'python']
[0.306s] Level 1:colcon.colcon_core.package_identification:_identify(mars_website/node_modules/mongodb/src/operations/search_indexes) by extension 'cmake'
[0.306s] Level 1:colcon.colcon_core.package_identification:_identify(mars_website/node_modules/mongodb/src/operations/search_indexes) by extension 'python'
[0.306s] Level 1:colcon.colcon_core.package_identification:_identify(mars_website/node_modules/mongodb/src/operations/search_indexes) by extensions ['python_setup_py']
[0.306s] Level 1:colcon.colcon_core.package_identification:_identify(mars_website/node_modules/mongodb/src/operations/search_indexes) by extension 'python_setup_py'
[0.306s] Level 1:colcon.colcon_core.package_identification:_identify(mars_website/node_modules/mongodb/src/sdam) by extensions ['ignore', 'ignore_ament_install']
[0.306s] Level 1:colcon.colcon_core.package_identification:_identify(mars_website/node_modules/mongodb/src/sdam) by extension 'ignore'
[0.306s] Level 1:colcon.colcon_core.package_identification:_identify(mars_website/node_modules/mongodb/src/sdam) by extension 'ignore_ament_install'
[0.306s] Level 1:colcon.colcon_core.package_identification:_identify(mars_website/node_modules/mongodb/src/sdam) by extensions ['colcon_pkg']
[0.306s] Level 1:colcon.colcon_core.package_identification:_identify(mars_website/node_modules/mongodb/src/sdam) by extension 'colcon_pkg'
[0.307s] Level 1:colcon.colcon_core.package_identification:_identify(mars_website/node_modules/mongodb/src/sdam) by extensions ['colcon_meta']
[0.307s] Level 1:colcon.colcon_core.package_identification:_identify(mars_website/node_modules/mongodb/src/sdam) by extension 'colcon_meta'
[0.307s] Level 1:colcon.colcon_core.package_identification:_identify(mars_website/node_modules/mongodb/src/sdam) by extensions ['ros']
[0.307s] Level 1:colcon.colcon_core.package_identification:_identify(mars_website/node_modules/mongodb/src/sdam) by extension 'ros'
[0.307s] Level 1:colcon.colcon_core.package_identification:_identify(mars_website/node_modules/mongodb/src/sdam) by extensions ['cmake', 'python']
[0.307s] Level 1:colcon.colcon_core.package_identification:_identify(mars_website/node_modules/mongodb/src/sdam) by extension 'cmake'
[0.307s] Level 1:colcon.colcon_core.package_identification:_identify(mars_website/node_modules/mongodb/src/sdam) by extension 'python'
[0.307s] Level 1:colcon.colcon_core.package_identification:_identify(mars_website/node_modules/mongodb/src/sdam) by extensions ['python_setup_py']
[0.307s] Level 1:colcon.colcon_core.package_identification:_identify(mars_website/node_modules/mongodb/src/sdam) by extension 'python_setup_py'
[0.307s] Level 1:colcon.colcon_core.package_identification:_identify(mars_website/node_modules/mongodb-connection-string-url) by extensions ['ignore', 'ignore_ament_install']
[0.307s] Level 1:colcon.colcon_core.package_identification:_identify(mars_website/node_modules/mongodb-connection-string-url) by extension 'ignore'
[0.307s] Level 1:colcon.colcon_core.package_identification:_identify(mars_website/node_modules/mongodb-connection-string-url) by extension 'ignore_ament_install'
[0.307s] Level 1:colcon.colcon_core.package_identification:_identify(mars_website/node_modules/mongodb-connection-string-url) by extensions ['colcon_pkg']
[0.307s] Level 1:colcon.colcon_core.package_identification:_identify(mars_website/node_modules/mongodb-connection-string-url) by extension 'colcon_pkg'
[0.307s] Level 1:colcon.colcon_core.package_identification:_identify(mars_website/node_modules/mongodb-connection-string-url) by extensions ['colcon_meta']
[0.307s] Level 1:colcon.colcon_core.package_identification:_identify(mars_website/node_modules/mongodb-connection-string-url) by extension 'colcon_meta'
[0.307s] Level 1:colcon.colcon_core.package_identification:_identify(mars_website/node_modules/mongodb-connection-string-url) by extensions ['ros']
[0.307s] Level 1:colcon.colcon_core.package_identification:_identify(mars_website/node_modules/mongodb-connection-string-url) by extension 'ros'
[0.307s] Level 1:colcon.colcon_core.package_identification:_identify(mars_website/node_modules/mongodb-connection-string-url) by extensions ['cmake', 'python']
[0.307s] Level 1:colcon.colcon_core.package_identification:_identify(mars_website/node_modules/mongodb-connection-string-url) by extension 'cmake'
[0.307s] Level 1:colcon.colcon_core.package_identification:_identify(mars_website/node_modules/mongodb-connection-string-url) by extension 'python'
[0.307s] Level 1:colcon.colcon_core.package_identification:_identify(mars_website/node_modules/mongodb-connection-string-url) by extensions ['python_setup_py']
[0.307s] Level 1:colcon.colcon_core.package_identification:_identify(mars_website/node_modules/mongodb-connection-string-url) by extension 'python_setup_py'
[0.307s] Level 1:colcon.colcon_core.package_identification:_identify(mars_website/node_modules/mongodb-connection-string-url/lib) by extensions ['ignore', 'ignore_ament_install']
[0.307s] Level 1:colcon.colcon_core.package_identification:_identify(mars_website/node_modules/mongodb-connection-string-url/lib) by extension 'ignore'
[0.308s] Level 1:colcon.colcon_core.package_identification:_identify(mars_website/node_modules/mongodb-connection-string-url/lib) by extension 'ignore_ament_install'
[0.308s] Level 1:colcon.colcon_core.package_identification:_identify(mars_website/node_modules/mongodb-connection-string-url/lib) by extensions ['colcon_pkg']
[0.308s] Level 1:colcon.colcon_core.package_identification:_identify(mars_website/node_modules/mongodb-connection-string-url/lib) by extension 'colcon_pkg'
[0.308s] Level 1:colcon.colcon_core.package_identification:_identify(mars_website/node_modules/mongodb-connection-string-url/lib) by extensions ['colcon_meta']
[0.308s] Level 1:colcon.colcon_core.package_identification:_identify(mars_website/node_modules/mongodb-connection-string-url/lib) by extension 'colcon_meta'
[0.308s] Level 1:colcon.colcon_core.package_identification:_identify(mars_website/node_modules/mongodb-connection-string-url/lib) by extensions ['ros']
[0.308s] Level 1:colcon.colcon_core.package_identification:_identify(mars_website/node_modules/mongodb-connection-string-url/lib) by extension 'ros'
[0.308s] Level 1:colcon.colcon_core.package_identification:_identify(mars_website/node_modules/mongodb-connection-string-url/lib) by extensions ['cmake', 'python']
[0.308s] Level 1:colcon.colcon_core.package_identification:_identify(mars_website/node_modules/mongodb-connection-string-url/lib) by extension 'cmake'
[0.308s] Level 1:colcon.colcon_core.package_identification:_identify(mars_website/node_modules/mongodb-connection-string-url/lib) by extension 'python'
[0.308s] Level 1:colcon.colcon_core.package_identification:_identify(mars_website/node_modules/mongodb-connection-string-url/lib) by extensions ['python_setup_py']
[0.308s] Level 1:colcon.colcon_core.package_identification:_identify(mars_website/node_modules/mongodb-connection-string-url/lib) by extension 'python_setup_py'
[0.308s] Level 1:colcon.colcon_core.package_identification:_identify(mars_website/node_modules/punycode) by extensions ['ignore', 'ignore_ament_install']
[0.308s] Level 1:colcon.colcon_core.package_identification:_identify(mars_website/node_modules/punycode) by extension 'ignore'
[0.308s] Level 1:colcon.colcon_core.package_identification:_identify(mars_website/node_modules/punycode) by extension 'ignore_ament_install'
[0.308s] Level 1:colcon.colcon_core.package_identification:_identify(mars_website/node_modules/punycode) by extensions ['colcon_pkg']
[0.308s] Level 1:colcon.colcon_core.package_identification:_identify(mars_website/node_modules/punycode) by extension 'colcon_pkg'
[0.308s] Level 1:colcon.colcon_core.package_identification:_identify(mars_website/node_modules/punycode) by extensions ['colcon_meta']
[0.308s] Level 1:colcon.colcon_core.package_identification:_identify(mars_website/node_modules/punycode) by extension 'colcon_meta'
[0.308s] Level 1:colcon.colcon_core.package_identification:_identify(mars_website/node_modules/punycode) by extensions ['ros']
[0.308s] Level 1:colcon.colcon_core.package_identification:_identify(mars_website/node_modules/punycode) by extension 'ros'
[0.308s] Level 1:colcon.colcon_core.package_identification:_identify(mars_website/node_modules/punycode) by extensions ['cmake', 'python']
[0.308s] Level 1:colcon.colcon_core.package_identification:_identify(mars_website/node_modules/punycode) by extension 'cmake'
[0.308s] Level 1:colcon.colcon_core.package_identification:_identify(mars_website/node_modules/punycode) by extension 'python'
[0.308s] Level 1:colcon.colcon_core.package_identification:_identify(mars_website/node_modules/punycode) by extensions ['python_setup_py']
[0.308s] Level 1:colcon.colcon_core.package_identification:_identify(mars_website/node_modules/punycode) by extension 'python_setup_py'
[0.309s] Level 1:colcon.colcon_core.package_identification:_identify(mars_website/node_modules/sparse-bitfield) by extensions ['ignore', 'ignore_ament_install']
[0.309s] Level 1:colcon.colcon_core.package_identification:_identify(mars_website/node_modules/sparse-bitfield) by extension 'ignore'
[0.309s] Level 1:colcon.colcon_core.package_identification:_identify(mars_website/node_modules/sparse-bitfield) by extension 'ignore_ament_install'
[0.309s] Level 1:colcon.colcon_core.package_identification:_identify(mars_website/node_modules/sparse-bitfield) by extensions ['colcon_pkg']
[0.309s] Level 1:colcon.colcon_core.package_identification:_identify(mars_website/node_modules/sparse-bitfield) by extension 'colcon_pkg'
[0.309s] Level 1:colcon.colcon_core.package_identification:_identify(mars_website/node_modules/sparse-bitfield) by extensions ['colcon_meta']
[0.309s] Level 1:colcon.colcon_core.package_identification:_identify(mars_website/node_modules/sparse-bitfield) by extension 'colcon_meta'
[0.309s] Level 1:colcon.colcon_core.package_identification:_identify(mars_website/node_modules/sparse-bitfield) by extensions ['ros']
[0.309s] Level 1:colcon.colcon_core.package_identification:_identify(mars_website/node_modules/sparse-bitfield) by extension 'ros'
[0.309s] Level 1:colcon.colcon_core.package_identification:_identify(mars_website/node_modules/sparse-bitfield) by extensions ['cmake', 'python']
[0.309s] Level 1:colcon.colcon_core.package_identification:_identify(mars_website/node_modules/sparse-bitfield) by extension 'cmake'
[0.309s] Level 1:colcon.colcon_core.package_identification:_identify(mars_website/node_modules/sparse-bitfield) by extension 'python'
[0.309s] Level 1:colcon.colcon_core.package_identification:_identify(mars_website/node_modules/sparse-bitfield) by extensions ['python_setup_py']
[0.309s] Level 1:colcon.colcon_core.package_identification:_identify(mars_website/node_modules/sparse-bitfield) by extension 'python_setup_py'
[0.309s] Level 1:colcon.colcon_core.package_identification:_identify(mars_website/node_modules/tr46) by extensions ['ignore', 'ignore_ament_install']
[0.309s] Level 1:colcon.colcon_core.package_identification:_identify(mars_website/node_modules/tr46) by extension 'ignore'
[0.309s] Level 1:colcon.colcon_core.package_identification:_identify(mars_website/node_modules/tr46) by extension 'ignore_ament_install'
[0.309s] Level 1:colcon.colcon_core.package_identification:_identify(mars_website/node_modules/tr46) by extensions ['colcon_pkg']
[0.309s] Level 1:colcon.colcon_core.package_identification:_identify(mars_website/node_modules/tr46) by extension 'colcon_pkg'
[0.309s] Level 1:colcon.colcon_core.package_identification:_identify(mars_website/node_modules/tr46) by extensions ['colcon_meta']
[0.309s] Level 1:colcon.colcon_core.package_identification:_identify(mars_website/node_modules/tr46) by extension 'colcon_meta'
[0.309s] Level 1:colcon.colcon_core.package_identification:_identify(mars_website/node_modules/tr46) by extensions ['ros']
[0.309s] Level 1:colcon.colcon_core.package_identification:_identify(mars_website/node_modules/tr46) by extension 'ros'
[0.309s] Level 1:colcon.colcon_core.package_identification:_identify(mars_website/node_modules/tr46) by extensions ['cmake', 'python']
[0.309s] Level 1:colcon.colcon_core.package_identification:_identify(mars_website/node_modules/tr46) by extension 'cmake'
[0.309s] Level 1:colcon.colcon_core.package_identification:_identify(mars_website/node_modules/tr46) by extension 'python'
[0.310s] Level 1:colcon.colcon_core.package_identification:_identify(mars_website/node_modules/tr46) by extensions ['python_setup_py']
[0.310s] Level 1:colcon.colcon_core.package_identification:_identify(mars_website/node_modules/tr46) by extension 'python_setup_py'
[0.310s] Level 1:colcon.colcon_core.package_identification:_identify(mars_website/node_modules/tr46/lib) by extensions ['ignore', 'ignore_ament_install']
[0.310s] Level 1:colcon.colcon_core.package_identification:_identify(mars_website/node_modules/tr46/lib) by extension 'ignore'
[0.310s] Level 1:colcon.colcon_core.package_identification:_identify(mars_website/node_modules/tr46/lib) by extension 'ignore_ament_install'
[0.310s] Level 1:colcon.colcon_core.package_identification:_identify(mars_website/node_modules/tr46/lib) by extensions ['colcon_pkg']
[0.310s] Level 1:colcon.colcon_core.package_identification:_identify(mars_website/node_modules/tr46/lib) by extension 'colcon_pkg'
[0.310s] Level 1:colcon.colcon_core.package_identification:_identify(mars_website/node_modules/tr46/lib) by extensions ['colcon_meta']
[0.310s] Level 1:colcon.colcon_core.package_identification:_identify(mars_website/node_modules/tr46/lib) by extension 'colcon_meta'
[0.310s] Level 1:colcon.colcon_core.package_identification:_identify(mars_website/node_modules/tr46/lib) by extensions ['ros']
[0.310s] Level 1:colcon.colcon_core.package_identification:_identify(mars_website/node_modules/tr46/lib) by extension 'ros'
[0.310s] Level 1:colcon.colcon_core.package_identification:_identify(mars_website/node_modules/tr46/lib) by extensions ['cmake', 'python']
[0.310s] Level 1:colcon.colcon_core.package_identification:_identify(mars_website/node_modules/tr46/lib) by extension 'cmake'
[0.310s] Level 1:colcon.colcon_core.package_identification:_identify(mars_website/node_modules/tr46/lib) by extension 'python'
[0.310s] Level 1:colcon.colcon_core.package_identification:_identify(mars_website/node_modules/tr46/lib) by extensions ['python_setup_py']
[0.310s] Level 1:colcon.colcon_core.package_identification:_identify(mars_website/node_modules/tr46/lib) by extension 'python_setup_py'
[0.310s] Level 1:colcon.colcon_core.package_identification:_identify(mars_website/node_modules/webidl-conversions) by extensions ['ignore', 'ignore_ament_install']
[0.310s] Level 1:colcon.colcon_core.package_identification:_identify(mars_website/node_modules/webidl-conversions) by extension 'ignore'
[0.310s] Level 1:colcon.colcon_core.package_identification:_identify(mars_website/node_modules/webidl-conversions) by extension 'ignore_ament_install'
[0.310s] Level 1:colcon.colcon_core.package_identification:_identify(mars_website/node_modules/webidl-conversions) by extensions ['colcon_pkg']
[0.310s] Level 1:colcon.colcon_core.package_identification:_identify(mars_website/node_modules/webidl-conversions) by extension 'colcon_pkg'
[0.310s] Level 1:colcon.colcon_core.package_identification:_identify(mars_website/node_modules/webidl-conversions) by extensions ['colcon_meta']
[0.310s] Level 1:colcon.colcon_core.package_identification:_identify(mars_website/node_modules/webidl-conversions) by extension 'colcon_meta'
[0.310s] Level 1:colcon.colcon_core.package_identification:_identify(mars_website/node_modules/webidl-conversions) by extensions ['ros']
[0.310s] Level 1:colcon.colcon_core.package_identification:_identify(mars_website/node_modules/webidl-conversions) by extension 'ros'
[0.311s] Level 1:colcon.colcon_core.package_identification:_identify(mars_website/node_modules/webidl-conversions) by extensions ['cmake', 'python']
[0.311s] Level 1:colcon.colcon_core.package_identification:_identify(mars_website/node_modules/webidl-conversions) by extension 'cmake'
[0.311s] Level 1:colcon.colcon_core.package_identification:_identify(mars_website/node_modules/webidl-conversions) by extension 'python'
[0.311s] Level 1:colcon.colcon_core.package_identification:_identify(mars_website/node_modules/webidl-conversions) by extensions ['python_setup_py']
[0.311s] Level 1:colcon.colcon_core.package_identification:_identify(mars_website/node_modules/webidl-conversions) by extension 'python_setup_py'
[0.311s] Level 1:colcon.colcon_core.package_identification:_identify(mars_website/node_modules/webidl-conversions/lib) by extensions ['ignore', 'ignore_ament_install']
[0.311s] Level 1:colcon.colcon_core.package_identification:_identify(mars_website/node_modules/webidl-conversions/lib) by extension 'ignore'
[0.311s] Level 1:colcon.colcon_core.package_identification:_identify(mars_website/node_modules/webidl-conversions/lib) by extension 'ignore_ament_install'
[0.311s] Level 1:colcon.colcon_core.package_identification:_identify(mars_website/node_modules/webidl-conversions/lib) by extensions ['colcon_pkg']
[0.311s] Level 1:colcon.colcon_core.package_identification:_identify(mars_website/node_modules/webidl-conversions/lib) by extension 'colcon_pkg'
[0.311s] Level 1:colcon.colcon_core.package_identification:_identify(mars_website/node_modules/webidl-conversions/lib) by extensions ['colcon_meta']
[0.311s] Level 1:colcon.colcon_core.package_identification:_identify(mars_website/node_modules/webidl-conversions/lib) by extension 'colcon_meta'
[0.311s] Level 1:colcon.colcon_core.package_identification:_identify(mars_website/node_modules/webidl-conversions/lib) by extensions ['ros']
[0.311s] Level 1:colcon.colcon_core.package_identification:_identify(mars_website/node_modules/webidl-conversions/lib) by extension 'ros'
[0.311s] Level 1:colcon.colcon_core.package_identification:_identify(mars_website/node_modules/webidl-conversions/lib) by extensions ['cmake', 'python']
[0.311s] Level 1:colcon.colcon_core.package_identification:_identify(mars_website/node_modules/webidl-conversions/lib) by extension 'cmake'
[0.311s] Level 1:colcon.colcon_core.package_identification:_identify(mars_website/node_modules/webidl-conversions/lib) by extension 'python'
[0.311s] Level 1:colcon.colcon_core.package_identification:_identify(mars_website/node_modules/webidl-conversions/lib) by extensions ['python_setup_py']
[0.311s] Level 1:colcon.colcon_core.package_identification:_identify(mars_website/node_modules/webidl-conversions/lib) by extension 'python_setup_py'
[0.311s] Level 1:colcon.colcon_core.package_identification:_identify(mars_website/node_modules/whatwg-url) by extensions ['ignore', 'ignore_ament_install']
[0.311s] Level 1:colcon.colcon_core.package_identification:_identify(mars_website/node_modules/whatwg-url) by extension 'ignore'
[0.311s] Level 1:colcon.colcon_core.package_identification:_identify(mars_website/node_modules/whatwg-url) by extension 'ignore_ament_install'
[0.311s] Level 1:colcon.colcon_core.package_identification:_identify(mars_website/node_modules/whatwg-url) by extensions ['colcon_pkg']
[0.311s] Level 1:colcon.colcon_core.package_identification:_identify(mars_website/node_modules/whatwg-url) by extension 'colcon_pkg'
[0.311s] Level 1:colcon.colcon_core.package_identification:_identify(mars_website/node_modules/whatwg-url) by extensions ['colcon_meta']
[0.311s] Level 1:colcon.colcon_core.package_identification:_identify(mars_website/node_modules/whatwg-url) by extension 'colcon_meta'
[0.312s] Level 1:colcon.colcon_core.package_identification:_identify(mars_website/node_modules/whatwg-url) by extensions ['ros']
[0.312s] Level 1:colcon.colcon_core.package_identification:_identify(mars_website/node_modules/whatwg-url) by extension 'ros'
[0.312s] Level 1:colcon.colcon_core.package_identification:_identify(mars_website/node_modules/whatwg-url) by extensions ['cmake', 'python']
[0.312s] Level 1:colcon.colcon_core.package_identification:_identify(mars_website/node_modules/whatwg-url) by extension 'cmake'
[0.312s] Level 1:colcon.colcon_core.package_identification:_identify(mars_website/node_modules/whatwg-url) by extension 'python'
[0.312s] Level 1:colcon.colcon_core.package_identification:_identify(mars_website/node_modules/whatwg-url) by extensions ['python_setup_py']
[0.312s] Level 1:colcon.colcon_core.package_identification:_identify(mars_website/node_modules/whatwg-url) by extension 'python_setup_py'
[0.312s] Level 1:colcon.colcon_core.package_identification:_identify(mars_website/node_modules/whatwg-url/lib) by extensions ['ignore', 'ignore_ament_install']
[0.312s] Level 1:colcon.colcon_core.package_identification:_identify(mars_website/node_modules/whatwg-url/lib) by extension 'ignore'
[0.312s] Level 1:colcon.colcon_core.package_identification:_identify(mars_website/node_modules/whatwg-url/lib) by extension 'ignore_ament_install'
[0.312s] Level 1:colcon.colcon_core.package_identification:_identify(mars_website/node_modules/whatwg-url/lib) by extensions ['colcon_pkg']
[0.312s] Level 1:colcon.colcon_core.package_identification:_identify(mars_website/node_modules/whatwg-url/lib) by extension 'colcon_pkg'
[0.312s] Level 1:colcon.colcon_core.package_identification:_identify(mars_website/node_modules/whatwg-url/lib) by extensions ['colcon_meta']
[0.312s] Level 1:colcon.colcon_core.package_identification:_identify(mars_website/node_modules/whatwg-url/lib) by extension 'colcon_meta'
[0.312s] Level 1:colcon.colcon_core.package_identification:_identify(mars_website/node_modules/whatwg-url/lib) by extensions ['ros']
[0.312s] Level 1:colcon.colcon_core.package_identification:_identify(mars_website/node_modules/whatwg-url/lib) by extension 'ros'
[0.312s] Level 1:colcon.colcon_core.package_identification:_identify(mars_website/node_modules/whatwg-url/lib) by extensions ['cmake', 'python']
[0.312s] Level 1:colcon.colcon_core.package_identification:_identify(mars_website/node_modules/whatwg-url/lib) by extension 'cmake'
[0.312s] Level 1:colcon.colcon_core.package_identification:_identify(mars_website/node_modules/whatwg-url/lib) by extension 'python'
[0.312s] Level 1:colcon.colcon_core.package_identification:_identify(mars_website/node_modules/whatwg-url/lib) by extensions ['python_setup_py']
[0.312s] Level 1:colcon.colcon_core.package_identification:_identify(mars_website/node_modules/whatwg-url/lib) by extension 'python_setup_py'
[0.312s] Level 1:colcon.colcon_core.package_identification:_identify(src) by extensions ['ignore', 'ignore_ament_install']
[0.312s] Level 1:colcon.colcon_core.package_identification:_identify(src) by extension 'ignore'
[0.312s] Level 1:colcon.colcon_core.package_identification:_identify(src) by extension 'ignore_ament_install'
[0.313s] Level 1:colcon.colcon_core.package_identification:_identify(src) by extensions ['colcon_pkg']
[0.313s] Level 1:colcon.colcon_core.package_identification:_identify(src) by extension 'colcon_pkg'
[0.313s] Level 1:colcon.colcon_core.package_identification:_identify(src) by extensions ['colcon_meta']
[0.313s] Level 1:colcon.colcon_core.package_identification:_identify(src) by extension 'colcon_meta'
[0.313s] Level 1:colcon.colcon_core.package_identification:_identify(src) by extensions ['ros']
[0.313s] Level 1:colcon.colcon_core.package_identification:_identify(src) by extension 'ros'
[0.313s] Level 1:colcon.colcon_core.package_identification:_identify(src) by extensions ['cmake', 'python']
[0.313s] Level 1:colcon.colcon_core.package_identification:_identify(src) by extension 'cmake'
[0.313s] Level 1:colcon.colcon_core.package_identification:_identify(src) by extension 'python'
[0.313s] Level 1:colcon.colcon_core.package_identification:_identify(src) by extensions ['python_setup_py']
[0.313s] Level 1:colcon.colcon_core.package_identification:_identify(src) by extension 'python_setup_py'
[0.313s] Level 1:colcon.colcon_core.package_identification:_identify(src/mars) by extensions ['ignore', 'ignore_ament_install']
[0.313s] Level 1:colcon.colcon_core.package_identification:_identify(src/mars) by extension 'ignore'
[0.313s] Level 1:colcon.colcon_core.package_identification:_identify(src/mars) by extension 'ignore_ament_install'
[0.313s] Level 1:colcon.colcon_core.package_identification:_identify(src/mars) by extensions ['colcon_pkg']
[0.313s] Level 1:colcon.colcon_core.package_identification:_identify(src/mars) by extension 'colcon_pkg'
[0.313s] Level 1:colcon.colcon_core.package_identification:_identify(src/mars) by extensions ['colcon_meta']
[0.313s] Level 1:colcon.colcon_core.package_identification:_identify(src/mars) by extension 'colcon_meta'
[0.313s] Level 1:colcon.colcon_core.package_identification:_identify(src/mars) by extensions ['ros']
[0.313s] Level 1:colcon.colcon_core.package_identification:_identify(src/mars) by extension 'ros'
[0.316s] DEBUG:colcon.colcon_core.package_identification:Package 'src/mars' with type 'ros.ament_cmake' and name 'mars'
[0.316s] Level 1:colcon.colcon_core.package_identification:_identify(src/mars_orders) by extensions ['ignore', 'ignore_ament_install']
[0.316s] Level 1:colcon.colcon_core.package_identification:_identify(src/mars_orders) by extension 'ignore'
[0.316s] Level 1:colcon.colcon_core.package_identification:_identify(src/mars_orders) by extension 'ignore_ament_install'
[0.316s] Level 1:colcon.colcon_core.package_identification:_identify(src/mars_orders) by extensions ['colcon_pkg']
[0.316s] Level 1:colcon.colcon_core.package_identification:_identify(src/mars_orders) by extension 'colcon_pkg'
[0.316s] Level 1:colcon.colcon_core.package_identification:_identify(src/mars_orders) by extensions ['colcon_meta']
[0.316s] Level 1:colcon.colcon_core.package_identification:_identify(src/mars_orders) by extension 'colcon_meta'
[0.317s] Level 1:colcon.colcon_core.package_identification:_identify(src/mars_orders) by extensions ['ros']
[0.317s] Level 1:colcon.colcon_core.package_identification:_identify(src/mars_orders) by extension 'ros'
[0.318s] DEBUG:colcon.colcon_core.package_identification:Package 'src/mars_orders' with type 'ros.ament_python' and name 'mars_orders'
[0.318s] Level 1:colcon.colcon_core.package_discovery:discover_packages(recursive) using defaults
[0.318s] Level 1:colcon.colcon_core.package_discovery:discover_packages(ignore) discover
[0.318s] Level 1:colcon.colcon_core.package_discovery:discover_packages(ignore) using defaults
[0.318s] Level 1:colcon.colcon_core.package_discovery:discover_packages(path) discover
[0.318s] Level 1:colcon.colcon_core.package_discovery:discover_packages(path) using defaults
[0.342s] Level 1:colcon.colcon_core.package_discovery:discover_packages(prefix_path) check parameters
[0.342s] Level 1:colcon.colcon_core.package_discovery:discover_packages(prefix_path) discover
[0.346s] DEBUG:colcon.colcon_installed_package_information.package_discovery:Found 390 installed packages in /opt/ros/jazzy
[0.349s] Level 1:colcon.colcon_core.package_discovery:discover_packages(prefix_path) using defaults
[0.411s] Level 5:colcon.colcon_core.verb:set package 'mars' build argument 'cmake_args' from command line to 'None'
[0.411s] Level 5:colcon.colcon_core.verb:set package 'mars' build argument 'cmake_target' from command line to 'None'
[0.411s] Level 5:colcon.colcon_core.verb:set package 'mars' build argument 'cmake_target_skip_unavailable' from command line to 'False'
[0.411s] Level 5:colcon.colcon_core.verb:set package 'mars' build argument 'cmake_clean_cache' from command line to 'False'
[0.411s] Level 5:colcon.colcon_core.verb:set package 'mars' build argument 'cmake_clean_first' from command line to 'False'
[0.411s] Level 5:colcon.colcon_core.verb:set package 'mars' build argument 'cmake_force_configure' from command line to 'False'
[0.411s] Level 5:colcon.colcon_core.verb:set package 'mars' build argument 'ament_cmake_args' from command line to 'None'
[0.411s] Level 5:colcon.colcon_core.verb:set package 'mars' build argument 'catkin_cmake_args' from command line to 'None'
[0.411s] Level 5:colcon.colcon_core.verb:set package 'mars' build argument 'catkin_skip_building_tests' from command line to 'False'
[0.411s] DEBUG:colcon.colcon_core.verb:Building package 'mars' with the following arguments: {'ament_cmake_args': None, 'build_base': '/home/harsh/ros2_ws/build/mars', 'catkin_cmake_args': None, 'catkin_skip_building_tests': False, 'cmake_args': None, 'cmake_clean_cache': False, 'cmake_clean_first': False, 'cmake_force_configure': False, 'cmake_target': None, 'cmake_target_skip_unavailable': False, 'install_base': '/home/harsh/ros2_ws/install/mars', 'merge_install': False, 'path': '/home/harsh/ros2_ws/src/mars', 'symlink_install': False, 'test_result_base': None}
[0.411s] Level 5:colcon.colcon_core.verb:set package 'mars_orders' build argument 'cmake_args' from command line to 'None'
[0.411s] Level 5:colcon.colcon_core.verb:set package 'mars_orders' build argument 'cmake_target' from command line to 'None'
[0.411s] Level 5:colcon.colcon_core.verb:set package 'mars_orders' build argument 'cmake_target_skip_unavailable' from command line to 'False'
[0.411s] Level 5:colcon.colcon_core.verb:set package 'mars_orders' build argument 'cmake_clean_cache' from command line to 'False'
[0.411s] Level 5:colcon.colcon_core.verb:set package 'mars_orders' build argument 'cmake_clean_first' from command line to 'False'
[0.411s] Level 5:colcon.colcon_core.verb:set package 'mars_orders' build argument 'cmake_force_configure' from command line to 'False'
[0.411s] Level 5:colcon.colcon_core.verb:set package 'mars_orders' build argument 'ament_cmake_args' from command line to 'None'
[0.411s] Level 5:colcon.colcon_core.verb:set package 'mars_orders' build argument 'catkin_cmake_args' from command line to 'None'
[0.411s] Level 5:colcon.colcon_core.verb:set package 'mars_orders' build argument 'catkin_skip_building_tests' from command line to 'False'
[0.411s] DEBUG:colcon.colcon_core.verb:Building package 'mars_orders' with the following arguments: {'ament_cmake_args': None, 'build_base': '/home/harsh/ros2_ws/build/mars_orders', 'catkin_cmake_args': None, 'catkin_skip_building_tests': False, 'cmake_args': None, 'cmake_clean_cache': False, 'cmake_clean_first': False, 'cmake_force_configure': False, 'cmake_target': None, 'cmake_target_skip_unavailable': False, 'install_base': '/home/harsh/ros2_ws/install/mars_orders', 'merge_install': False, 'path': '/home/harsh/ros2_ws/src/mars_orders', 'symlink_install': False, 'test_result_base': None}
[0.411s] INFO:colcon.colcon_core.executor:Executing jobs using 'parallel' executor
[0.413s] DEBUG:colcon.colcon_parallel_executor.executor.parallel:run_until_complete
[0.413s] INFO:colcon.colcon_ros.task.ament_cmake.build:Building ROS package in '/home/harsh/ros2_ws/src/mars' with build type 'ament_cmake'
[0.413s] INFO:colcon.colcon_cmake.task.cmake.build:Building CMake package in '/home/harsh/ros2_ws/src/mars'
[0.416s] INFO:colcon.colcon_core.plugin_system:Skipping extension 'colcon_core.shell.bat': Not used on non-Windows systems
[0.417s] INFO:colcon.colcon_core.shell:Skip shell extension 'powershell' for command environment: Not usable outside of PowerShell
[0.417s] DEBUG:colcon.colcon_core.shell:Skip shell extension 'dsv' for command environment
[0.423s] INFO:colcon.colcon_ros.task.ament_python.build:Building ROS package in '/home/harsh/ros2_ws/src/mars_orders' with build type 'ament_python'
[0.423s] Level 1:colcon.colcon_core.shell:create_environment_hook('mars_orders', 'ament_prefix_path')
[0.423s] INFO:colcon.colcon_core.shell:Creating environment hook '/home/harsh/ros2_ws/install/mars_orders/share/mars_orders/hook/ament_prefix_path.ps1'
[0.425s] INFO:colcon.colcon_core.shell:Creating environment descriptor '/home/harsh/ros2_ws/install/mars_orders/share/mars_orders/hook/ament_prefix_path.dsv'
[0.425s] INFO:colcon.colcon_core.shell:Creating environment hook '/home/harsh/ros2_ws/install/mars_orders/share/mars_orders/hook/ament_prefix_path.sh'
[0.426s] INFO:colcon.colcon_core.shell:Skip shell extension 'powershell' for command environment: Not usable outside of PowerShell
[0.426s] DEBUG:colcon.colcon_core.shell:Skip shell extension 'dsv' for command environment
[0.437s] DEBUG:colcon.colcon_core.event_handler.log_command:Invoking command in '/home/harsh/ros2_ws/build/mars': CMAKE_PREFIX_PATH=${CMAKE_PREFIX_PATH}:/opt/ros/jazzy DEBUGINFOD_URLS=https://debuginfod.ubuntu.com /usr/bin/cmake --build /home/harsh/ros2_ws/build/mars -- -j12 -l12
[0.793s] INFO:colcon.colcon_core.task.python.build:Building Python package in '/home/harsh/ros2_ws/src/mars_orders'
[0.794s] INFO:colcon.colcon_core.shell:Skip shell extension 'powershell' for command environment: Not usable outside of PowerShell
[0.794s] DEBUG:colcon.colcon_core.shell:Skip shell extension 'dsv' for command environment
[0.801s] DEBUG:colcon.colcon_core.event_handler.log_command:Invoked command in '/home/harsh/ros2_ws/build/mars' returned '0': CMAKE_PREFIX_PATH=${CMAKE_PREFIX_PATH}:/opt/ros/jazzy DEBUGINFOD_URLS=https://debuginfod.ubuntu.com /usr/bin/cmake --build /home/harsh/ros2_ws/build/mars -- -j12 -l12
[0.820s] DEBUG:colcon.colcon_core.event_handler.log_command:Invoking command in '/home/harsh/ros2_ws/build/mars': CMAKE_PREFIX_PATH=${CMAKE_PREFIX_PATH}:/opt/ros/jazzy DEBUGINFOD_URLS=https://debuginfod.ubuntu.com /usr/bin/cmake --install /home/harsh/ros2_ws/build/mars
[0.872s] Level 1:colcon.colcon_core.environment:create_environment_scripts_only(mars)
[0.872s] DEBUG:colcon.colcon_core.event_handler.log_command:Invoked command in '/home/harsh/ros2_ws/build/mars' returned '0': CMAKE_PREFIX_PATH=${CMAKE_PREFIX_PATH}:/opt/ros/jazzy DEBUGINFOD_URLS=https://debuginfod.ubuntu.com /usr/bin/cmake --install /home/harsh/ros2_ws/build/mars
[0.875s] Level 1:colcon.colcon_core.environment:checking '/home/harsh/ros2_ws/install/mars' for CMake module files
[0.876s] Level 1:colcon.colcon_core.environment:checking '/home/harsh/ros2_ws/install/mars' for CMake config files
[0.877s] Level 1:colcon.colcon_core.shell:create_environment_hook('mars', 'cmake_prefix_path')
[0.877s] INFO:colcon.colcon_core.shell:Creating environment hook '/home/harsh/ros2_ws/install/mars/share/mars/hook/cmake_prefix_path.ps1'
[0.878s] INFO:colcon.colcon_core.shell:Creating environment descriptor '/home/harsh/ros2_ws/install/mars/share/mars/hook/cmake_prefix_path.dsv'
[0.879s] INFO:colcon.colcon_core.shell:Creating environment hook '/home/harsh/ros2_ws/install/mars/share/mars/hook/cmake_prefix_path.sh'
[0.880s] Level 1:colcon.colcon_core.environment:checking '/home/harsh/ros2_ws/install/mars/bin'
[0.880s] Level 1:colcon.colcon_core.environment:checking '/home/harsh/ros2_ws/install/mars/lib/pkgconfig/mars.pc'
[0.880s] Level 1:colcon.colcon_core.environment:checking '/home/harsh/ros2_ws/install/mars/lib/python3.12/site-packages'
[0.881s] Level 1:colcon.colcon_core.environment:checking '/home/harsh/ros2_ws/install/mars/bin'
[0.881s] INFO:colcon.colcon_core.shell:Creating package script '/home/harsh/ros2_ws/install/mars/share/mars/package.ps1'
[0.882s] INFO:colcon.colcon_core.shell:Creating package descriptor '/home/harsh/ros2_ws/install/mars/share/mars/package.dsv'
[0.883s] INFO:colcon.colcon_core.shell:Creating package script '/home/harsh/ros2_ws/install/mars/share/mars/package.sh'
[0.884s] INFO:colcon.colcon_core.shell:Creating package script '/home/harsh/ros2_ws/install/mars/share/mars/package.bash'
[0.885s] INFO:colcon.colcon_core.shell:Creating package script '/home/harsh/ros2_ws/install/mars/share/mars/package.zsh'
[0.886s] Level 1:colcon.colcon_core.environment:create_file_with_runtime_dependencies(/home/harsh/ros2_ws/install/mars/share/colcon-core/packages/mars)
[0.887s] Level 1:colcon.colcon_core.environment:create_environment_scripts_only(mars)
[0.887s] Level 1:colcon.colcon_core.environment:checking '/home/harsh/ros2_ws/install/mars' for CMake module files
[0.888s] Level 1:colcon.colcon_core.environment:checking '/home/harsh/ros2_ws/install/mars' for CMake config files
[0.888s] Level 1:colcon.colcon_core.shell:create_environment_hook('mars', 'cmake_prefix_path')
[0.889s] INFO:colcon.colcon_core.shell:Creating environment hook '/home/harsh/ros2_ws/install/mars/share/mars/hook/cmake_prefix_path.ps1'
[0.889s] INFO:colcon.colcon_core.shell:Creating environment descriptor '/home/harsh/ros2_ws/install/mars/share/mars/hook/cmake_prefix_path.dsv'
[0.890s] INFO:colcon.colcon_core.shell:Creating environment hook '/home/harsh/ros2_ws/install/mars/share/mars/hook/cmake_prefix_path.sh'
[0.891s] Level 1:colcon.colcon_core.environment:checking '/home/harsh/ros2_ws/install/mars/bin'
[0.891s] Level 1:colcon.colcon_core.environment:checking '/home/harsh/ros2_ws/install/mars/lib/pkgconfig/mars.pc'
[0.891s] Level 1:colcon.colcon_core.environment:checking '/home/harsh/ros2_ws/install/mars/lib/python3.12/site-packages'
[0.892s] Level 1:colcon.colcon_core.environment:checking '/home/harsh/ros2_ws/install/mars/bin'
[0.892s] INFO:colcon.colcon_core.shell:Creating package script '/home/harsh/ros2_ws/install/mars/share/mars/package.ps1'
[0.893s] INFO:colcon.colcon_core.shell:Creating package descriptor '/home/harsh/ros2_ws/install/mars/share/mars/package.dsv'
[0.894s] INFO:colcon.colcon_core.shell:Creating package script '/home/harsh/ros2_ws/install/mars/share/mars/package.sh'
[0.894s] INFO:colcon.colcon_core.shell:Creating package script '/home/harsh/ros2_ws/install/mars/share/mars/package.bash'
[0.895s] INFO:colcon.colcon_core.shell:Creating package script '/home/harsh/ros2_ws/install/mars/share/mars/package.zsh'
[0.895s] Level 1:colcon.colcon_core.environment:create_file_with_runtime_dependencies(/home/harsh/ros2_ws/install/mars/share/colcon-core/packages/mars)
[5.744s] DEBUG:colcon.colcon_core.task.python.build:Available setuptools commands: bdist_rpm, compile_catalog, install_lib, bdist, init_catalog, test, install_headers, update_catalog, upload, upload_docs, build_ext, build, build_clib, install_scripts, install, saveopts, editable_wheel, build_py, clean, check, extract_messages, install_data, dist_info, rotate, build_scripts, symlink_data, install_egg_info, bdist_dumb, alias, easy_install, bdist_egg, develop, sdist, setopt, egg_info, register, bdist_wheel
[5.749s] DEBUG:colcon.colcon_core.event_handler.log_command:Invoking command in '/home/harsh/ros2_ws/src/mars_orders': DEBUGINFOD_URLS=https://debuginfod.ubuntu.com PYTHONPATH=/home/harsh/ros2_ws/build/mars_orders/prefix_override:/usr/lib/python3/dist-packages/colcon_core/task/python/colcon_distutils_commands:/home/harsh/ros2_ws/install/mars_orders/lib/python3.12/site-packages:${PYTHONPATH} /usr/bin/python3 -W ignore:setup.py install is deprecated -W ignore:easy_install command is deprecated setup.py egg_info --egg-base ../../build/mars_orders build --build-base /home/harsh/ros2_ws/build/mars_orders/build install --record /home/harsh/ros2_ws/build/mars_orders/install.log --install-scripts $base/lib/mars_orders --single-version-externally-managed install_data
[6.524s] Level 1:colcon.colcon_core.environment:checking '/home/harsh/ros2_ws/install/mars_orders' for CMake module files
[6.525s] DEBUG:colcon.colcon_core.event_handler.log_command:Invoked command in '/home/harsh/ros2_ws/src/mars_orders' returned '0': DEBUGINFOD_URLS=https://debuginfod.ubuntu.com PYTHONPATH=/home/harsh/ros2_ws/build/mars_orders/prefix_override:/usr/lib/python3/dist-packages/colcon_core/task/python/colcon_distutils_commands:/home/harsh/ros2_ws/install/mars_orders/lib/python3.12/site-packages:${PYTHONPATH} /usr/bin/python3 -W ignore:setup.py install is deprecated -W ignore:easy_install command is deprecated setup.py egg_info --egg-base ../../build/mars_orders build --build-base /home/harsh/ros2_ws/build/mars_orders/build install --record /home/harsh/ros2_ws/build/mars_orders/install.log --install-scripts $base/lib/mars_orders --single-version-externally-managed install_data
[6.526s] Level 1:colcon.colcon_core.environment:checking '/home/harsh/ros2_ws/install/mars_orders' for CMake config files
[6.528s] Level 1:colcon.colcon_core.environment:checking '/home/harsh/ros2_ws/install/mars_orders/lib'
[6.528s] Level 1:colcon.colcon_core.environment:checking '/home/harsh/ros2_ws/install/mars_orders/bin'
[6.529s] Level 1:colcon.colcon_core.environment:checking '/home/harsh/ros2_ws/install/mars_orders/lib/pkgconfig/mars_orders.pc'
[6.529s] Level 1:colcon.colcon_core.environment:checking '/home/harsh/ros2_ws/install/mars_orders/lib/python3.12/site-packages'
[6.529s] Level 1:colcon.colcon_core.shell:create_environment_hook('mars_orders', 'pythonpath')
[6.529s] INFO:colcon.colcon_core.shell:Creating environment hook '/home/harsh/ros2_ws/install/mars_orders/share/mars_orders/hook/pythonpath.ps1'
[6.530s] INFO:colcon.colcon_core.shell:Creating environment descriptor '/home/harsh/ros2_ws/install/mars_orders/share/mars_orders/hook/pythonpath.dsv'
[6.531s] INFO:colcon.colcon_core.shell:Creating environment hook '/home/harsh/ros2_ws/install/mars_orders/share/mars_orders/hook/pythonpath.sh'
[6.531s] Level 1:colcon.colcon_core.environment:checking '/home/harsh/ros2_ws/install/mars_orders/bin'
[6.532s] Level 1:colcon.colcon_core.environment:create_environment_scripts_only(mars_orders)
[6.532s] INFO:colcon.colcon_core.shell:Creating package script '/home/harsh/ros2_ws/install/mars_orders/share/mars_orders/package.ps1'
[6.532s] INFO:colcon.colcon_core.shell:Creating package descriptor '/home/harsh/ros2_ws/install/mars_orders/share/mars_orders/package.dsv'
[6.533s] INFO:colcon.colcon_core.shell:Creating package script '/home/harsh/ros2_ws/install/mars_orders/share/mars_orders/package.sh'
[6.534s] INFO:colcon.colcon_core.shell:Creating package script '/home/harsh/ros2_ws/install/mars_orders/share/mars_orders/package.bash'
[6.534s] INFO:colcon.colcon_core.shell:Creating package script '/home/harsh/ros2_ws/install/mars_orders/share/mars_orders/package.zsh'
[6.534s] Level 1:colcon.colcon_core.environment:create_file_with_runtime_dependencies(/home/harsh/ros2_ws/install/mars_orders/share/colcon-core/packages/mars_orders)
[6.535s] DEBUG:colcon.colcon_parallel_executor.executor.parallel:closing loop
[6.535s] DEBUG:colcon.colcon_parallel_executor.executor.parallel:loop closed
[6.535s] DEBUG:colcon.colcon_parallel_executor.executor.parallel:run_until_complete finished with '0'
[6.535s] DEBUG:colcon.colcon_core.event_reactor:joining thread
[6.545s] INFO:colcon.colcon_core.plugin_system:Skipping extension 'colcon_notification.desktop_notification.terminal_notifier': Not used on non-Darwin systems
[6.546s] INFO:colcon.colcon_core.plugin_system:Skipping extension 'colcon_notification.desktop_notification.win32': Not used on non-Windows systems
[6.546s] INFO:colcon.colcon_notification.desktop_notification:Sending desktop notification using 'notify2'
[6.565s] DEBUG:colcon.colcon_core.event_reactor:joined thread
[6.566s] INFO:colcon.colcon_core.shell:Creating prefix script '/home/harsh/ros2_ws/install/local_setup.ps1'
[6.567s] INFO:colcon.colcon_core.shell:Creating prefix util module '/home/harsh/ros2_ws/install/_local_setup_util_ps1.py'
[6.568s] INFO:colcon.colcon_core.shell:Creating prefix chain script '/home/harsh/ros2_ws/install/setup.ps1'
[6.570s] INFO:colcon.colcon_core.shell:Creating prefix script '/home/harsh/ros2_ws/install/local_setup.sh'
[6.570s] INFO:colcon.colcon_core.shell:Creating prefix util module '/home/harsh/ros2_ws/install/_local_setup_util_sh.py'
[6.571s] INFO:colcon.colcon_core.shell:Creating prefix chain script '/home/harsh/ros2_ws/install/setup.sh'
[6.572s] INFO:colcon.colcon_core.shell:Creating prefix script '/home/harsh/ros2_ws/install/local_setup.bash'
[6.573s] INFO:colcon.colcon_core.shell:Creating prefix chain script '/home/harsh/ros2_ws/install/setup.bash'
[6.574s] INFO:colcon.colcon_core.shell:Creating prefix script '/home/harsh/ros2_ws/install/local_setup.zsh'
[6.575s] INFO:colcon.colcon_core.shell:Creating prefix chain script '/home/harsh/ros2_ws/install/setup.zsh'
